Organization,Category,Street Address,City,State,Zip Code,Latitude,Longitude,Phone Number,Status,Free Services,Paid Services,Monday,Tuesday,Wednesday,Thursday,Friday,Saturday,Sunday
Community Center (The Salvation Army of Santa Monica),Food Bank,"1533 4th St, Santa Monica",Los Angeles,CA,90401,34.014525,-118.49246,310-451-1358,Open,"food pantry, recreation, support network, one-on-one support, spiritual support",,11:00 AM - 00:00 AM,11:00 AM - 00:00 AM,11:00 AM - 00:00 AM,11:00 AM - 00:00 AM,12:00 PM - 20:00 PM,11:00 AM - 20:00 PM,Closed
Tuesday Food Pantry (Valley Food Bank),Food Bank,7722 Kester Avenue,Los Angeles,CA,91405,34.2109474,-118.45715,818-781-4156,Open,food pantry,,11:00 AM - 20:00 PM,11:00 AM - 20:00 PM,11:00 AM - 20:00 PM,11:00 AM - 20:00 PM,11:00 AM - 20:00 PM,Closed,Closed
Wednesday Food Pantry 1 (Valley Food Bank),Food Bank,8767 Woodman Ave,Los Angeles,CA,91331,,,,Open,food pantry,,11:00 AM - 20:00 PM,11:00 AM - 20:00 PM,11:00 AM - 20:00 PM,11:00 AM - 20:00 PM,11:00 AM - 20:00 PM,Closed,Closed
Wednesday Food Pantry 2 (Valley Food Bank),Food Bank,18120 Saticoy St,Los Angeles,CA,91335,,,,Open,food pantry,,11:00 AM - 20:00 PM,11:00 AM - 20:00 PM,11:00 AM - 20:00 PM,11:00 AM - 20:00 PM,11:00 AM - 20:00 PM,Closed,Closed
Wednesday Food Pantry 3 (Valley Food Bank),Food Bank,16514 Nordhoff St,Los Angeles,CA,91343,,,818-894-9316,Open,food pantry,,10:00 AM - 23:00 PM,10:00 AM - 23:00 PM,10:00 AM - 23:00 PM,10:00 AM - 23:00 PM,10:00 AM - 23:00 PM,12:00 PM - 19:00 PM,Closed
Thursday Food Pantry 1 (Valley Food Bank),Food Bank,8856 Kester Avenue,Los Angeles,CA,91402,,,,Open,food pantry,,11:00 AM - 20:00 PM,11:00 AM - 20:00 PM,11:00 AM - 20:00 PM,11:00 AM - 20:00 PM,11:00 AM - 20:00 PM,Closed,Closed
Thursday Food Pantry 2 (Valley Food Bank),Food Bank,13550 Herron St,Los Angeles,CA,91342,,,,Open,food pantry,,11:00 AM - 20:00 PM,11:00 AM - 20:00 PM,11:00 AM - 20:00 PM,11:00 AM - 20:00 PM,11:00 AM - 20:00 PM,Closed,Closed
Friday Food Pantry (Valley Food Bank),Food Bank,"622 N. Maclay Ave, San Fernando",Los Angeles,CA,93140,,,818-403-6432,Open,food pantry,,11:00 AM - 20:00 PM,11:00 AM - 20:00 PM,11:00 AM - 20:00 PM,11:00 AM - 20:00 PM,11:00 AM - 20:00 PM,Closed,Closed
Saturday Food Pantry (Valley Food Bank),Food Bank,9666 Foothill Place,Los Angeles,CA,91342,,,818-398-6232,Open,food pantry,,11:00 AM - 20:00 PM,11:00 AM - 20:00 PM,11:00 AM - 20:00 PM,11:00 AM - 20:00 PM,11:00 AM - 20:00 PM,Closed,Closed
Emergency Assistance (East San Gabriel Valley Coalition for the Homeless (ESGVCH)),Food Bank,"15701 Hill Street, La Puente",Los Angeles,CA,91744,34.0263535,-117.95076,626-333-7204,Open,"help pay for housing, food pantry, meals, bus passes, personal hygiene, counseling, navigating the system, one-on-one support, advocacy & legal aid",,11:00 AM - 20:00 PM,11:00 AM - 20:00 PM,11:00 AM - 20:00 PM,11:00 AM - 20:00 PM,11:00 AM - 20:00 PM,Closed,Closed
Food Pantry West Covina (Gods Pantry),Food Bank,"1016 Cypress Street, Covina",Los Angeles,CA,91722,34.0947012,-117.90973,,Open,food pantry,,11:00 AM - 20:00 PM,11:00 AM - 20:00 PM,11:00 AM - 20:00 PM,11:00 AM - 20:00 PM,11:00 AM - 20:00 PM,Closed,Closed
Food Pantry Pomona (Gods Pantry),Food Bank,"250 E. Center St, Pomona",Los Angeles,CA,91767,,,909-766-8038,Open,food pantry,,11:00 AM - 20:00 PM,11:00 AM - 20:00 PM,11:00 AM - 20:00 PM,11:00 AM - 20:00 PM,11:00 AM - 20:00 PM,Closed,Closed
Emergency Food Pantry (Loaves And Fishes),Food Bank,"4322 San Fernando Rd #2522, Glendale",Los Angeles,CA,91204,,,213-318-5707,Open,"emergency food, food pantry",,11:00 AM - 19:00 PM,11:00 AM - 19:00 PM,11:00 AM - 19:00 PM,11:00 AM - 19:00 PM,11:00 AM - 19:00 PM,Closed,Closed
Food Pantry (Testimonial Community Love Center),Food Bank,5721 South Western Avenue,Los Angeles,CA,90062,33.9901793,-118.30946,323-291-6753,Open,food pantry,,Closed,Closed,17:30 PM - 19:00 PM,Closed,Closed,Closed,Closed
Food Pantry (Christ The Good Shepherd Episcopal Church),Food Bank,3303 West Vernon Avenue,Los Angeles,CA,90008,34.0041966,-118.32962,323-295-4139,Open,food pantry,,Closed,Closed,Closed,Closed,Closed,Closed,Closed
Food Pantry (Bread of Life Foursquare Church),Food Bank,5179 Washington Boulevard,Los Angeles,CA,90016,34.0414774,-118.35362,323-939-4716,Open,food pantry,,11:00 AM - 20:00 PM,11:00 AM - 20:00 PM,11:00 AM - 20:00 PM,11:00 AM - 20:00 PM,11:00 AM - 20:00 PM,Closed,Closed
Family Source Center Food Pantry (El Nido Family Centers),Food Bank,2069 West Slauson Avenue,Los Angeles,CA,90047,33.9894075,-118.31574,323-998-0093,Open,"food pantry, parenting education, counseling, tax preparation, community support services, exercise & fitness, recreation, help fill out forms, more education, tutoring, youth development, help find work, skills & training, advocacy & legal aid, case management",,11:00 AM - 20:00 PM,11:00 AM - 20:00 PM,11:00 AM - 20:00 PM,11:00 AM - 20:00 PM,11:00 AM - 20:00 PM,Closed,Closed
Food Distribution (Turning Point),Food Bank,"3756 Santa Rosalia Drive, Suite 617",Los Angeles,CA,90008,34.0088401,-118.33921,323-296-1840,Open,food pantry,,11:00 AM - 20:00 PM,11:00 AM - 20:00 PM,11:00 AM - 20:00 PM,11:00 AM - 20:00 PM,11:00 AM - 20:00 PM,3:00 AM - 4:00 AM,3:00 AM - 4:00 AM
NOLP Food Pantry 1 (AIDS Project Los Angeles (APLA) Health),Food Bank,611 South Kingsley Drive,Los Angeles,CA,90005,34.0630741,-118.30313,213-201-1600,Open,"food pantry, nutrition education, personal care items, one-on-one support",,11:30 AM - 20:30 PM,11:30 AM - 20:30 PM,11:30 AM - 20:30 PM,11:30 AM - 20:30 PM,11:30 AM - 20:30 PM,11:30 AM - 19:00 PM,11:30 AM - 19:00 PM
NOLP Food Pantry 2 (AIDS Project Los Angeles (APLA) Health),Food Bank,"7531 Santa Monica Blvd, West Hollywood",Los Angeles,CA,90046,,,323-988-1400,Open,"food pantry, nutrition education, personal care items, one-on-one support",,14:00 PM - 20:00 PM,16:00 PM - 20:00 PM,16:00 PM - 20:00 PM,14:00 PM - 20:00 PM,14:00 PM - 20:00 PM,Closed,Closed
NOLP Food Pantry 3 (AIDS Project Los Angeles (APLA) Health),Food Bank,1679 E. 120th St,Los Angeles,CA,90059,,,323-329-9700,Open,"food pantry, nutrition education, personal care items, one-on-one support",,11:00 AM - 20:00 PM,11:00 AM - 20:00 PM,11:00 AM - 20:00 PM,11:00 AM - 20:00 PM,11:00 AM - 20:00 PM,Closed,Closed
Food Pantry (Del Rey Church (DRC)),Food Bank,8505 Saran Drive,Los Angeles,CA,90293,33.9608132,-118.43288,310-823-4275,Open,food pantry,,0:00 AM - 11:59 PM,0:00 AM - 11:59 PM,0:00 AM - 11:59 PM,0:00 AM - 11:59 PM,0:00 AM - 11:59 PM,0:00 AM - 11:59 PM,0:00 AM - 11:59 PM
Support Services - Homeless Outreach (Bright Path Center),Food Bank,5800 South Eastern Avenue,Los Angeles,CA,90040,33.9853955,-118.16146,,Open,"food pantry, help find housing, clothing, personal hygiene, navigating the system",,8:00 AM - 17:00 PM,8:00 AM - 17:00 PM,8:00 AM - 17:00 PM,8:00 AM - 17:00 PM,8:00 AM - 17:00 PM,Closed,Closed
Food Truck 1 (The Dream Center),Food Bank,293 Cardinal Street,Los Angeles,CA,90012,,,213-273-7042,Open,food pantry,,9:00 AM - 18:00 PM,9:00 AM - 18:00 PM,9:00 AM - 18:00 PM,9:00 AM - 18:00 PM,9:00 AM - 18:00 PM,Closed,Closed
Food Truck 2 (The Dream Center),Food Bank,1337 W 5th St,Los Angeles,CA,90017,,,213-273-7042,Open,food pantry,,Closed,Closed,Closed,22:00 PM - 00:00 AM,Closed,Closed,Closed
Food and Clothing Giveaways (Stay Free Ministries Outreach),Food Bank,,Los Angeles,CA,,,,,Open,"food pantry, clothing",,0:00 AM - 11:59 PM,0:00 AM - 11:59 PM,0:00 AM - 11:59 PM,0:00 AM - 11:59 PM,0:00 AM - 11:59 PM,0:00 AM - 11:59 PM,0:00 AM - 11:59 PM
Thursday Food Bank (Central City Neighborhood Partners),Food Bank,501 South Bixel Street,Los Angeles,CA,90017,34.0548809,-118.26182,213-482-8618,Open,food pantry,,9:00 AM - 18:00 PM,9:00 AM - 18:00 PM,9:00 AM - 18:00 PM,9:00 AM - 18:00 PM,9:00 AM - 18:00 PM,Closed,Closed
Food Pantry (World Harvest Food Bank),Food Bank,3100 Venice Boulevard,Los Angeles,CA,90019,34.0432466,-118.31811,213-746-2227,Open,,food pantry,12:00 PM - 20:00 PM,12:00 PM - 20:00 PM,12:00 PM - 20:00 PM,12:00 PM - 20:00 PM,12:00 PM - 20:00 PM,Closed,Closed
"Emergency Assistance Canoga Park (Catholic Charities of Los Angeles, Inc.)",Food Bank,"21600 Hart Street, Canoga Park",Los Angeles,CA,91303,,,213-251-3549,Open,"emergency payments, help pay for housing, help pay for utilities, emergency food, food pantry, diapers & formula, clothing, transportation, help find healthcare, navigating the system",,11:00 AM - 20:00 PM,11:00 AM - 20:00 PM,11:00 AM - 20:00 PM,11:00 AM - 20:00 PM,11:00 AM - 20:00 PM,Closed,Closed
"Emergency Assistance El Monte (Catholic Charities of Los Angeles, Inc.)",Food Bank,"4171 North Tyler Ave, El Monte",Los Angeles,CA,91731,,,626-575-7652,Open,"emergency payments, help pay for housing, help pay for utilities, emergency food, food pantry, diapers & formula, clothing, transportation, help find healthcare, navigating the system",,11:00 AM - 20:00 PM,11:00 AM - 20:00 PM,11:00 AM - 20:00 PM,11:00 AM - 20:00 PM,11:00 AM - 20:00 PM,Closed,Closed
Food Pantry Services (Help Me Help You),Food Bank,,Los Angeles,CA,,,,562-612-5001,Open,"emergency food, food pantry, navigating the system, support network",,Closed,Closed,Closed,Closed,11:00 AM - 16:30 PM,Closed,Closed
Food Pantry (Toberman Neighborhood Center),Food Bank,131 North Grand Avenue,Los Angeles,CA,90731,33.7438507,-118.29031,310-832-1145,Open,food pantry,,0:00 AM - 11:59 PM,0:00 AM - 11:59 PM,0:00 AM - 11:59 PM,0:00 AM - 11:59 PM,0:00 AM - 11:59 PM,0:00 AM - 11:59 PM,0:00 AM - 11:59 PM
FISH of West Valley Community Resource Center (Congregational Church of Chatsworth),Food Bank,20440 Lassen Street,Los Angeles,CA,91311,34.2496062,-118.57886,818-280-9463,Open,"food pantry, emergency food, help find missing persons, baby supplies, clothing, home goods, medical supplies, personal safety, toys & gifts, personal hygiene, help find healthcare, counseling, animal welfare, support network, preschool, translation & interpretation",,11:30 AM - 20:30 PM,11:30 AM - 22:00 PM,11:30 AM - 20:00 PM,11:30 AM - 20:00 PM,11:30 AM - 20:00 PM,12:00 PM - 18:00 PM,Closed
"Family Food Program Monrovia (Foothill Unity Center, Inc.)",Food Bank,"790 West Chestnut Avenue, Monrovia",Los Angeles,CA,91016,34.1422118,-118.01577,626-358-3486,Open,"food delivery, food pantry",,11:00 AM - 20:00 PM,11:00 AM - 20:00 PM,11:00 AM - 20:00 PM,11:00 AM - 20:00 PM,11:00 AM - 20:00 PM,Closed,Closed
"Family Food Program Pasadena (Foothill Unity Center, Inc.)",Food Bank,"191 North Oak Avenue, Pasadena",Los Angeles,CA,91107,,,626-584-7420,Open,"food delivery, food pantry",,11:00 AM - 23:00 PM,11:00 AM - 23:00 PM,11:00 AM - 23:00 PM,11:00 AM - 23:00 PM,11:00 AM - 20:00 PM,Closed,Closed
HopeNet Food Pantry (LA First Church of the Nazarene),Food Bank,3401 West 3rd Street,Los Angeles,CA,90020,34.0691996,-118.28995,213-385-6345,Open,food pantry,,11:00 AM - 21:00 PM,11:00 AM - 21:00 PM,11:00 AM - 21:00 PM,11:00 AM - 21:00 PM,Closed,Closed,Closed
Food Pantry (Aaron Community Cultural Center (ACCC)),Food Bank,1010 West 108th Street,Los Angeles,CA,90044,33.9379124,-118.29252,800-527-4184,Open,food pantry,,11:00 AM - 21:00 PM,11:00 AM - 21:00 PM,11:00 AM - 21:00 PM,11:00 AM - 21:00 PM,Closed,Closed,Closed
The Village (Im A Movement Not A Monument),Food Bank,,Los Angeles,CA,,,,310-493-8607,Open,"food pantry, clothing, personal care items",,8:00 AM - 20:00 PM,8:00 AM - 20:00 PM,8:00 AM - 20:00 PM,8:00 AM - 20:00 PM,8:00 AM - 20:00 PM,Closed,Closed
Homeless Outreach Program (My Friends House LA),Food Bank,540 San Pedro Street,Los Angeles,CA,90013,34.0430545,-118.24435,213-537-0105,Open,"food pantry, clothing, personal care items, spiritual support",,11:00 AM - 20:00 PM,Closed,Closed,Closed,Closed,Closed,Closed
Pantry Services (St. Francis Center (SFC)),Food Bank,1835 South Hope Street,Los Angeles,CA,90015,,,213-747-5347,Open,food pantry,,11:00 AM - 20:00 PM,11:00 AM - 20:00 PM,11:00 AM - 20:00 PM,11:00 AM - 20:00 PM,11:00 AM - 20:00 PM,Closed,Closed
Food Pantry Locator (Los Angeles Regional Food Bank),Food Bank,1734 East 41st Street,Los Angeles,CA,90058,,,323-234-3030,Open,"emergency food, food pantry, navigating the system",,9:00 AM - 18:00 PM,9:00 AM - 18:00 PM,9:00 AM - 18:00 PM,9:00 AM - 18:00 PM,9:00 AM - 18:00 PM,Closed,Closed
Food Pantry (North Valley Caring Services (NVCS)),Food Bank,15453 Rayen Street,Los Angeles,CA,91343,34.2322081,-118.46913,818-891-0481,Open,food pantry,,22:00 PM - 23:00 PM,Closed,Closed,Closed,Closed,Closed,Closed
Food Pantry (Salvation Army Southern California - Inglewood Citadel Corps),Food Bank,"324 E Queen St, Inglewood",Los Angeles,CA,90301,33.9626964,-118.35087,310-677-3375,Open,"emergency food, food pantry",,8:00 AM - 17:00 PM,8:00 AM - 17:00 PM,8:00 AM - 17:00 PM,8:00 AM - 17:00 PM,8:00 AM - 17:00 PM,Closed,Closed
Food Pantry (Bienestar),Food Bank,5326 East Beverly Boulevard,Los Angeles,CA,90022,34.0300336,-118.15062,866-590-6411,Open,"emergency food, food pantry, personal care items",,11:00 AM - 20:00 PM,11:00 AM - 20:00 PM,11:00 AM - 20:00 PM,11:00 AM - 20:00 PM,11:00 AM - 20:00 PM,Closed,Closed
Food Pantry (Faith Tabernacle Church of West Lost Angeles),Food Bank,2147 Purdue Avenue,Los Angeles,CA,90025,34.0370721,-118.44367,,Open,food pantry,,12:00 PM - 20:00 PM,12:00 PM - 20:00 PM,12:00 PM - 20:00 PM,12:00 PM - 20:00 PM,Closed,Closed,Closed
Food Distribution Saturday 1 (Champions Of Caring Connections),Food Bank,8204 S Avalon Boulevard,Los Angeles,CA,90003,33.9645246,-118.26483,310-635-9536,Open,food pantry,,9:00 AM - 18:00 PM,9:00 AM - 18:00 PM,9:00 AM - 18:00 PM,9:00 AM - 18:00 PM,9:00 AM - 18:00 PM,Closed,Closed
Food Distribution Saturday 2 (Champions Of Caring Connections),Food Bank,"1019 N Harris Avenue, Compton",Los Angeles,CA,90221,,,310-635-9536,Open,food pantry,,12:00 PM - 20:00 PM,12:00 PM - 20:00 PM,12:00 PM - 20:00 PM,12:00 PM - 20:00 PM,Closed,Closed,Closed
Food Distribution Saturday 3 (Champions Of Caring Connections),Food Bank,"4323 E Rosecrans Avenue, Compton",Los Angeles,CA,90221,,,310-635-9536,Open,food pantry,,13:00 PM - 22:00 PM,13:00 PM - 22:00 PM,13:00 PM - 22:00 PM,13:00 PM - 22:00 PM,13:00 PM - 22:00 PM,Closed,Closed
Food Distribution Saturday 4 (Champions Of Caring Connections),Food Bank,"1601 E Alondra Blvd, Compton",Los Angeles,CA,90221,,,310-635-9536,Open,food pantry,,11:00 AM - 20:00 PM,11:00 AM - 20:00 PM,11:00 AM - 20:00 PM,11:00 AM - 20:00 PM,11:00 AM - 20:00 PM,Closed,Closed
Food Distribution Wednesday 1 (Champions Of Caring Connections),Food Bank,"1728 E Compton Blvd, Compton",Los Angeles,CA,90221,,,310-635-9536,Open,food pantry,,11:00 AM - 20:00 PM,11:00 AM - 20:00 PM,11:00 AM - 20:00 PM,11:00 AM - 20:00 PM,11:00 AM - 20:00 PM,Closed,Closed
Food Distribution Wednesday 2 (Champions Of Caring Connections),Food Bank,333 E 79th Street,Los Angeles,CA,90003,,,310-635-9536,Open,food pantry,,11:00 AM - 22:00 PM,11:00 AM - 22:00 PM,11:00 AM - 22:00 PM,11:00 AM - 22:00 PM,11:00 AM - 22:00 PM,Closed,Closed
Food Distribution Wednesday 3 (Champions Of Caring Connections),Food Bank,11328 S Central Ave,Los Angeles,CA,90059,,,310-635-9536,Open,food pantry,,11:00 AM - 20:00 PM,11:00 AM - 20:00 PM,11:00 AM - 20:00 PM,11:00 AM - 20:00 PM,11:00 AM - 20:00 PM,Closed,Closed
Pop-Up Pantries (Westside Food Bank),Food Bank,,Los Angeles,CA,,,,,Open,food pantry,,11:00 AM - 20:00 PM,11:00 AM - 20:00 PM,11:00 AM - 20:00 PM,11:00 AM - 20:00 PM,11:00 AM - 20:00 PM,Closed,Closed
Food Pantry (St Johns Cathedral),Food Bank,514 West Adams Boulevard,Los Angeles,CA,90007,34.0274558,-118.27559,213-747-6285,Open,food pantry,,11:00 AM - 20:00 PM,11:00 AM - 20:00 PM,11:00 AM - 20:00 PM,11:00 AM - 20:00 PM,11:00 AM - 20:00 PM,Closed,Closed
Food Pantry (Family Health Care Resources (FHCR)),Food Bank,3444 Whittier Boulevard,Los Angeles,CA,90023,34.0269177,-118.19969,213-703-6295,Open,food pantry,,13:00 PM - 21:00 PM,13:00 PM - 21:00 PM,13:00 PM - 21:00 PM,13:00 PM - 21:00 PM,13:00 PM - 20:00 PM,14:00 PM - 20:00 PM,14:00 PM - 20:00 PM
Food Pantry (Founders Metropolitan Community Church (MCC)),Food Bank,4607 Prospect Avenue,Los Angeles,CA,90027,34.1020873,-118.2898,323-669-3434,Open,food pantry,,11:30 AM - 20:00 PM,11:30 AM - 20:00 PM,11:30 AM - 20:00 PM,11:30 AM - 20:00 PM,11:30 AM - 20:00 PM,Closed,Closed
Food Pantry (Wilshire Presbyterian Church) ,Food Bank,309 S Oxford Ave,Los Angeles,CA,90020,,,213-387-5387,Open,food pantry,,12:00 PM - 20:00 PM,12:00 PM - 20:00 PM,12:00 PM - 20:00 PM,12:00 PM - 20:00 PM,12:00 PM - 20:00 PM,Closed,Closed
Food Pantry (St. James Episcopal Church),Food Bank,3903 Wilshire Boulevard,Los Angeles,CA,90010,34.062041,-118.31208,213-388-3417,Open,food pantry,,11:00 AM - 20:00 PM,11:00 AM - 20:00 PM,11:00 AM - 20:00 PM,11:00 AM - 20:00 PM,11:00 AM - 20:00 PM,Closed,Closed
"Food Distribution Program (Prep Ed Programs, Inc.)",Food Bank,,Los Angeles,CA,,,,562-270-4833,Open,food pantry,,11:00 AM - 20:00 PM,11:00 AM - 20:00 PM,11:00 AM - 20:00 PM,11:00 AM - 20:00 PM,11:00 AM - 20:00 PM,Closed,Closed
Food Pantry (Holman United Methodist Church),Food Bank,3320 West Adams Boulevard,Los Angeles,CA,90018,34.0314207,-118.32108,,Temporarily closed,food pantry,,11:00 AM - 20:00 PM,11:00 AM - 20:00 PM,11:00 AM - 20:00 PM,11:00 AM - 20:00 PM,11:00 AM - 20:00 PM,Closed,Closed
Food Pantry (Hawaiian Gardens Food Bank),Food Bank,"22121 Norwalk Boulevard, Hawaiian Gardens",Los Angeles,CA,90716,,,562-425-4001,Open,food pantry,,12:00 PM - 20:30 PM,12:00 PM - 20:30 PM,12:00 PM - 20:30 PM,12:00 PM - 20:30 PM,12:00 PM - 20:30 PM,Closed,Closed
Food Pantry 1 (Shepherds Pantry),Food Bank,"657 E Arrow Highway, Glendora",Los Angeles,CA,91740,,,626-852-7630,Open,"food pantry, baby supplies",,10:30 AM - 20:00 PM,10:30 AM - 20:00 PM,10:30 AM - 20:00 PM,10:30 AM - 20:00 PM,11:30 AM - 20:00 PM,Closed,Closed
Food Pantry 2 (Shepherd’s Pantry),Food Bank,"1418 Arrow Highway, Irwindale",Los Angeles,CA,91706,,,626-305-392,Open,"food pantry, baby supplies",,11:30 AM - 20:00 PM,11:30 AM - 20:00 PM,11:30 AM - 20:00 PM,11:30 AM - 20:00 PM,11:30 AM - 20:00 PM,Closed,Closed
Food Pantry (Elim Community Food Pantry),Food Bank,"550 South Hollenbeck Avenue, Covina",Los Angeles,CA,91723,34.0800111,-117.89859,626-915-5300,Open,food pantry,,11:00 AM - 20:00 PM,11:00 AM - 20:00 PM,11:00 AM - 20:00 PM,11:00 AM - 20:00 PM,11:00 AM - 20:00 PM,Closed,Closed
Valley Crossroads Pantry and Boutique (Valley Crossroads Seventh-Day Adventist Church),Food Bank,11350 Glenoaks Boulevard,Los Angeles,CA,91331,34.2772051,-118.41485,818-896-4488,Open,"disaster response, food pantry, baby supplies, clothing, personal care items",,11:00 AM - 20:00 PM,11:00 AM - 20:00 PM,11:00 AM - 20:00 PM,11:00 AM - 20:00 PM,11:00 AM - 20:00 PM,Closed,Closed
Vida Sana (Pico Union Project),Food Bank,1153 Valencia Street,Los Angeles,CA,90015,34.0457102,-118.27428,213-915-0084,Open,food pantry,,12:00 PM - 19:00 PM,11:00 AM - 19:00 PM,11:00 AM - 20:00 PM,11:00 AM - 19:00 PM,12:00 PM - 19:00 PM,Closed,Closed
Food@First (First Congregational Church of Los Angeles),Food Bank,540 South Commonwealth Avenue,Los Angeles,CA,90020,34.0640834,-118.28518,213-385-341,Open,"food pantry, meals",,11:00 AM - 20:00 PM,11:00 AM - 20:00 PM,11:00 AM - 20:00 PM,11:00 AM - 20:00 PM,11:00 AM - 20:00 PM,Closed,Closed
Food Pantry Program (Shalom Center),Food Bank,981 South Western Avenue #100,Los Angeles,CA,90006,34.0532855,-118.30935,213-380-700,Open,food pantry,,12:00 PM - 20:00 PM,12:00 PM - 20:00 PM,12:00 PM - 20:00 PM,12:00 PM - 20:00 PM,12:00 PM - 20:00 PM,Closed,Closed
Food Distribution (Collins & Katz Family YMCA),Food Bank,1466 S Westgate Ave,Los Angeles,CA,90025,,,,Open,"food pantry, meals",,12:00 PM - 20:00 PM,12:00 PM - 20:00 PM,12:00 PM - 20:00 PM,12:00 PM - 20:00 PM,12:00 PM - 20:00 PM,Closed,Closed
Food Distribution (Crenshaw Family YMCA),Food Bank,3820 Santa Rosalia Drive,Los Angeles,CA,90008,,,,Open,"food pantry, meals",,11:00 AM - 20:00 PM,11:00 AM - 20:00 PM,11:00 AM - 20:00 PM,11:00 AM - 20:00 PM,11:00 AM - 20:00 PM,Closed,Closed
Food Distribution (Culver-Palms Family YMCA),Food Bank,"4500 Sepulveda Blvd, Culver City",Los Angeles,CA,90230,,,,Open,"food pantry, meals",,11:00 AM - 20:00 PM,11:00 AM - 20:00 PM,11:00 AM - 20:00 PM,11:00 AM - 20:00 PM,11:00 AM - 20:00 PM,Closed,Closed
Food Distribution (Mid Valley Family YMCA),Food Bank,"6901 Lennox Ave, Van Nuys",Los Angeles,CA,91405,,,,Open,"food pantry, meals",,11:00 AM - 20:00 PM,11:00 AM - 20:00 PM,11:00 AM - 20:00 PM,11:00 AM - 20:00 PM,11:00 AM - 20:00 PM,Closed,Closed
Food Distribution (Palisades-Malibu YMCA),Food Bank,"821 Via de la Paz, Pacific Palisades",Los Angeles,CA,90272,,,,Open,"food pantry, meals",,11:00 AM - 20:00 PM,11:00 AM - 20:00 PM,11:00 AM - 20:00 PM,11:00 AM - 20:00 PM,11:00 AM - 20:00 PM,Closed,Closed
Food Distribution (Weingart East Los Angeles YMCA),Food Bank,2900 Whittier Blvd,Los Angeles,CA,90023,,,,Open,"food pantry, meals",,11:00 AM - 20:00 PM,11:00 AM - 20:00 PM,11:00 AM - 20:00 PM,11:00 AM - 20:00 PM,11:00 AM - 20:00 PM,Closed,Closed
Food Distribution (Weingart YMCA Wellness & Aquatic Center),Food Bank,9900 S Vermont Ave,Los Angeles,CA,90044,,,,Open,"food pantry, meals",,12:00 PM - 20:00 PM,12:00 PM - 20:00 PM,12:00 PM - 20:00 PM,12:00 PM - 20:00 PM,12:00 PM - 20:00 PM,Closed,Closed
Food Distribution (West Valley Family YMCA),Food Bank,"18810 Vanowen Street, Reseda",Los Angeles,CA,91335,,,,Open,"food pantry, meals",,12:00 PM - 20:00 PM,12:00 PM - 20:00 PM,12:00 PM - 20:00 PM,12:00 PM - 20:00 PM,12:00 PM - 20:00 PM,Closed,Closed
HopeNet Food Pantry (Islamic Center of Southern California (ICSC)),Food Bank,434 S Vermont Ave,Los Angeles,CA,90020,34.0664608,-118.29126,,Open,food pantry,,12:00 PM - 20:00 PM,12:00 PM - 20:00 PM,12:00 PM - 20:00 PM,12:00 PM - 20:00 PM,12:00 PM - 20:00 PM,Closed,Closed
Mobile Food Distribution (Let’s Be Whole),Food Bank,,Los Angeles,CA,,,,323-371-6323,Open,food pantry,,Closed,11:30 AM - 18:00 PM,Closed,Closed,11:30 AM - 18:00 PM,Closed,Closed
Food Distribution (Seeds of Hope),Food Bank,840 Echo Park Avenue,Los Angeles,CA,90026,34.073441,-118.25909,213-482-2040,Open,food pantry,,11:00 AM - 20:00 PM,11:00 AM - 20:00 PM,11:00 AM - 20:00 PM,11:00 AM - 20:00 PM,11:00 AM - 20:00 PM,Closed,Closed
Community Center (Salvation Army Southern California - Los Angeles Central Corps),Food Bank,1532 West 11th Street,Los Angeles,CA,90015,34.0471649,-118.27454,213-896-9178,Open,"help pay for utilities, food pantry, meals, counseling, family counseling, after school care, day camp, recreation, navigating the system, spiritual support",,11:00 AM - 20:00 PM,11:00 AM - 20:00 PM,11:00 AM - 20:00 PM,11:00 AM - 20:00 PM,11:00 AM - 20:00 PM,Closed,Closed
Supplemental Food Program (SFP) (All Peoples Community Center),Food Bank,822 East 20th Street,Los Angeles,CA,90011,34.0257438,-118.25659,213-747-6357,Open,"food pantry, navigating the system, community gardens, help find work",,11:00 AM - 20:00 PM,11:00 AM - 20:00 PM,11:00 AM - 20:00 PM,11:00 AM - 20:00 PM,11:00 AM - 20:00 PM,Closed,Closed
Food Pantry (Immanuel Presbyterian Church),Food Bank,663 South Berendo Street,Los Angeles,CA,90005,34.0612132,-118.29441,213-389-3191,Open,"food pantry, meals",,11:00 AM - 20:00 PM,11:00 AM - 20:00 PM,11:00 AM - 20:00 PM,11:00 AM - 20:00 PM,11:00 AM - 20:00 PM,Closed,Closed
Food Pantry (Silverlake Community Church),Food Bank,2930 Hyperion Avenue,Los Angeles,CA,90027,34.1097407,-118.27047,323-663-3151,Open,food pantry,,11:00 AM - 20:00 PM,11:00 AM - 20:00 PM,11:00 AM - 20:00 PM,11:00 AM - 20:00 PM,11:00 AM - 20:00 PM,Closed,Closed
Community Services (The Salvation Army Hollywood Corps),Food Bank,5941 Hollywood Boulevard,Los Angeles,CA,90028,34.1021265,-118.31939,323-960-0640,Open,"help pay for utilities, food pantry, meals, toys & gifts, counseling, after school care, recreation, navigating the system, spiritual support",,11:00 AM - 20:00 PM,11:00 AM - 20:00 PM,11:00 AM - 20:00 PM,11:00 AM - 20:00 PM,11:00 AM - 20:00 PM,Closed,Closed
Community Food Bank (Sycamores),Food Bank,,Los Angeles,CA,,,,661-942-5749,Open,"food pantry, clothing, supplies for school, toys & gifts",,11:00 AM - 20:00 PM,11:00 AM - 20:00 PM,11:00 AM - 20:00 PM,11:00 AM - 20:00 PM,11:00 AM - 20:00 PM,Closed,Closed
Family Rescue Center (Family Rescue Center),Food Bank,"22103 Vanowen Street, Canoga Park",Los Angeles,CA,91303,34.1940869,-118.60853,818-884-7587,Open,"food pantry, clothing, supplies for school, toys & gifts, navigating the system, one-on-one support, skills & training, specialized training",,11:00 AM - 20:00 PM,11:00 AM - 20:00 PM,11:00 AM - 20:00 PM,11:00 AM - 20:00 PM,11:00 AM - 20:00 PM,Closed,Closed
Food Pantry (Tzu Chi USA - Southern California),Food Bank,,Los Angeles,CA,,,,909-447-7799,Open,food pantry,,11:00 AM - 20:00 PM,11:00 AM - 20:00 PM,11:00 AM - 20:00 PM,11:00 AM - 20:00 PM,11:00 AM - 20:00 PM,Closed,Closed
Food Pantry (New Song Church),Food Bank,"945 West Covina Boulevard, San Dimas",Los Angeles,CA,91773,34.0997672,-117.82563,909-394-9488,Open,food pantry,,14:00 PM - 18:00 PM,17:00 PM - 22:00 PM,14:00 PM - 18:00 PM,17:00 PM - 22:00 PM,14:00 PM - 18:00 PM,Closed,Closed
Food Pantry (Sowing Seeds for Life (SSFL)),Food Bank,"305 East Arrow Highway, Pomona",Los Angeles,CA,91767,34.0904318,-117.74556,909-293-7735,Open,"food pantry, nutrition education",,11:00 AM - 20:00 PM,11:00 AM - 20:00 PM,11:00 AM - 20:00 PM,11:00 AM - 20:00 PM,11:00 AM - 20:00 PM,Closed,Closed
Food Pantry (St. Lawrence of Brindisi),Food Bank,10122 Compton Avenue,Los Angeles,CA,90002,33.944378,-118.24597,323-567-1439,Open,food pantry,,11:00 AM - 19:30 PM,11:00 AM - 19:30 PM,11:00 AM - 19:30 PM,11:00 AM - 19:30 PM,11:00 AM - 19:30 PM,Closed,Closed
Food Pantry (St. Joseph the Worker Parish),Food Bank,19855 Sherman Way,Los Angeles,CA,91306,34.2014831,-118.56623,818-213-1067,Open,food pantry,,0:00 AM - 11:59 PM,0:00 AM - 11:59 PM,0:00 AM - 11:59 PM,0:00 AM - 11:59 PM,0:00 AM - 11:59 PM,0:00 AM - 11:59 PM,0:00 AM - 11:59 PM
Human Care Ministry (Our Redeemer Lutheran Church),Food Bank,"8520 Winnetka Ave, Winnetka",Los Angeles,CA,91306,,,818-341-1629,Open,"food pantry, clothing, personal care items, personal hygiene, spiritual support",,11:30 AM - 20:00 PM,11:30 AM - 20:00 PM,11:30 AM - 20:00 PM,11:30 AM - 20:00 PM,11:30 AM - 20:00 PM,Closed,Closed
Rescue Survival Outreach Services (S.O.S.) (San Fernando Valley Rescue Mission),Food Bank,9200 Owensmouth Avenue,Los Angeles,CA,91311,34.237108,-118.60125,,Open,"food pantry, meals, clothing, personal care items, personal hygiene",,11:00 AM - 20:00 PM,11:00 AM - 20:00 PM,11:00 AM - 20:00 PM,11:00 AM - 20:00 PM,11:00 AM - 20:00 PM,Closed,Closed
Pantry Delivery Services (St. Francis Center (SFC)),Food Bank,1835 South Hope Street,Los Angeles,CA,90015,34.0340212,-118.26979,213-747-5347,Open,"food delivery, food pantry",,11:00 AM - 20:00 PM,11:00 AM - 20:00 PM,11:00 AM - 20:00 PM,11:00 AM - 20:00 PM,11:00 AM - 20:00 PM,Closed,Closed
Food Pantry (ACTION Food Pantry),Food Bank,"17880 East Covina Boulevard, Covina",Los Angeles,CA,91722,34.0988912,-117.90055,626-319-0554,Open,food pantry,,11:00 AM - 20:00 PM,11:00 AM - 20:00 PM,11:00 AM - 20:00 PM,11:00 AM - 20:00 PM,11:00 AM - 20:00 PM,Closed,Closed
Community Pantry (Project 43),Food Bank,6841 Crenshaw Boulevard,Los Angeles,CA,90043,33.9758457,-118.3312,323-522-8163,Open,,food pantry,11:00 AM - 20:00 PM,11:00 AM - 20:00 PM,11:00 AM - 20:00 PM,11:00 AM - 20:00 PM,11:00 AM - 20:00 PM,Closed,Closed
SOVA Community Food and Resource Program (Jewish Family Service of Los Angeles (JFSLA)),Food Bank,8846 West Pico Boulevard,Los Angeles,CA,90035,34.0546985,-118.38486,818-988-7682,Open,"food pantry, personal care items, counseling, navigating the system, help fill out forms, support network, one-on-one support, help find work, advocacy & legal aid",,11:00 AM - 20:00 PM,11:00 AM - 20:00 PM,11:00 AM - 20:00 PM,11:00 AM - 20:00 PM,11:00 AM - 20:00 PM,Closed,Closed
"Food Pantry (Food Pantry, LAX)",Food Bank,"355 E Beach Ave, Inglewood",Los Angeles,CA,90302,33.9698806,-118.35004,310-677-5597,Open,"emergency food, food pantry",,9:00 AM - 18:00 PM,9:00 AM - 18:00 PM,9:00 AM - 18:00 PM,9:00 AM - 18:00 PM,9:00 AM - 18:00 PM,Closed,Closed
Food Pantry (My Friends House),Food Bank,3533 West 58th Place,Los Angeles,CA,90043,33.9883125,-118.33417,323-292-4939,Open,food pantry,,0:00 AM - 11:59 PM,0:00 AM - 11:59 PM,0:00 AM - 11:59 PM,0:00 AM - 11:59 PM,0:00 AM - 11:59 PM,0:00 AM - 11:59 PM,0:00 AM - 11:59 PM
Food Pantry (Centro de Vida International Church Movement),Food Bank,9251 Burnet Avenue,Los Angeles,CA,91343,34.2387955,-118.46355,818-892-2838,Open,food pantry,,9:00 AM - 18:00 PM,9:00 AM - 18:00 PM,9:00 AM - 18:00 PM,9:00 AM - 18:00 PM,9:00 AM - 18:00 PM,Closed,Closed
Women's Health (Northeast Valley Health Corporation (NEVHC)),Mental Health,"1600 San Fernando Road, San Fernando",Los Angeles,CA,91340,34.2886884,-118.4484823,818-270-9777,Open,,"health education, family planning, checkup & test, disease screening, pregnancy tests, counseling, sexual and reproductive health, womens health, postnatal care, sex education, std/sti treatment & prevention, support network",11:00 AM - 00:00 AM,11:00 AM - 00:00 AM,11:00 AM - 00:00 AM,11:00 AM - 00:00 AM,12:00 PM - 20:00 PM,11:00 AM - 20:00 PM,Closed
Outpatient Rehabilitation (Neuro Restorative - Northridge),Mental Health,9440 Texhoma Avenue,Los Angeles,CA,91325,34.2425196,-118.5163655,818-739-3057,Open,,"outpatient treatment, physical therapy, occupational therapy, speech therapy, in-home support",11:00 AM - 20:00 PM,11:00 AM - 20:00 PM,11:00 AM - 20:00 PM,11:00 AM - 20:00 PM,11:00 AM - 20:00 PM,Closed,Closed
Cancer Counseling (Fran’s Place - Center for Cancer Counseling),Mental Health,,Los Angeles,CA,,,,949-474-4337,Open,"mental health care, counseling, group therapy, family counseling, individual counseling, virtual support",,11:00 AM - 20:00 PM,11:00 AM - 20:00 PM,11:00 AM - 20:00 PM,11:00 AM - 20:00 PM,11:00 AM - 20:00 PM,Closed,Closed
Skilled Nursing and Rehabilitation (Facey Medical Group),Mental Health,7120 Corbin Avenue,Los Angeles,CA,91335,34.2002375,-118.5616509,818-881-4540,Open,,"nutrition education, medical care, skilled nursing, pain management, physical therapy, occupational therapy, speech therapy, hospital treatment",11:00 AM - 20:00 PM,11:00 AM - 20:00 PM,11:00 AM - 20:00 PM,11:00 AM - 20:00 PM,11:00 AM - 20:00 PM,Closed,Closed
"Telehealth Therapy (Epiphany Counseling, Consulting & Treatment Services (ECCTS))",Mental Health,,Los Angeles,CA,,,,888-457-0543,Open,,"mental health care, counseling, family counseling, individual counseling, virtual support",10:00 AM - 23:00 PM,10:00 AM - 23:00 PM,10:00 AM - 23:00 PM,10:00 AM - 23:00 PM,10:00 AM - 23:00 PM,12:00 PM - 19:00 PM,Closed
Mental Health (Pacific Lodge Youth Services),Mental Health,"4900 Serrania Avenue, Woodland Hills",Los Angeles,CA,91364,34.1584548,-118.5874804,818-347-1577,Open,"residential treatment, specialized therapy, mental health care, substance abuse counseling, peer support",,11:00 AM - 20:00 PM,11:00 AM - 20:00 PM,11:00 AM - 20:00 PM,11:00 AM - 20:00 PM,11:00 AM - 20:00 PM,Closed,Closed
"Therapeutic Learning Center (TLC) (Serenity, Inc.)",Mental Health,,Los Angeles,CA,,,,626-859-6200122,Open,"daily life skills, counseling, specialized therapy, group therapy, individual counseling, early childhood intervention",,11:00 AM - 20:00 PM,11:00 AM - 20:00 PM,11:00 AM - 20:00 PM,11:00 AM - 20:00 PM,11:00 AM - 20:00 PM,Closed,Closed
Emergency Shelter (Rainbow Services),Mental Health,453 W 7th St,Los Angeles,CA,90731,33.737585,-118.286845,310-547-9343,Open,"temporary shelter, diapers & formula, clothing, medical care, checkup & test, specialized therapy, counseling, individual counseling, childcare, navigating the system, one-on-one support, more education, advocacy & legal aid, meals, animal welfare",,11:00 AM - 20:00 PM,11:00 AM - 20:00 PM,11:00 AM - 20:00 PM,11:00 AM - 20:00 PM,11:00 AM - 20:00 PM,Closed,Closed
Residential Treatment (Support For Harbor Area Women's Lives (SHAWL)),Mental Health,936 S Centre St,Los Angeles,CA,90731,33.7353748,-118.2832569,310-521-9310,Open,"addiction & recovery, residential treatment, substance abuse counseling, daily life skills, support groups",,11:00 AM - 20:00 PM,11:00 AM - 20:00 PM,11:00 AM - 20:00 PM,11:00 AM - 20:00 PM,11:00 AM - 20:00 PM,Closed,Closed
Beacon House Association of San Pedro (Beacon House Association of San Pedro),Mental Health,,Los Angeles,CA,,,,310-514-4940,Open,,"sober living, addiction & recovery, 12-step, health education, parenting education, prevent & treat, anger management, individual counseling",11:00 AM - 20:00 PM,11:00 AM - 20:00 PM,11:00 AM - 20:00 PM,11:00 AM - 20:00 PM,11:00 AM - 20:00 PM,Closed,Closed
Medication Assisted Treatment (MAT) (Western Pacific Med Corp),Mental Health,"4544 San Fernando Road, Glendale",Los Angeles,CA,91204,34.1348928,-118.2628713,818-956-3737,Open,,"addiction & recovery, outpatient treatment, medications for addiction",11:00 AM - 20:00 PM,11:00 AM - 20:00 PM,11:00 AM - 20:00 PM,11:00 AM - 20:00 PM,11:00 AM - 20:00 PM,Closed,Closed
"Women, Infants and Children (WIC) Supplemental Nutrition Program (Northeast Valley Health Corporation (NEVHC))",Mental Health,"801 South Chevy Chase Drive, Glendale",Los Angeles,CA,91205,34.1367722,-118.2404189,800-313-4942,Open,"help pay for food, nutrition education, parenting education, counseling, postnatal care, navigating the system",,11:00 AM - 20:00 PM,11:00 AM - 20:00 PM,11:00 AM - 20:00 PM,11:00 AM - 20:00 PM,11:00 AM - 20:00 PM,Closed,Closed
Co-Parenting Couneseling (Family Assessment Counseling & Education Services (FACES)),Mental Health,7017 South Gramercy Place,Los Angeles,CA,90047,33.975963,-118.3136028,323-531-2172,Open,,family counseling,11:00 AM - 19:00 PM,11:00 AM - 19:00 PM,11:00 AM - 19:00 PM,11:00 AM - 19:00 PM,11:00 AM - 19:00 PM,Closed,Closed
Mindful Parenting Newborn - A Post-Partum Therapeutic Group (Well Baby Center),Mental Health,310-402-2229 ,Los Angeles,CA,90066,33.9910665,-118.4202961,310-402-2229307,Open,,"group therapy, support groups",Closed,Closed,17:30 PM - 19:00 PM,Closed,Closed,Closed,Closed
Anger Management (Heart Of Compassion),Mental Health,"600 South Maple Avenue, Montebello",Los Angeles,CA,90640,34.0043633,-118.1190218,323-323-7997,Temporarily closed,"anger management, spiritual support",,Closed,Closed,Closed,Closed,Closed,Closed,Closed
Daniel's Place (Step Up),Mental Health,6762 Lexington Avenue,Los Angeles,CA,90038,34.0923147,-118.3378945,323-380-7591,Open,"meals, help find housing, clothing, personal hygiene, mental health care, community support services, navigating the system, case management, help find school, help find work",,11:00 AM - 20:00 PM,11:00 AM - 20:00 PM,11:00 AM - 20:00 PM,11:00 AM - 20:00 PM,11:00 AM - 20:00 PM,Closed,Closed
Mental Health Services (HealthRIGHT 360 - Prototypes),Mental Health,"2650 East Foothill Boulevard, Pasadena",Los Angeles,CA,91107,34.149613,-118.0956708,213-542-3838,Open,,"detox, medications for addiction, counseling, mental health care, group therapy, family counseling, individual counseling, navigating the system, case management",11:00 AM - 20:00 PM,11:00 AM - 20:00 PM,11:00 AM - 20:00 PM,11:00 AM - 20:00 PM,11:00 AM - 20:00 PM,Closed,Closed
Drug and Alcohol Addiction Treatment Health Center (You Can Health Services),Mental Health,600 W Manchester Ave,Los Angeles,CA,90044,33.959777,-118.2845104,323-750-9247,Open,,"addiction & recovery, outpatient treatment, substance abuse counseling",11:00 AM - 20:00 PM,11:00 AM - 20:00 PM,11:00 AM - 20:00 PM,11:00 AM - 20:00 PM,11:00 AM - 20:00 PM,3:00 AM - 4:00 AM,3:00 AM - 4:00 AM
Youth Homelessness (Los Angeles LGBT Center),Mental Health,1220 Highland Avenue,Los Angeles,CA,90038,34.0931286,-118.3382043,323-860-2280,Open,"temporary shelter, addiction & recovery, disease screening, personal hygiene, counseling, recreation, support groups, more education, computer class, help find work, meals",,11:30 AM - 20:30 PM,11:30 AM - 20:30 PM,11:30 AM - 20:30 PM,11:30 AM - 20:30 PM,11:30 AM - 20:30 PM,11:30 AM - 19:00 PM,11:30 AM - 19:00 PM
Parent Counseling (Mama Hill's Help (MHH)),Mental Health,755 East 92nd Street,Los Angeles,CA,90002,33.9532678,-118.2610791,323-696-6910,Open,"parenting education, counseling, substance abuse counseling, financial education",,14:00 PM - 20:00 PM,16:00 PM - 20:00 PM,16:00 PM - 20:00 PM,14:00 PM - 20:00 PM,14:00 PM - 20:00 PM,Closed,Closed
Crisis Response (HOPE Animal-Assisted Crisis Response (AACR)),Mental Health,,Los Angeles,CA,,,,877-467-3597,Open,"support & service animals, mental health care",,11:00 AM - 20:00 PM,11:00 AM - 20:00 PM,11:00 AM - 20:00 PM,11:00 AM - 20:00 PM,11:00 AM - 20:00 PM,Closed,Closed
SmokefreeTXT (Smokefree),Mental Health,,Los Angeles,CA,,,,,Open,"addiction & recovery, substance abuse counseling, support network, virtual support",,0:00 AM - 11:59 PM,0:00 AM - 11:59 PM,0:00 AM - 11:59 PM,0:00 AM - 11:59 PM,0:00 AM - 11:59 PM,0:00 AM - 11:59 PM,0:00 AM - 11:59 PM
National Perinatal Hotline (PPD MOMS),Mental Health,,Los Angeles,CA,,,,800-773-6667,Open,"mental health care, help hotlines",,8:00 AM - 17:00 PM,8:00 AM - 17:00 PM,8:00 AM - 17:00 PM,8:00 AM - 17:00 PM,8:00 AM - 17:00 PM,Closed,Closed
"Service Dogs - Veteran Assistance (Duo Dogs, Inc.)",Mental Health,,Los Angeles,CA,,,,,Open,support & service animals,,9:00 AM - 18:00 PM,9:00 AM - 18:00 PM,9:00 AM - 18:00 PM,9:00 AM - 18:00 PM,9:00 AM - 18:00 PM,Closed,Closed
Online Support Group (Mommies Enduring Neonatal Death (M.E.N.D.)),Mental Health,,Los Angeles,CA,,,,,Open,"bereavement, peer support, support groups, virtual support",,Closed,Closed,Closed,22:00 PM - 00:00 AM,Closed,Closed,Closed
Online Support Groups (Pregnancy After Loss Support (PALS)),Mental Health,,Los Angeles,CA,,,,,Open,"bereavement, peer support, support groups, virtual support",,0:00 AM - 11:59 PM,0:00 AM - 11:59 PM,0:00 AM - 11:59 PM,0:00 AM - 11:59 PM,0:00 AM - 11:59 PM,0:00 AM - 11:59 PM,0:00 AM - 11:59 PM
Service Dogs for Veterans (Dogs For Our Brave (DFOB)),Mental Health,,Los Angeles,CA,,,,,Open,"support & service animals, animal welfare",,9:00 AM - 18:00 PM,9:00 AM - 18:00 PM,9:00 AM - 18:00 PM,9:00 AM - 18:00 PM,9:00 AM - 18:00 PM,Closed,Closed
Mental Health Services (Homeboy Industries),Mental Health,130 Bruno Street,Los Angeles,CA,90012,34.0623185,-118.235754,323-526-1254,Open,"addiction & recovery, health education, parenting education, specialized therapy, mental health care, counseling, substance abuse counseling, individual counseling, mental health evaluation, support network",,12:00 PM - 20:00 PM,12:00 PM - 20:00 PM,12:00 PM - 20:00 PM,12:00 PM - 20:00 PM,12:00 PM - 20:00 PM,Closed,Closed
Adult's Clinic - Adult Outpatient (Amanecer Community Counseling Service),Mental Health,1200 Wilshire Boulevard,Los Angeles,CA,90017,34.052953,-118.265186,213-481-7464,Open,,"help find housing, counseling, outpatient treatment, mental health care, individual counseling, one-on-one support, help find work, advocacy & legal aid, medication management, navigating the system",11:00 AM - 20:00 PM,11:00 AM - 20:00 PM,11:00 AM - 20:00 PM,11:00 AM - 20:00 PM,11:00 AM - 20:00 PM,Closed,Closed
"Adult Outpatient Services (Enki Health Services, Inc.)",Mental Health,560 South Saint Louis Street,Los Angeles,CA,90033,34.039155,-118.2170826,866-227-1302,Open,,"daily life skills, medication management, mental health care, group therapy, individual counseling, mental health evaluation, case management, support network, peer support",11:00 AM - 20:00 PM,11:00 AM - 20:00 PM,11:00 AM - 20:00 PM,11:00 AM - 20:00 PM,11:00 AM - 20:00 PM,Closed,Closed
Medical Care (Program for Torture Victims (PTV)),Mental Health,1400 South Grand Avenue,Los Angeles,CA,90015,34.0368416,-118.2652246,213384-4788246,Open,,"outpatient treatment, medical care",Closed,Closed,Closed,Closed,11:00 AM - 16:30 PM,Closed,Closed
Children's Outpatient Services (Kedren Community Care Clinic),Mental Health,1401 South Grand Avenue,Los Angeles,CA,90015,34.0373967,-118.2657271,855-808-4580,Open,,"outpatient treatment, mental health care, bereavement, daily life skills, prevent & treat, early childhood intervention, specialized therapy, medication management, counseling, group therapy, individual counseling, mental health evaluation, case management",0:00 AM - 11:59 PM,0:00 AM - 11:59 PM,0:00 AM - 11:59 PM,0:00 AM - 11:59 PM,0:00 AM - 11:59 PM,0:00 AM - 11:59 PM,0:00 AM - 11:59 PM
Behavioral Health (White Memorial Community Health Center (WMCHC)),Mental Health,1828 East Cesar E Chavez Avenue,Los Angeles,CA,90033,34.0498782,-118.2157924,323-987-1200,Open,,"mental health care, counseling, group therapy, family counseling, individual counseling, mental health evaluation",11:30 AM - 20:30 PM,11:30 AM - 22:00 PM,11:30 AM - 20:00 PM,11:30 AM - 20:00 PM,11:30 AM - 20:00 PM,12:00 PM - 18:00 PM,Closed
Children and Family Outpatient Services (Asian Pacific Counseling And Treatment Centers),Mental Health,1310 Wilshire Boulevard,Los Angeles,CA,90017,34.0537758,-118.2671082,213-252-2100,Open,,"mental health care, family counseling, individual counseling, mental health evaluation, support groups",11:00 AM - 20:00 PM,11:00 AM - 20:00 PM,11:00 AM - 20:00 PM,11:00 AM - 20:00 PM,11:00 AM - 20:00 PM,Closed,Closed
Family Source Center - Children & Youth Services (El Centro de Ayuda),Mental Health,2130 East 1st Street,Los Angeles,CA,90033,34.0443143,-118.2128782,323265-9228,Not specified,"mental health care, after school care, recreation, support network, mentoring, one-on-one support, tutoring",,11:00 AM - 23:00 PM,11:00 AM - 23:00 PM,11:00 AM - 23:00 PM,11:00 AM - 23:00 PM,11:00 AM - 20:00 PM,Closed,Closed
Mental/Behavioral Health Services (St. John’s Well Child and Family Center (SJWCFC)),Mental Health,400 West Washington Boulevard,Los Angeles,CA,90015,34.0328481,-118.2696947,323-541-1411,Open,,"medications for addiction, mental health care, counseling, group therapy, substance abuse counseling, family counseling, individual counseling, mental health evaluation",11:00 AM - 21:00 PM,11:00 AM - 21:00 PM,11:00 AM - 21:00 PM,11:00 AM - 21:00 PM,Closed,Closed,Closed
Women's Health (St. John’s Well Child and Family Center (SJWCFC)),Mental Health,400 West Washington Boulevard,Los Angeles,CA,90015,34.0325515,-118.2697468,323-541-1411,Open,,"medical care, checkup & test, disease screening, mental health care, sexual and reproductive health, family planning",11:00 AM - 21:00 PM,11:00 AM - 21:00 PM,11:00 AM - 21:00 PM,11:00 AM - 21:00 PM,Closed,Closed,Closed
Coaching Into Care (US Department of Veterans Affairs (VA) - Veterans Health Administration (VHA)),Mental Health,,Los Angeles,CA,,,,888-823-7458,Open,"mental health care, understand mental health, government benefits, understand government programs, navigating the system, support network, one-on-one support",,8:00 AM - 20:00 PM,8:00 AM - 20:00 PM,8:00 AM - 20:00 PM,8:00 AM - 20:00 PM,8:00 AM - 20:00 PM,Closed,Closed
"Self-Care Mondays - Anxiety Group for Women (Tanyanika Ajayi, LMFT)",Mental Health,,Los Angeles,CA,,,,,Open,,"understand mental health, support groups, virtual support",11:00 AM - 20:00 PM,Closed,Closed,Closed,Closed,Closed,Closed
Intensive Outpatient Therapy (Stepstone Connect),Mental Health,,Los Angeles,CA,,,,866-518-2985,Open,,"addiction & recovery, outpatient treatment, substance abuse counseling, one-on-one support, support groups, virtual support, support groups",11:00 AM - 20:00 PM,11:00 AM - 20:00 PM,11:00 AM - 20:00 PM,11:00 AM - 20:00 PM,11:00 AM - 20:00 PM,Closed,Closed
We're In This Together (Erika's Lighthouse),Mental Health,,Los Angeles,CA,,,,,Open,"parenting education, understand mental health",,9:00 AM - 18:00 PM,9:00 AM - 18:00 PM,9:00 AM - 18:00 PM,9:00 AM - 18:00 PM,9:00 AM - 18:00 PM,Closed,Closed
Family Support Group (NAMI of Antelope Valley),Mental Health,"1600 West Avenue J, Lancaster",Los Angeles,CA,93534,34.6884466,-118.1593913,661-341-8041,Open,"health education, understand mental health, mental health care, community support services, navigating the system, support network, support groups, health education, more education, parenting education",,22:00 PM - 23:00 PM,Closed,Closed,Closed,Closed,Closed,Closed
Journey to Israel (Heroes To Heroes Foundation),Mental Health,,Los Angeles,CA,,,,,Open,"counseling, group therapy, support network, spiritual support",,8:00 AM - 17:00 PM,8:00 AM - 17:00 PM,8:00 AM - 17:00 PM,8:00 AM - 17:00 PM,8:00 AM - 17:00 PM,Closed,Closed
Peer to Peer Recovery Education (NAMI of Antelope Valley),Mental Health,,Los Angeles,CA,,,,661341-8041,Open,"health education, understand mental health, support network, mentoring, peer support",,11:00 AM - 20:00 PM,11:00 AM - 20:00 PM,11:00 AM - 20:00 PM,11:00 AM - 20:00 PM,11:00 AM - 20:00 PM,Closed,Closed
NAMI Basics (NAMI of Antelope Valley),Mental Health,"44349 Lowtree Avenue, Lancaster",Los Angeles,CA,93534,34.6891237,-118.1544544,,Open,"health education, parenting education, understand mental health",,12:00 PM - 20:00 PM,12:00 PM - 20:00 PM,12:00 PM - 20:00 PM,12:00 PM - 20:00 PM,Closed,Closed,Closed
"Family Bereavement Support - After the Loss of an Infant Through Miscarriage, Stillbirth, or Infant Death (Star Legacy Foundation)",Mental Health,,Los Angeles,CA,,,,952-715-77312,Open,"bereavement, one-on-one support, virtual support",,9:00 AM - 18:00 PM,9:00 AM - 18:00 PM,9:00 AM - 18:00 PM,9:00 AM - 18:00 PM,9:00 AM - 18:00 PM,Closed,Closed
Family-to-Family Education Program (NAMI of Antelope Valley),Mental Health,"44349 Lowtree Avenue, Lancaster",Los Angeles,CA,93534,34.6891237,-118.1544544,661-341-8041,Open,"health education, understand mental health, mental health care, support network, support groups, more education",,12:00 PM - 20:00 PM,12:00 PM - 20:00 PM,12:00 PM - 20:00 PM,12:00 PM - 20:00 PM,Closed,Closed,Closed
Comprehensive Risk Counseling Services (for Gay Men) (Bienestar),Mental Health,4955 Sunset Blvd,Los Angeles,CA,90027,34.0983774,-118.2974677,323-727-7896108,Not specified,"individual counseling, navigating the system, one-on-one support",,13:00 PM - 22:00 PM,13:00 PM - 22:00 PM,13:00 PM - 22:00 PM,13:00 PM - 22:00 PM,13:00 PM - 22:00 PM,Closed,Closed
Mental Health Services (Arcadia Mental Health Center),Mental Health,"330 Live Oak Avenue, Arcadia",Los Angeles,CA,91006,34.1083648,-118.0219294,626-254-1400,Open,,"mental health care, counseling, group therapy, family counseling, individual counseling, medications for mental health, mental health evaluation, outpatient treatment, psychiatric emergency services",11:00 AM - 20:00 PM,11:00 AM - 20:00 PM,11:00 AM - 20:00 PM,11:00 AM - 20:00 PM,11:00 AM - 20:00 PM,Closed,Closed
Child & Family Center (Soultenders),Mental Health,"1605 Hope Street, South Pasadena",Los Angeles,CA,91030,34.1167029,-118.1498912,626-701-4249,Open,,"parenting education, counseling, specialized therapy, mental health care, group therapy, family counseling, individual counseling",11:00 AM - 20:00 PM,11:00 AM - 20:00 PM,11:00 AM - 20:00 PM,11:00 AM - 20:00 PM,11:00 AM - 20:00 PM,Closed,Closed
Acute Psychiatric Program (Telecare Corporation),Mental Health,"6060 Paramount Blvd, Long Beach",Los Angeles,CA,90805,33.8651973,-118.1576998,562-790-1860,Open,,"mental health care, medications for mental health, mental health evaluation",11:00 AM - 22:00 PM,11:00 AM - 22:00 PM,11:00 AM - 22:00 PM,11:00 AM - 22:00 PM,11:00 AM - 22:00 PM,Closed,Closed
Outpatient Services - CalWORK Mental Health Treatment (The Help Group),Mental Health,13130 Burbank Boulevard,Los Angeles,CA,91401,34.1716225,-118.4192169,877-994-3588,Open,"mental health care, navigating the system, support network, one-on-one support, specialized therapy",,11:00 AM - 20:00 PM,11:00 AM - 20:00 PM,11:00 AM - 20:00 PM,11:00 AM - 20:00 PM,11:00 AM - 20:00 PM,Closed,Closed
Clinical Programs - Domestic Violence Intervention (Venice Family Clinic),Mental Health,"111 North La Brea Avenue, Inglewood",Los Angeles,CA,90301,33.9638134,-118.3537333,310-392-8636,Not specified,"medical care, counseling, individual counseling, advocacy & legal aid",,11:00 AM - 20:00 PM,11:00 AM - 20:00 PM,11:00 AM - 20:00 PM,11:00 AM - 20:00 PM,11:00 AM - 20:00 PM,Closed,Closed
Dual Diagnosis Treatment (Pacific Clinics),Mental Health,,Los Angeles,CA,,,,877-722-2737,Open,,"substance abuse counseling, medications for addiction, counseling, mental health care, group therapy, individual counseling",11:00 AM - 20:00 PM,11:00 AM - 20:00 PM,11:00 AM - 20:00 PM,11:00 AM - 20:00 PM,11:00 AM - 20:00 PM,Closed,Closed
Transitional Age Youth Services (TAY) (Pacific Clinics),Mental Health,"13001 Ramona Boulevard, Irwindale",Los Angeles,CA,91706,34.0802044,-117.9897876,877-722-2737,Open,"meals, daily life skills, mental health care, substance abuse counseling, individual counseling, navigating the system, case management, mentoring, one-on-one support, computer class, resume development, interview training, transportation, mental health care",,13:00 PM - 21:00 PM,13:00 PM - 21:00 PM,13:00 PM - 21:00 PM,13:00 PM - 21:00 PM,13:00 PM - 20:00 PM,14:00 PM - 20:00 PM,14:00 PM - 20:00 PM
Children and Family Mental Health Treatment Services (Pacific Clinics),Mental Health,,Los Angeles,CA,,,,877-722-2737,Open,,"mental health evaluation, mental health care, family counseling, individual counseling, medications for mental health, navigating the system, support network, one-on-one support, add/adhd",11:30 AM - 20:00 PM,11:30 AM - 20:00 PM,11:30 AM - 20:00 PM,11:30 AM - 20:00 PM,11:30 AM - 20:00 PM,Closed,Closed
Adult Mental Health Treatment Services (Pacific Clinics),Mental Health,"800 South Santa Anita Avenue, Arcadia",Los Angeles,CA,91006,34.1310893,-118.0309592,877-722-2737,Open,"mental health evaluation, group therapy, family counseling, individual counseling, medications for mental health, navigating the system, one-on-one support, help find housing, checkup & test, substance abuse counseling, peer support, skills & training, job placement",,12:00 PM - 20:00 PM,12:00 PM - 20:00 PM,12:00 PM - 20:00 PM,12:00 PM - 20:00 PM,12:00 PM - 20:00 PM,Closed,Closed
FamilySource Centers (El Nido Family Centers),Mental Health,2069 West Slauson Avenue,Los Angeles,CA,90047,33.9894075,-118.3157385,323-998-0093,Open,"food pantry, parenting education, counseling, tax preparation, community support services, exercise & fitness, recreation, help fill out forms, more education, tutoring, youth development, help find work, skills & training, advocacy & legal aid, case management",,11:00 AM - 20:00 PM,11:00 AM - 20:00 PM,11:00 AM - 20:00 PM,11:00 AM - 20:00 PM,11:00 AM - 20:00 PM,Closed,Closed
Behavioral Health Clinic (Dignity Health California Hospital Medical Center - Hope Street Margolis Family Center),Mental Health,1600 South Hope Street,Los Angeles,CA,90015,34.0360318,-118.2675085,213-742-6385,Open,,"outpatient treatment, mental health evaluation, mental health care, counseling, group therapy, family counseling, individual counseling, navigating the system",11:00 AM - 20:00 PM,11:00 AM - 20:00 PM,11:00 AM - 20:00 PM,11:00 AM - 20:00 PM,11:00 AM - 20:00 PM,Closed,Closed
"Residential Substance Use Disorder Treatment (California Hispanic Commission on Alcohol and Drug, Inc. (CHCADA))",Mental Health,327 North Saint Louis Street,Los Angeles,CA,90033,34.0475139,-118.2123426,916-443-5473,Open,"residential housing, sober living, substance abuse counseling, meals, transportation, medication management, group therapy, individual counseling, recreation, case management",,11:00 AM - 20:00 PM,11:00 AM - 20:00 PM,11:00 AM - 20:00 PM,11:00 AM - 20:00 PM,11:00 AM - 20:00 PM,Closed,Closed
Health & Well Being Program (My Friend's Place),Mental Health,5850 Hollywood Blvd,Los Angeles,CA,90028,34.1014006,-118.3171555,323-908-0011,Open,"parenting education, medical care, checkup & test, pregnancy tests, mental health care, anger management, substance abuse counseling, family counseling, individual counseling",,12:00 PM - 20:30 PM,12:00 PM - 20:30 PM,12:00 PM - 20:30 PM,12:00 PM - 20:30 PM,12:00 PM - 20:30 PM,Closed,Closed
"Comprehensive Care (Asian Pacific Health Care Venture, Inc. (APHCV))",Mental Health,180 Union Place,Los Angeles,CA,90026,34.0619384,-118.2649733,323-644-3888,Open,,"medical care, checkup & test, pregnancy tests, prevent & treat, mental health care",10:30 AM - 20:00 PM,10:30 AM - 20:00 PM,10:30 AM - 20:00 PM,10:30 AM - 20:00 PM,11:30 AM - 20:00 PM,Closed,Closed
"Medical Care (Asian Pacific Health Care Venture, Inc. (APHCV) - Belmont Health Center)",Mental Health,180 Union Place,Los Angeles,CA,90026,34.0619384,-118.2649733,323-644-3885,Open,,"substance abuse counseling, medical care, primary care, prevent & treat, vaccinations, mental health care, std/sti treatment & prevention, family planning",11:30 AM - 20:00 PM,11:30 AM - 20:00 PM,11:30 AM - 20:00 PM,11:30 AM - 20:00 PM,11:30 AM - 20:00 PM,Closed,Closed
Gang Reduction and Youth Development (GRYD) (El Centro Del Pueblo),Mental Health,1545 Wilshire Boulevard,Los Angeles,CA,90017,34.0556844,-118.269663,213-484-8511,Open,"counseling, navigating the system, in-home support, one-on-one support, recreation",,11:00 AM - 20:00 PM,11:00 AM - 20:00 PM,11:00 AM - 20:00 PM,11:00 AM - 20:00 PM,11:00 AM - 20:00 PM,Closed,Closed
Timelist Group (Timelist Group Inc),Mental Health,3801 Somerset Drive,Los Angeles,CA,90008,34.017104,-118.337651,323-389-8664,Open,"counseling, ged/high-school equivalency, skills & training, computer class, job placement",,11:00 AM - 20:00 PM,11:00 AM - 20:00 PM,11:00 AM - 20:00 PM,11:00 AM - 20:00 PM,11:00 AM - 20:00 PM,Closed,Closed
Women Vets On Point (U.S. VETS - United States Veterans Initiative),Mental Health,,Los Angeles,CA,,,,213-335-5432,Open,"understand mental health, mental health care",,12:00 PM - 19:00 PM,11:00 AM - 19:00 PM,11:00 AM - 20:00 PM,11:00 AM - 19:00 PM,12:00 PM - 19:00 PM,Closed,Closed
Tenant Education (Inquilinos Unidos),Mental Health,1709 West 8th Street,Los Angeles,CA,90007,34.0531014,-118.2736065,213-483-7497,Open,"housing advice, individual counseling, navigating the system, more education, skills & training, advocacy & legal aid",,11:00 AM - 20:00 PM,11:00 AM - 20:00 PM,11:00 AM - 20:00 PM,11:00 AM - 20:00 PM,11:00 AM - 20:00 PM,Closed,Closed
California Victims Compensation Program (CalVCP) (Casa de la Familia (CDLF)),Mental Health,3550 Wilshire Boulevard,Los Angeles,CA,90010,34.0610984,-118.3022677,877-611-2272,Open,"group therapy, family counseling, individual counseling, home visiting, support groups",,12:00 PM - 20:00 PM,12:00 PM - 20:00 PM,12:00 PM - 20:00 PM,12:00 PM - 20:00 PM,12:00 PM - 20:00 PM,Closed,Closed
Right to Rise (Casa de la Familia (CDLF)),Mental Health,3550 Wilshire Boulevard,Los Angeles,CA,90010,34.0610984,-118.3022677,213-413-7777,Open,"understand mental health, counseling, mental health care, family counseling, individual counseling, navigating the system, case management, support groups",,12:00 PM - 20:00 PM,12:00 PM - 20:00 PM,12:00 PM - 20:00 PM,12:00 PM - 20:00 PM,12:00 PM - 20:00 PM,Closed,Closed
Home-buyer Education and Counseling Program (Faith and Community Empowerment (FACE)),Mental Health,3550 Wilshire Blvd,Los Angeles,CA,90010,34.0613249,-118.3022596,213-985-1500,Open,,"homebuyer education, counseling, financial education",11:00 AM - 20:00 PM,11:00 AM - 20:00 PM,11:00 AM - 20:00 PM,11:00 AM - 20:00 PM,11:00 AM - 20:00 PM,Closed,Closed
Social Services (Coalition to Abolish Slavery & Trafficking (CAST)),Mental Health,3580 Wilshire Boulevard,Los Angeles,CA,90010,34.0611215,-118.3028158,213-365-1906,Open,"personal care items, transportation, daily life skills, medical care, counseling, understand government programs, case management, more education, help find work, translation & interpretation",,11:00 AM - 20:00 PM,11:00 AM - 20:00 PM,11:00 AM - 20:00 PM,11:00 AM - 20:00 PM,11:00 AM - 20:00 PM,Closed,Closed
Youth Program (Coalition to Abolish Slavery & Trafficking (CAST)),Mental Health,3580 Wilshire Boulevard,Los Angeles,CA,90010,34.0611215,-118.3028158,888-539-2372,Open,"health education, group therapy, navigating the system, one-on-one support, peer support, translation & interpretation",,11:00 AM - 20:00 PM,11:00 AM - 20:00 PM,11:00 AM - 20:00 PM,11:00 AM - 20:00 PM,11:00 AM - 20:00 PM,Closed,Closed
Prevention and Early Intervention (Pacific Clinics),Mental Health,"800 S Santa Anita Ave, Arcadia",Los Angeles,CA,91006,34.1311035,-118.0309151,877-722-2737,Open,,"outpatient treatment, parenting education, disease screening, mental health care, mentoring",11:00 AM - 20:00 PM,11:00 AM - 20:00 PM,11:00 AM - 20:00 PM,11:00 AM - 20:00 PM,11:00 AM - 20:00 PM,Closed,Closed
Anger management Classes Program (Plaza Community Services),Mental Health,4018 City Terrace Drive,Los Angeles,CA,90063,34.0550048,-118.178204,323268-3219,Open,,"anger management, childcare",11:00 AM - 20:00 PM,11:00 AM - 20:00 PM,11:00 AM - 20:00 PM,11:00 AM - 20:00 PM,11:00 AM - 20:00 PM,Closed,Closed
Homeless Services For Veterans - HUD-VASH Program (Volunteers of America Los Angeles (VOALA)),Mental Health,3600 Wilshire Boulevard,Los Angeles,CA,90010,34.0605163,-118.3036379,213-389-1500,Open,"help find housing, substance abuse counseling, case management, one-on-one support",,12:00 PM - 20:00 PM,12:00 PM - 20:00 PM,12:00 PM - 20:00 PM,12:00 PM - 20:00 PM,12:00 PM - 20:00 PM,Closed,Closed
Human Trafficking Victim Assistance - Adults (Volunteers of America Los Angeles (VOALA)),Mental Health,,Los Angeles,CA,,,,213-610-7797,Open,"emergency food, temporary shelter, long-term housing, clothing, personal care items, transportation, daily life skills, counseling, navigating the system, case management, help find work, skills & training",,12:00 PM - 20:00 PM,12:00 PM - 20:00 PM,12:00 PM - 20:00 PM,12:00 PM - 20:00 PM,12:00 PM - 20:00 PM,Closed,Closed
Counseling (AIDS Project Los Angeles (APLA) Health),Mental Health,611 South Kingsley Drive,Los Angeles,CA,90005,34.0630741,-118.3031342,213-201-1621,Open,,"mental health care, counseling, group therapy, substance abuse counseling, family counseling, individual counseling, mental health evaluation, navigating the system",12:00 PM - 20:00 PM,12:00 PM - 20:00 PM,12:00 PM - 20:00 PM,12:00 PM - 20:00 PM,12:00 PM - 20:00 PM,Closed,Closed
Senior Wellness Support (SWS) Program (Tessie Cleveland Community Services Corporation (TCCSC)),Mental Health,8019 Compton Avenue,Los Angeles,CA,90001,33.9660488,-118.2480026,,Open,,"help find housing, transportation, transportation for healthcare, daily life skills, prescription assistance, counseling, mental health care, navigating the system, case management",Closed,11:30 AM - 18:00 PM,Closed,Closed,11:30 AM - 18:00 PM,Closed,Closed
Full Service Partnership (FSP) (Tessie Cleveland Community Services Corporation (TCCSC)),Mental Health,8019 Compton Ave,Los Angeles,CA,90001,33.966045,-118.2480189,323-586-7333,Open,,"help find housing, parenting education, counseling, mental health care, family counseling, individual counseling, navigating the system, support network, peer support",11:00 AM - 20:00 PM,11:00 AM - 20:00 PM,11:00 AM - 20:00 PM,11:00 AM - 20:00 PM,11:00 AM - 20:00 PM,Closed,Closed
Endless Summer (Pacific Clinics),Mental Health,815 North El Centro Avenue,Los Angeles,CA,90038,34.0855265,-118.3256327,,Open,,"daily life skills, anger management, after school care, recreation",11:00 AM - 20:00 PM,11:00 AM - 20:00 PM,11:00 AM - 20:00 PM,11:00 AM - 20:00 PM,11:00 AM - 20:00 PM,Closed,Closed
Intensive Field Capable Clinical Services (Pacific Clinics),Mental Health,815 North El Centro Avenue,Los Angeles,CA,90038,34.0855137,-118.3256933,323-769-7179,Open,"counseling, mental health care, navigating the system, case management, family counseling, individual counseling, help find work",,11:00 AM - 20:00 PM,11:00 AM - 20:00 PM,11:00 AM - 20:00 PM,11:00 AM - 20:00 PM,11:00 AM - 20:00 PM,Closed,Closed
Outpatient Mental Health Services (Pacific Clinics),Mental Health,815 North El Centro Avenue,Los Angeles,CA,90038,34.0855137,-118.3256933,323-463-2119,Open,,"daily life skills, outpatient treatment, mental health care, counseling, navigating the system, one-on-one support",11:00 AM - 20:00 PM,11:00 AM - 20:00 PM,11:00 AM - 20:00 PM,11:00 AM - 20:00 PM,11:00 AM - 20:00 PM,Closed,Closed
Wraparound (Pacific Clinics),Mental Health,815 North El Centro Avenue,Los Angeles,CA,90038,34.0855137,-118.3256933,323-769-7171,Open,,"family counseling, individual counseling, navigating the system, one-on-one support, spiritual support, advocacy & legal aid",11:00 AM - 20:00 PM,11:00 AM - 20:00 PM,11:00 AM - 20:00 PM,11:00 AM - 20:00 PM,11:00 AM - 20:00 PM,Closed,Closed
Family Preservation (Pacific Clinics),Mental Health,815 North El Centro Avenue,Los Angeles,CA,90038,34.0855137,-118.3256933,877-412-7474,Open,,"parenting education, mental health care, anger management, in-home support",11:00 AM - 20:00 PM,11:00 AM - 20:00 PM,11:00 AM - 20:00 PM,11:00 AM - 20:00 PM,11:00 AM - 20:00 PM,Closed,Closed
Mental Health Services (Five Acres),Mental Health,"867 North Fair Oaks Avenue, Pasadena",Los Angeles,CA,91103,34.1608674,-118.1508968,,Open,,"understand mental health, mental health care, counseling, medications for mental health, mental health evaluation",11:00 AM - 20:00 PM,11:00 AM - 20:00 PM,11:00 AM - 20:00 PM,11:00 AM - 20:00 PM,11:00 AM - 20:00 PM,Closed,Closed
Therapeutic Behavioral Services (TBS) (Five Acres),Mental Health,"867 North Fair Oaks Avenue, Pasadena",Los Angeles,CA,91103,34.1608674,-118.1508968,1-800-696-6793,Open,,"mental health care, counseling, individual counseling, health education, understand mental health",11:00 AM - 20:00 PM,11:00 AM - 20:00 PM,11:00 AM - 20:00 PM,11:00 AM - 20:00 PM,11:00 AM - 20:00 PM,Closed,Closed
Deaf Services (Five Acres),Mental Health,"867 North Fair Oaks Avenue, Pasadena",Los Angeles,CA,91103,34.1608674,-118.1508968,1-800-696-6793,Open,,"understand disability, specialized therapy, medication management, family counseling, individual counseling",11:00 AM - 20:00 PM,11:00 AM - 20:00 PM,11:00 AM - 20:00 PM,11:00 AM - 20:00 PM,11:00 AM - 20:00 PM,Closed,Closed
Pregnancy Resource Center (Foothills Pregnancy Resource Center (FPRC)),Mental Health,"924 Buena Vista Street, Duarte",Los Angeles,CA,91010,34.1417638,-117.9772055,626-358-2122,Open,"baby supplies, baby clothes, diapers & formula, health education, parenting education, checkup & test, pregnancy tests, counseling, navigating the system, one-on-one support, more education",,14:00 PM - 18:00 PM,17:00 PM - 22:00 PM,14:00 PM - 18:00 PM,17:00 PM - 22:00 PM,14:00 PM - 18:00 PM,Closed,Closed
Resource (Foster & Adoptive) Parent Agency (Ettie Lee Youth and Family Services),Mental Health,,Los Angeles,CA,,,,626-967-5082,Open,,"psychiatric emergency services, counseling, specialized therapy, adoption & foster care, one-on-one support, more education, tutoring",11:00 AM - 20:00 PM,11:00 AM - 20:00 PM,11:00 AM - 20:00 PM,11:00 AM - 20:00 PM,11:00 AM - 20:00 PM,Closed,Closed
Group Homes (Short term residential treatment center) (Ettie Lee Youth and Family Services),Mental Health,,Los Angeles,CA,,,,909-455-7492,Open,"residential treatment, support network",,11:00 AM - 19:30 PM,11:00 AM - 19:30 PM,11:00 AM - 19:30 PM,11:00 AM - 19:30 PM,11:00 AM - 19:30 PM,Closed,Closed
Emergency Services (College Medical Center),Mental Health,"2776 Pacific Avenue, Long Beach",Los Angeles,CA,90806,33.8069502,-118.1928532,,Open,,"psychiatric emergency services, medical care",0:00 AM - 11:59 PM,0:00 AM - 11:59 PM,0:00 AM - 11:59 PM,0:00 AM - 11:59 PM,0:00 AM - 11:59 PM,0:00 AM - 11:59 PM,0:00 AM - 11:59 PM
Family Medicine (Emanate Health),Mental Health,"1135 South Sunset Avenue, West Covina",Los Angeles,CA,91790,34.0622126,-117.945693,626-732-8390,Open,,"medical care, primary care, checkup & test, prevent & treat, vaccinations, counseling, womens health, maternity care",11:30 AM - 20:00 PM,11:30 AM - 20:00 PM,11:30 AM - 20:00 PM,11:30 AM - 20:00 PM,11:30 AM - 20:00 PM,Closed,Closed
Anger Management (Cornerstone Counseling Center),Mental Health,4700 Valjean Avenue,Los Angeles,CA,91406,34.186641,-118.4858438,805-390-6384,Open,,anger management,11:00 AM - 20:00 PM,11:00 AM - 20:00 PM,11:00 AM - 20:00 PM,11:00 AM - 20:00 PM,11:00 AM - 20:00 PM,Closed,Closed
Outpatient Substance Abuse Treatment (Cambodian Association of America (CAA)),Mental Health,,Los Angeles,CA,,,,562-988-1863,Open,,"addiction & recovery, outpatient treatment, substance abuse counseling, counseling, mental health care, group therapy, one-on-one support, family counseling, navigating the system",11:00 AM - 20:00 PM,11:00 AM - 20:00 PM,11:00 AM - 20:00 PM,11:00 AM - 20:00 PM,11:00 AM - 20:00 PM,Closed,Closed
Services (Strength In Support),Mental Health,"3780 Kilroy Airport Way, Long Beach",Los Angeles,CA,90806,33.8074067,-118.1458276,310-736-1090,Open,,"counseling, family counseling, individual counseling, community support services, recreation, navigating the system, support network, mentoring",11:00 AM - 20:00 PM,11:00 AM - 20:00 PM,11:00 AM - 20:00 PM,11:00 AM - 20:00 PM,11:00 AM - 20:00 PM,Closed,Closed
Long Beach Mental Health Center (The Los Angeles County Department of Mental Health),Mental Health,"2600 Redondo Avenue, Long Beach",Los Angeles,CA,90806,33.8048927,-118.1507908,562-256-2900,Open,,mental health care,11:00 AM - 20:00 PM,11:00 AM - 20:00 PM,11:00 AM - 20:00 PM,11:00 AM - 20:00 PM,11:00 AM - 20:00 PM,Closed,Closed
Addiction Services (American Indian Changing Spirits),Mental Health,"2120 W Williams St, Long Beach",Los Angeles,CA,90810,33.7930082,-118.2210644,562-388-8118,Open,,"counseling, substance abuse counseling",11:00 AM - 20:00 PM,11:00 AM - 20:00 PM,11:00 AM - 20:00 PM,11:00 AM - 20:00 PM,11:00 AM - 20:00 PM,Closed,Closed
Online Support Group Forums (MISS Foundation),Mental Health,,Los Angeles,CA,,,,,Open,"support groups, bereavement, virtual support",,9:00 AM - 18:00 PM,9:00 AM - 18:00 PM,9:00 AM - 18:00 PM,9:00 AM - 18:00 PM,9:00 AM - 18:00 PM,Closed,Closed
Online Alcohol Treatment (Medication & Therapy) | Monument (Monument),Mental Health,,Los Angeles,CA,,,,,Open,,"addiction & recovery, substance abuse counseling, medications for addiction",0:00 AM - 11:59 PM,0:00 AM - 11:59 PM,0:00 AM - 11:59 PM,0:00 AM - 11:59 PM,0:00 AM - 11:59 PM,0:00 AM - 11:59 PM,0:00 AM - 11:59 PM
Mental Health and Wellness Restorative Weekend (Caregivers on the Homefront),Mental Health,,Los Angeles,CA,,,,,Open,"mental health care, understand mental health",,9:00 AM - 18:00 PM,9:00 AM - 18:00 PM,9:00 AM - 18:00 PM,9:00 AM - 18:00 PM,9:00 AM - 18:00 PM,Closed,Closed
Seton House (Maryvale),Mental Health,"7600 Graves Avenue, Rosemead",Los Angeles,CA,91770,34.0535577,-118.1037752,626-537-3305,Open,,"safe housing, temporary shelter, daily life skills, counseling, group therapy, individual counseling, navigating the system, support network, one-on-one support, support groups, meals, spiritual support",11:00 AM - 20:00 PM,11:00 AM - 20:00 PM,11:00 AM - 20:00 PM,11:00 AM - 20:00 PM,11:00 AM - 20:00 PM,Closed,Closed
Outpatient Treatment Services (Tessie Cleveland Community Services Corporation (TCCSC)),Mental Health,8019 Compton Ave,Los Angeles,CA,90001,33.9660469,-118.2479797,323-588-7333,Not specified,"outpatient treatment, mental health evaluation, group therapy, family counseling, individual counseling, navigating the system, one-on-one support",,11:00 AM - 20:00 PM,11:00 AM - 20:00 PM,11:00 AM - 20:00 PM,11:00 AM - 20:00 PM,11:00 AM - 20:00 PM,Closed,Closed
Day Treatment Intensive Program (Tessie Cleveland Community Services Corporation (TCCSC)),Mental Health,8019 Compton Ave,Los Angeles,CA,90001,33.9660469,-118.2479797,323-588-7333,Not specified,,"counseling, family counseling, individual counseling, support network, support groups",17:30 PM - 22:00 PM,17:30 PM - 22:00 PM,17:30 PM - 22:00 PM,17:30 PM - 22:00 PM,17:30 PM - 22:00 PM,Closed,Closed
Wraparound Program (Tessie Cleveland Community Services Corporation (TCCSC)),Mental Health,8019 Compton Ave,Los Angeles,CA,90001,33.9660469,-118.2479797,323-588-7333,Not specified,,"health education, daily life skills, medical care, family counseling, recreation, navigating the system, support network, one-on-one support, advocacy & legal aid",11:00 AM - 20:00 PM,11:00 AM - 20:00 PM,11:00 AM - 20:00 PM,11:00 AM - 20:00 PM,11:00 AM - 20:00 PM,Closed,Closed
Therapeutic Behavioral Services (Tessie Cleveland Community Services Corporation (TCCSC)),Mental Health,8019 Compton Ave,Los Angeles,CA,90001,33.966045,-118.2480189,323-586-7333,Not specified,,"daily life skills, prescription assistance, counseling, medications for mental health, support network, one-on-one support",11:00 AM - 20:00 PM,11:00 AM - 20:00 PM,11:00 AM - 20:00 PM,11:00 AM - 20:00 PM,11:00 AM - 20:00 PM,Closed,Closed
Mental Health Services (Huntington Hospital),Mental Health,"100 W California Blvd, Pasadena",Los Angeles,CA,91105,34.133639,-118.152753,626-397-2323,Open,,"mental health care, mental health evaluation, outpatient treatment, residential treatment, psychiatric emergency services",11:00 AM - 20:00 PM,11:00 AM - 20:00 PM,11:00 AM - 20:00 PM,11:00 AM - 20:00 PM,11:00 AM - 20:00 PM,Closed,Closed
Senior Center - Recreation and Community Services Department (City of Inglewood),Mental Health,"330 Centinela Ave, Inglewood",Los Angeles,CA,90302,33.9713583,-118.3480698,310-412-5338,Open,,"health education, exercise & fitness, counseling, recreation, navigating the system, one-on-one support, virtual support, more education",11:00 AM - 20:00 PM,11:00 AM - 20:00 PM,11:00 AM - 20:00 PM,11:00 AM - 20:00 PM,11:00 AM - 20:00 PM,13:00 PM - 20:00 PM,Closed
Domestic Violence Support Services (Human Services Association (HSA)),Mental Health,"6800 Florence Ave, Bell Gardens",Los Angeles,CA,90201,33.9608694,-118.1451686,562-806-5400179,Open,,"parenting education, counseling",11:00 AM - 20:00 PM,11:00 AM - 20:00 PM,11:00 AM - 20:00 PM,11:00 AM - 20:00 PM,11:00 AM - 20:00 PM,Closed,Closed
Children's Counseling Program (Human Services Association (HSA)),Mental Health,"6800 Florence Avenue, Bell Gardens",Los Angeles,CA,90201,33.9607838,-118.1451373,562-806-5400117,Open,"counseling, navigating the system, support network, support groups",,11:00 AM - 20:00 PM,11:00 AM - 20:00 PM,11:00 AM - 20:00 PM,11:00 AM - 20:00 PM,11:00 AM - 20:00 PM,Closed,Closed
Pediatric Illness Support Network (Chai-Life Line),Mental Health,"475 S Robertson Blvd, Beverly Hills",Los Angeles,CA,90211,34.0575959,-118.38395,877-242-4543,Open,"counseling, recreation, relief for caregivers, bereavement, navigating the system, case management, overnight camp, peer support, virtual support, tutoring, advocacy & legal aid, transportation for healthcare",,11:00 AM - 20:00 PM,11:00 AM - 20:00 PM,11:00 AM - 20:00 PM,11:00 AM - 20:00 PM,11:00 AM - 20:00 PM,Closed,Closed
Mental Health Services for Children (St. Francis Medical Center),Mental Health,"3630 East Imperial Highway, Lynwood",Los Angeles,CA,90262,33.930826,-118.203228,310-900-8490,Open,,"counseling, specialized therapy, mental health care, family counseling, mental health evaluation, navigating the system, one-on-one support",13:30 PM - 22:00 PM,13:30 PM - 22:00 PM,12:30 PM - 21:00 PM,12:30 PM - 21:00 PM,12:30 PM - 21:00 PM,Closed,Closed
Recovery Services (Rogers Behavioral Health),Mental Health,5140 Goldleaf Circle,Los Angeles,CA,90056,33.9885211,-118.3689487,800-767-4411,Open,,"addiction & recovery, outpatient treatment, residential treatment, substance abuse counseling, specialized therapy, mental health care, mental health evaluation, support groups",11:00 AM - 20:00 PM,11:00 AM - 20:00 PM,11:00 AM - 20:00 PM,11:00 AM - 20:00 PM,11:00 AM - 20:00 PM,Closed,Closed
Adult Rehabilitation Center (ARC) (The Salvation Army -Pasadena Tabernacle Corps),Mental Health,"56 W. Del Mar Boulevard, Pasadena",Los Angeles,CA,91105,34.140189,-118.1519831,,Open,"addiction & recovery, 12-step, residential treatment, daily life skills, spiritual support, short-term housing, daily life skills, group therapy, substance abuse counseling, family counseling, individual counseling, recreation, meals",,11:00 AM - 20:00 PM,11:00 AM - 20:00 PM,11:00 AM - 20:00 PM,11:00 AM - 20:00 PM,11:00 AM - 20:00 PM,Closed,Closed
"Recuperative Care Center (Martin Luther King, Jr. Outpatient Center)",Mental Health,1721 East 120th Street,Los Angeles,CA,90059,33.9248997,-118.2420456,424-338-2000,Open,,"temporary shelter, addiction & recovery, medical care, skilled nursing, mental health care",0:00 AM - 11:59 PM,0:00 AM - 11:59 PM,0:00 AM - 11:59 PM,0:00 AM - 11:59 PM,0:00 AM - 11:59 PM,0:00 AM - 11:59 PM,0:00 AM - 11:59 PM
Residential Treatment (Beit T'Shuvah),Mental Health,8831 Venice Boulevard,Los Angeles,CA,90034,34.0308148,-118.3863231,866-511-0676,Open,,"addiction & recovery, residential treatment",11:00 AM - 20:00 PM,11:00 AM - 20:00 PM,11:00 AM - 20:00 PM,11:00 AM - 20:00 PM,11:00 AM - 20:00 PM,Closed,Closed
Mental Health Counseling (Sophie Davis-Cohen),Mental Health,"116 North Robertson Boulevard, Beverly Hills",Los Angeles,CA,90048,34.0759241,-118.3832932,424-256-3965,Open,,"mental health care, counseling, individual counseling, understand mental health, support & service animals",11:00 AM - 20:00 PM,11:00 AM - 20:00 PM,11:00 AM - 20:00 PM,11:00 AM - 20:00 PM,11:00 AM - 20:00 PM,Closed,Closed
Youth Services (Change Lanes Youth Support Services),Mental Health,"43845 10th Street West, Lancaster",Los Angeles,CA,93534,34.6800846,-118.1484285,,Open,,"addiction & recovery, substance abuse counseling, daily life skills, parenting education, anger management, support network, mentoring, peer support, college readiness",13:00 PM - 22:30 PM,12:00 PM - 22:30 PM,12:00 PM - 22:30 PM,14:00 PM - 18:00 PM,Closed,13:00 PM - 17:00 PM,Closed
Crisis Intervention Services (DeafLEAD),Mental Health,,Los Angeles,CA,,,,321-800-3323,Open,"individual counseling, case management, help hotlines, advocacy & legal aid, translation & interpretation",,10:00 AM - 18:00 PM,10:00 AM - 18:00 PM,10:00 AM - 18:00 PM,10:00 AM - 18:00 PM,10:00 AM - 18:00 PM,Closed,Closed
Family Support (Arms Wide Open Childhood Cancer Foundation),Mental Health,,Los Angeles,CA,,,,732-904-2799,Open,"help pay for healthcare, bereavement, financial assistance, support network, support groups",,8:00 AM - 17:00 PM,8:00 AM - 17:00 PM,8:00 AM - 17:00 PM,8:00 AM - 17:00 PM,8:00 AM - 17:00 PM,Closed,Closed
BeWellLine (Alter Health Group),Mental Health,,Los Angeles,CA,,,,866-349-6597,Open,"counseling, help hotlines, virtual support",,0:00 AM - 11:59 PM,0:00 AM - 11:59 PM,0:00 AM - 11:59 PM,0:00 AM - 11:59 PM,0:00 AM - 11:59 PM,0:00 AM - 11:59 PM,0:00 AM - 11:59 PM
VetSuccess on Campus (VSOC) (U.S. Department of Veterans Affairs),Mental Health,,Los Angeles,CA,,,,,Open,"counseling, navigating the system, one-on-one support, peer support, college readiness, help find healthcare",,8:00 AM - 16:00 PM,8:00 AM - 16:00 PM,8:00 AM - 16:00 PM,8:00 AM - 16:00 PM,8:00 AM - 16:00 PM,Closed,Closed
The Little Green Monster Project (Well Beings Studio),Mental Health,,Los Angeles,CA,,,,,Open,"counseling, family counseling, support groups, virtual support",,0:00 AM - 11:59 PM,0:00 AM - 11:59 PM,0:00 AM - 11:59 PM,0:00 AM - 11:59 PM,0:00 AM - 11:59 PM,0:00 AM - 11:59 PM,0:00 AM - 11:59 PM
Peer Support Line (Physician Support Line),Mental Health,,Los Angeles,CA,,,,888-409-0141,Open,"mental health care, help hotlines, peer support",,8:00 AM - 01:00 AM,8:00 AM - 01:00 AM,8:00 AM - 01:00 AM,8:00 AM - 01:00 AM,8:00 AM - 01:00 AM,8:00 AM - 01:00 AM,8:00 AM - 01:00 AM
Female Offender Treatment and Employment Program (FOTEP) (California Department of Corrections and Rehabilitation),Mental Health,,Los Angeles,CA,,,,916-327-3352,Open,"substance abuse counseling, navigating the system, help find work, supported employment",,11:00 AM - 20:00 PM,11:00 AM - 20:00 PM,11:00 AM - 20:00 PM,11:00 AM - 20:00 PM,11:00 AM - 20:00 PM,Closed,Closed
Survivor's Support Services (The Alliance Of Hope),Mental Health,,Los Angeles,CA,,,,847-868-3313,Open,,"bereavement, support network, support groups, virtual support",0:00 AM - 11:59 PM,0:00 AM - 11:59 PM,0:00 AM - 11:59 PM,0:00 AM - 11:59 PM,0:00 AM - 11:59 PM,0:00 AM - 11:59 PM,0:00 AM - 11:59 PM
STEVE Crisis Text Line (The Steve Fund),Mental Health,,Los Angeles,CA,,,,741741,Open,"mental health care, support network, help hotlines",,11:00 AM - 20:00 PM,11:00 AM - 20:00 PM,11:00 AM - 20:00 PM,11:00 AM - 20:00 PM,11:00 AM - 20:00 PM,Closed,Closed
Center Community Services (The Society of St. Vincent De Paul (SVDP) - Council of Los Angeles),Mental Health,210 N Ave 21,Los Angeles,CA,90031,34.0774475,-118.2209051,323-224-6287,Open,"nutrition education, housing advice, health education, understand mental health, group therapy, financial education, navigating the system, one-on-one support, more education, citizenship & immigration, computer class, advocacy & legal aid",,12:30 PM - 21:00 PM,12:30 PM - 21:00 PM,12:30 PM - 21:00 PM,12:30 PM - 21:00 PM,12:30 PM - 21:00 PM,12:30 PM - 21:00 PM,12:00 PM - 20:00 PM
Residential Program (Pennacle Foundation Inc.),Mental Health,7606 Dalton Avenue,Los Angeles,CA,90047,33.9706991,-118.3032725,323-750-2400,Open,"addiction & recovery, residential treatment, specialized therapy, anger management, individual counseling, financial education, more education",,11:00 AM - 20:00 PM,11:00 AM - 20:00 PM,11:00 AM - 20:00 PM,11:00 AM - 20:00 PM,11:00 AM - 20:00 PM,Closed,Closed
Psychotherapy Services (Silver Lake Psychotherapy),Mental Health,2110 Sunset Boulevard,Los Angeles,CA,90026,34.077189,-118.2641266,323-244-20661,Open,,"group therapy, family counseling, individual counseling, outpatient treatment",11:00 AM - 00:00 AM,11:00 AM - 00:00 AM,11:00 AM - 00:00 AM,11:00 AM - 00:00 AM,11:00 AM - 00:00 AM,13:00 PM - 17:00 PM,13:00 PM - 17:00 PM
Anger Management Classes (Via Care Community Health Center),Mental Health,"280 South Atlantic Boulevard, East Los Angeles",Los Angeles,CA,90022,34.0324842,-118.1532606,323-213-3617,Open,,"mental health care, anger management",11:30 AM - 19:30 PM,11:30 AM - 19:30 PM,11:30 AM - 22:00 PM,11:30 AM - 21:00 PM,12:00 PM - 21:00 PM,Closed,Closed
Mental Health Services (Children's Bureau),Mental Health,1910 Magnolia Avenue,Los Angeles,CA,90007,34.0394723,-118.285642,213-342-0100,Open,,"outpatient treatment, mental health evaluation, counseling, mental health care, group therapy, family counseling, individual counseling, medications for mental health, navigating the system",12:00 PM - 20:00 PM,12:00 PM - 20:00 PM,12:00 PM - 20:00 PM,12:00 PM - 20:00 PM,12:00 PM - 20:00 PM,Closed,Closed
Black Infant Health program (Children's Bureau),Mental Health,1910 Magnolia Avenue,Los Angeles,CA,90007,34.0394723,-118.285642,213-342-0100,Open,"daily life skills, understand mental health, case management, support groups",,12:00 PM - 20:00 PM,12:00 PM - 20:00 PM,12:00 PM - 20:00 PM,12:00 PM - 20:00 PM,12:00 PM - 20:00 PM,Closed,Closed
Vista Village Early Head Start Home-Based (Vista Village),Mental Health,6926 Melrose Avenue,Los Angeles,CA,90038,34.0832145,-118.3424423,323-934-7979,Open,"parenting education, in-home support, mental health care, head start, support network, disability screening, case management",,11:00 AM - 20:00 PM,11:00 AM - 20:00 PM,11:00 AM - 20:00 PM,11:00 AM - 20:00 PM,11:00 AM - 20:00 PM,Closed,Closed
"Outpatient Substance Abuse Treatment (Behavioral Health Services, Inc. (BHS))",Mental Health,3421 East Olympic Boulevard,Los Angeles,CA,90023,34.0189828,-118.2045099,310679-9126,Open,,"addiction & recovery, outpatient treatment, sober living, health education, daily life skills, support groups",11:00 AM - 20:00 PM,11:00 AM - 20:00 PM,11:00 AM - 20:00 PM,11:00 AM - 20:00 PM,11:00 AM - 20:00 PM,Closed,Closed
"Youth Outpatient Services (Behavioral Health Services, Inc. (BHS))",Mental Health,3421 East Olympic Boulevard,Los Angeles,CA,90023,34.0189828,-118.2045099,323-221-1746,Open,,"addiction & recovery, outpatient treatment, mental health care",11:00 AM - 20:00 PM,11:00 AM - 20:00 PM,11:00 AM - 20:00 PM,11:00 AM - 20:00 PM,11:00 AM - 20:00 PM,Closed,Closed
"Assessment (Behavioral Health Services, Inc. (BHS))",Mental Health,3421 East Olympic Boulevard,Los Angeles,CA,90023,34.0189828,-118.2045099,323-262-1786,Open,"substance abuse counseling, understand mental health, mental health care, mental health evaluation, navigating the system, one-on-one support",,11:00 AM - 20:00 PM,11:00 AM - 20:00 PM,11:00 AM - 20:00 PM,11:00 AM - 20:00 PM,11:00 AM - 20:00 PM,Closed,Closed
Substance Use Recovery Program (The Center in Hollywood),Mental Health,6636 Selma Avenue,Los Angeles,CA,90028,34.0995242,-118.3344788,323-378-3225,Open,"addiction & recovery, substance abuse counseling, medications for addiction, group therapy, individual counseling, navigating the system",,12:00 PM - 14:00 PM,12:00 PM - 14:00 PM,12:00 PM - 14:00 PM,12:00 PM - 14:00 PM,Closed,Closed,Closed
"Behavioral Health (Mission City Community Network, Inc (MCCN))",Mental Health,2665 West Olympic Boulevard,Los Angeles,CA,90006,34.0526349,-118.2905049,818-895-3100,Open,,"mental health care, navigating the system",11:00 AM - 20:00 PM,03:00 AM - 03:00 AM,11:00 AM - 20:00 PM,Closed,11:00 AM - 20:00 PM,Closed,Closed
Gateways Adult Inpatient Program (Gateways Hospital and Mental Health Center),Mental Health,1891 Effie St,Los Angeles,CA,90026,34.0849411,-118.2567073,323-644-2000,Open,,"mental health care, counseling, mental health evaluation, psychiatric emergency services, understand mental health",11:00 AM - 20:00 PM,11:00 AM - 20:00 PM,11:00 AM - 20:00 PM,11:00 AM - 20:00 PM,11:00 AM - 20:00 PM,Closed,Closed
Gateway Homeless Services (Gateways Hospital and Mental Health Center),Mental Health,320 North Madison Avenue,Los Angeles,CA,90004,34.0770131,-118.288958,323-644-2026,Open,"short-term housing, counseling, individual counseling, navigating the system",,11:00 AM - 19:00 PM,11:00 AM - 19:00 PM,11:00 AM - 19:00 PM,11:00 AM - 19:00 PM,11:00 AM - 19:00 PM,Closed,Closed
AIDS Substance Misuse Prevention Initiative through Resource Engagement (ASPIRE) (Asian Pacific AIDS Intervention Team (APAIT)),Mental Health,3055 Wilshire Boulevard,Los Angeles,CA,90010,34.0620291,-118.2880824,,Open,"help find housing, mental health care, substance abuse counseling, sexual and reproductive health, std/sti treatment & prevention, hiv treatment, navigating the system",,11:00 AM - 20:00 PM,11:00 AM - 20:00 PM,11:00 AM - 20:00 PM,11:00 AM - 20:00 PM,11:00 AM - 20:00 PM,Closed,Closed
Mental Health Services (St. Anthony Medical Centers (SAMC)),Mental Health,2515 W Pico Blvd,Los Angeles,CA,90006,34.0474885,-118.2922381,323-469-5555,Open,"psychiatric emergency services, specialized therapy, mental health care, outpatient treatment",,11:00 AM - 20:00 PM,11:00 AM - 20:00 PM,11:00 AM - 20:00 PM,11:00 AM - 20:00 PM,11:00 AM - 20:00 PM,Closed,Closed
Behavioral Health Services (Homeless Outreach Program Integrated Care System (HOPICS)),Mental Health,5849 Crocker St,Los Angeles,CA,90003,33.9882561,-118.2686678,,Temporarily closed,"temporary shelter, help find housing, substance abuse counseling, counseling, mental health care",,Closed,Closed,Closed,Closed,Closed,Closed,Closed
Family Planning Services (FPA Women’s Health),Mental Health,601 South Westmoreland Avenue,Los Angeles,CA,90005,34.0634556,-118.2887935,877-883-7264,Open,,"family planning, medical care, checkup & test, disease screening, pregnancy tests, mental health care, sexual and reproductive health, birth control, std/sti treatment & prevention, virtual support",11:00 AM - 20:00 PM,11:00 AM - 20:00 PM,11:00 AM - 20:00 PM,11:00 AM - 20:00 PM,11:00 AM - 20:00 PM,Closed,11:00 AM - 20:00 PM
Mariposa Recovery Home (Social Model Recovery Systems),Mental Health,453 South Indiana Street,Los Angeles,CA,90063,34.0307217,-118.1926195,323-266-7726,Open,,"counseling, anger management, individual counseling",11:00 AM - 20:00 PM,11:00 AM - 20:00 PM,11:00 AM - 20:00 PM,11:00 AM - 20:00 PM,11:00 AM - 20:00 PM,Closed,Closed
Specialized Treatment for Optimized Programming (STOP) - Area 5 (Amity Foundation),Mental Health,3801 South Broadway,Los Angeles,CA,90037,34.0138529,-118.2774662,213-222-1611,Open,"addiction & recovery, outpatient treatment, residential treatment, sober living, substance abuse counseling",,11:00 AM - 20:00 PM,11:00 AM - 20:00 PM,11:00 AM - 20:00 PM,11:00 AM - 20:00 PM,11:00 AM - 20:00 PM,Closed,Closed
"Youth Services (Helping Kids To Recover, Inc.)",Mental Health,,Los Angeles,CA,,,,310-867-4166,Open,"health education, daily life skills, prevent & treat, mental health care, anger management, substance abuse counseling, sexual and reproductive health, navigating the system, case management, skills & training, resume development, help find work",,11:00 AM - 20:00 PM,11:00 AM - 20:00 PM,11:00 AM - 20:00 PM,11:00 AM - 20:00 PM,11:00 AM - 20:00 PM,Closed,Closed
"Medications for Addiction Treatment (MAT Services) (Tarzana Treatment Centers, Inc. (TTC))",Mental Health,12021 Wilmington Avenue,Los Angeles,CA,90059,33.9241421,-118.2396155,888-777-8565,Open,,"addiction & recovery, outpatient treatment, substance abuse counseling, mental health care",8:30 AM - 17:00 PM,8:30 AM - 17:00 PM,8:30 AM - 17:00 PM,8:30 AM - 17:00 PM,8:30 AM - 17:00 PM,Closed,Closed
Children Mental Health Services (Drew Cdc - Mental Health And Alternative Payment),Mental Health,"3737 Martin Luther King Junior Boulevard, Lynwood",Los Angeles,CA,90262,33.9288026,-118.2002791,323-249-2950,Open,,"parenting education, group therapy, family counseling, individual counseling, medications for mental health, mental health evaluation, outpatient treatment, understand mental health, case management",11:00 AM - 20:00 PM,11:00 AM - 20:00 PM,11:00 AM - 20:00 PM,11:00 AM - 20:00 PM,11:00 AM - 20:00 PM,Closed,Closed
Counseling / Wellness (Project Impact USA),Mental Health,"2640 Industry Way, Lynwood",Los Angeles,CA,90262,33.9233529,-118.2251607,888-431-2882,Open,"counseling, group therapy",,11:00 AM - 20:00 PM,11:00 AM - 20:00 PM,11:00 AM - 20:00 PM,11:00 AM - 20:00 PM,11:00 AM - 20:00 PM,Closed,Closed
Counseling and Resource Services (CARS) (Centinela Youth Services),Mental Health,"11539 Hawthorne Blvd, Hawthorne",Los Angeles,CA,90250,33.9294387,-118.3532919,310-970-7702,Not specified,,"addiction & recovery, counseling, mental health care, substance abuse counseling",11:00 AM - 20:00 PM,11:00 AM - 20:00 PM,11:00 AM - 20:00 PM,11:00 AM - 20:00 PM,11:00 AM - 20:00 PM,Closed,Closed
Behavior Health Services (All Families Matter Counseling),Mental Health,,Los Angeles,CA,,,,213-926-1100,Open,,"mental health care, counseling, substance abuse counseling, family counseling, individual counseling, outpatient treatment",11:00 AM - 20:00 PM,11:00 AM - 20:00 PM,11:00 AM - 20:00 PM,11:00 AM - 20:00 PM,11:00 AM - 20:00 PM,Closed,Closed
Support Groups (Return to Zero: HOPE),Mental Health,,Los Angeles,CA,,,,,Open,,"bereavement, peer support, virtual support",11:00 AM - 20:00 PM,11:00 AM - 20:00 PM,11:00 AM - 20:00 PM,11:00 AM - 20:00 PM,11:00 AM - 20:00 PM,Closed,Closed
Men's Residential Addiction Treatment (Clare/Matrix),Mental Health,"1865 9th Street, Santa Monica",Los Angeles,CA,90405,34.0133809,-118.4820482,866-452-5273,Open,,"addiction & recovery, residential treatment",11:00 AM - 21:00 PM,11:00 AM - 21:00 PM,11:00 AM - 21:00 PM,11:00 AM - 21:00 PM,11:00 AM - 21:00 PM,12:00 PM - 21:00 PM,Closed
Support For Families (My Good),Mental Health,,Los Angeles,CA,,,,,Open,"bereavement, financial assistance, navigating the system, virtual support, advocacy & legal aid, help pay for healthcare, burial & funeral help, help find healthcare, mental health care",,11:00 AM - 20:00 PM,11:00 AM - 20:00 PM,11:00 AM - 20:00 PM,11:00 AM - 20:00 PM,11:00 AM - 20:00 PM,Closed,Closed
Online Support Groups (HFC),Mental Health,,Los Angeles,CA,,,,203-883-1380,Open,"bereavement, support groups",,11:00 AM - 20:00 PM,11:00 AM - 20:00 PM,11:00 AM - 20:00 PM,11:00 AM - 20:00 PM,11:00 AM - 20:00 PM,Closed,Closed
Bereavement Support and Financial Assistance (The Luca John Foundation),Mental Health,,Los Angeles,CA,,,,866-613-2716,Open,"bereavement, burial & funeral help, financial assistance",,8:00 AM - 17:00 PM,8:00 AM - 17:00 PM,8:00 AM - 17:00 PM,8:00 AM - 17:00 PM,8:00 AM - 17:00 PM,Closed,Closed
Helping Honor Baby Angels (Cael's Angels Association),Mental Health,,Los Angeles,CA,,,,763-785-4173,Open,"bereavement, burial & funeral help, support network, financial assistance",,10:00 AM - 18:00 PM,10:00 AM - 18:00 PM,10:00 AM - 18:00 PM,10:00 AM - 18:00 PM,10:00 AM - 18:00 PM,Closed,Closed
Stanford Children's Health Teen Van (Stanford Children's Health),Mental Health,,Los Angeles,CA,,,,650-736-7172,Open,"substance abuse counseling, medical care, primary care, checkup & test, pregnancy tests, prevent & treat, vaccinations, mental health care, mental health evaluation, sexual and reproductive health, womens health, std/sti treatment & prevention",,0:00 AM - 11:59 PM,0:00 AM - 11:59 PM,0:00 AM - 11:59 PM,0:00 AM - 11:59 PM,0:00 AM - 11:59 PM,0:00 AM - 11:59 PM,0:00 AM - 11:59 PM
Victims and Survivors Services (Crime Victims Assistance Network (iCAN) Foundation),Mental Health,,Los Angeles,CA,,,,916-273-3603,Open,"counseling, navigating the system, support network, one-on-one support, advocacy & legal aid",,11:00 AM - 20:00 PM,11:00 AM - 20:00 PM,11:00 AM - 20:00 PM,11:00 AM - 20:00 PM,11:00 AM - 20:00 PM,Closed,Closed
Disaster Distress Helpline (Substance Abuse and Mental Health Services Administration (SAMHSA)),Mental Health,,Los Angeles,CA,,,,800-985-5990,Open,"disaster response, counseling, mental health care, navigating the system, help hotlines, translation & interpretation",,0:00 AM - 11:59 PM,0:00 AM - 11:59 PM,0:00 AM - 11:59 PM,0:00 AM - 11:59 PM,0:00 AM - 11:59 PM,0:00 AM - 11:59 PM,0:00 AM - 11:59 PM
Amala Hopeline (Muslim American Society (MAS) - Social Services Foundation (SSF)),Mental Health,,Los Angeles,CA,,,,855-952-6252,Open,"counseling, help hotlines, peer support",,21:00 PM - 11:59 PM,Closed,21:00 PM - 11:59 PM,Closed,21:00 PM - 11:59 PM,21:00 PM - 11:59 PM,21:00 PM - 11:59 PM
HOPE Mentor (MISS Foundation),Mental Health,,Los Angeles,CA,,,,,Open,"bereavement, one-on-one support, peer support, virtual support",,9:00 AM - 18:00 PM,9:00 AM - 18:00 PM,9:00 AM - 18:00 PM,9:00 AM - 18:00 PM,9:00 AM - 18:00 PM,Closed,Closed
American Indian Changing Spirits - Transitional Housing (Century Villages at Cabrillo (CVC)),Mental Health,"2001 River Ave, Long Beach",Los Angeles,CA,90810,33.7922259,-118.2222953,562-388-8118,Open,,"addiction & recovery, residential treatment, sober living, daily life skills",11:00 AM - 20:00 PM,11:00 AM - 20:00 PM,11:00 AM - 20:00 PM,11:00 AM - 20:00 PM,11:00 AM - 20:00 PM,Closed,Closed
Outpatient Mental Health Services (Long Beach Child and Adolescent Clinic),Mental Health,"240 East 20th Street, Long Beach",Los Angeles,CA,90806,33.7934677,-118.1902965,562-599-9271,Open,,"outpatient treatment, mental health care, counseling, family counseling, individual counseling, medications for mental health, mental health evaluation",11:00 AM - 21:00 PM,11:00 AM - 21:00 PM,11:00 AM - 21:00 PM,11:00 AM - 21:00 PM,11:00 AM - 20:00 PM,Closed,Closed
Outpatient Behavioral Health Program (El Proyecto Del Barrio),Mental Health,9140 Van Nuys Boulevard,Los Angeles,CA,91402,34.2366658,-118.4497211,818-895-2206,Open,,"transportation, addiction & recovery, substance abuse counseling, health education, parenting education, mental health care, group therapy, individual counseling, mental health evaluation, childcare, navigating the system, case management, support network, peer support",11:00 AM - 20:00 PM,11:00 AM - 20:00 PM,11:00 AM - 20:00 PM,11:00 AM - 20:00 PM,11:00 AM - 20:00 PM,12:00 PM - 20:00 PM,Closed
Mental Health Counseling (The San Fernando Valley Counseling Center (SFVCC)),Mental Health,7247 Hayvenhurst Avenue,Los Angeles,CA,91406,34.2025495,-118.4936256,818-341-1111,Open,,"mental health care, counseling, family counseling, individual counseling",11:00 AM - 20:00 PM,11:00 AM - 20:00 PM,11:00 AM - 20:00 PM,11:00 AM - 20:00 PM,11:00 AM - 20:00 PM,Closed,Closed
Counseling Services (Families and Communities Together (FaCT)),Mental Health,"501 South Idaho Street, La Habra",Los Angeles,CA,90631,33.9277881,-117.9597721,714-447-3460,Open,"counseling, group therapy, family counseling, individual counseling",,11:30 AM - 20:30 PM,11:30 AM - 23:00 PM,11:30 AM - 20:30 PM,11:30 AM - 23:00 PM,11:30 AM - 20:30 PM,Closed,Closed
Medication Assisted Treatment (MAT) (Western Health Community Clinic),Mental Health,1647 West Anaheim Street,Los Angeles,CA,90710,33.7863436,-118.3058744,310534-5590,Open,,"addiction & recovery, outpatient treatment, medications for addiction",8:30 AM - 14:30 PM,8:30 AM - 14:30 PM,8:30 AM - 14:30 PM,8:30 AM - 14:30 PM,8:30 AM - 14:30 PM,8:30 AM - 14:30 PM,8:30 AM - 14:30 PM
Creative Health & Wellness Clinic (CHWC) (Able ARTS Work),Mental Health,"3626 California 1, Long Beach",Los Angeles,CA,90804,33.7896123,-118.1491451,562-982-0247,Open,,outpatient treatment,11:00 AM - 20:00 PM,11:00 AM - 20:00 PM,11:00 AM - 20:00 PM,11:00 AM - 20:00 PM,11:00 AM - 20:00 PM,Closed,Closed
Counseling Services (West Valley Counseling Center (WVCC)),Mental Health,18226 Ventura Boulevard,Los Angeles,CA,91356,34.1660957,-118.5300663,818-758-9450,Open,,"counseling, mental health care, group therapy, family counseling, individual counseling, outpatient treatment",11:00 AM - 00:00 AM,11:00 AM - 00:00 AM,11:00 AM - 00:00 AM,11:00 AM - 00:00 AM,11:00 AM - 00:00 AM,11:00 AM - 00:00 AM,11:00 AM - 00:00 AM
Fuerza Inc. (Fuerza Inc),Mental Health,"1340 Mcwood Street, West Covina",Los Angeles,CA,91790,34.0515177,-117.9173711,323-726-2418,Open,"health education, counseling, navigating the system, support network, one-on-one support, spiritual support, skills & training",,11:00 AM - 20:00 PM,11:00 AM - 20:00 PM,11:00 AM - 20:00 PM,11:00 AM - 20:00 PM,11:00 AM - 20:00 PM,Closed,Closed
"Recovery, Resilience and Reintegration Services (RRR) (Hillview Mental Health Center)",Mental Health,12450 Van Nuys Boulevard,Los Angeles,CA,91331,34.2786682,-118.4040331,818-896-1161,Open,,"help find housing, addiction & recovery, detox, mental health care, community support services, one-on-one support",12:00 PM - 20:30 PM,12:00 PM - 20:30 PM,12:00 PM - 20:30 PM,12:00 PM - 20:30 PM,12:00 PM - 20:30 PM,Closed,Closed
Boys Town National Hotline (Boys Town),Mental Health,,Los Angeles,CA,,,,800-448-3000,Open,"counseling, help hotlines, one-on-one support, virtual support, translation & interpretation",,0:00 AM - 11:59 PM,0:00 AM - 11:59 PM,0:00 AM - 11:59 PM,0:00 AM - 11:59 PM,0:00 AM - 11:59 PM,0:00 AM - 11:59 PM,0:00 AM - 11:59 PM
Child Abuse Prevention and Treatment (The Children's Center of the Antelope Valley),Mental Health,"45111 Fern Avenue, Lancaster",Los Angeles,CA,93534,34.7014968,-118.1454696,661-949-1206,Open,"family counseling, support network, counseling, support groups, more education",,11:00 AM - 20:00 PM,11:00 AM - 20:00 PM,11:00 AM - 20:00 PM,11:00 AM - 20:00 PM,11:00 AM - 20:00 PM,Closed,Closed
Recovery Options (Covenant Hills),Mental Health,,Los Angeles,CA,,,,844-277-9386,Open,"counseling, navigating the system, help hotlines, one-on-one support",,0:00 AM - 11:59 PM,0:00 AM - 11:59 PM,0:00 AM - 11:59 PM,0:00 AM - 11:59 PM,0:00 AM - 11:59 PM,0:00 AM - 11:59 PM,0:00 AM - 11:59 PM
SAMHSA's National Helpline (Substance Abuse and Mental Health Services Administration (SAMHSA)),Mental Health,,Los Angeles,CA,,,,800-662-4357,Open,"understand mental health, help find healthcare, navigating the system, help hotlines",,0:00 AM - 11:59 PM,0:00 AM - 11:59 PM,0:00 AM - 11:59 PM,0:00 AM - 11:59 PM,0:00 AM - 11:59 PM,0:00 AM - 11:59 PM,0:00 AM - 11:59 PM
Online Grief Support (The Compassionate Friends),Mental Health,,Los Angeles,CA,,,,,Open,"bereavement, support groups, virtual support",,9:00 AM - 18:00 PM,9:00 AM - 18:00 PM,9:00 AM - 18:00 PM,9:00 AM - 18:00 PM,9:00 AM - 18:00 PM,Closed,Closed
California Youth Crisis Line (CYCL) (California Coalition for Youth),Mental Health,,Los Angeles,CA,,,,800-843-5200,Open,"psychiatric emergency services, counseling, navigating the system, help hotlines, virtual support, translation & interpretation",,0:00 AM - 11:59 PM,0:00 AM - 11:59 PM,0:00 AM - 11:59 PM,0:00 AM - 11:59 PM,0:00 AM - 11:59 PM,0:00 AM - 11:59 PM,0:00 AM - 11:59 PM
Vet Centers - California (U.S. Department of Veterans Affairs),Mental Health,"5400 E Olympic Blvd, Commerce",Los Angeles,CA,90022,34.0151394,-118.1556856,877-927-8387,Open,"addiction & recovery, disease screening, counseling, family counseling, individual counseling, government benefits, understand government programs, navigating the system, support network, help find work, skills assessment",,10:00 AM - 23:30 PM,10:00 AM - 00:30 AM,10:00 AM - 01:00 AM,10:00 AM - 01:00 AM,10:00 AM - 01:00 AM,11:00 AM - 19:30 PM,Closed
Sexual Assault Crisis Line and Support (YWCA Greater Los Angeles),Mental Health,2501 West Vernon Avenue,Los Angeles,CA,90008,34.0039449,-118.3205093,877-943-5778,Open,"group therapy, individual counseling, navigating the system, help hotlines, one-on-one support",,11:00 AM - 20:00 PM,11:00 AM - 20:00 PM,11:00 AM - 20:00 PM,11:00 AM - 20:00 PM,11:00 AM - 20:00 PM,Closed,Closed
HIV/AIDs Care (AltaMed Health Services),Mental Health,"5427 Whittier Blvd., East Los Angeles",Los Angeles,CA,90022,34.0198609,-118.1531488,888-499-9303,Open,,"medical care, prevent & treat, counseling, hiv treatment, sexual and reproductive health, std/sti treatment & prevention",11:00 AM - 20:00 PM,11:00 AM - 20:00 PM,11:00 AM - 20:00 PM,11:00 AM - 20:00 PM,11:00 AM - 20:00 PM,Closed,Closed
Child and Adolescent Outpatient Program (Gateways Hospital and Mental Health Center),Mental Health,1891 Effie Street,Los Angeles,CA,90026,34.0852968,-118.256591,323-644-2000,Not specified,,"outpatient treatment, substance abuse counseling, mental health care, group therapy, family counseling, individual counseling, navigating the system, case management",11:00 AM - 20:00 PM,11:00 AM - 20:00 PM,11:00 AM - 20:00 PM,11:00 AM - 20:00 PM,11:00 AM - 20:00 PM,Closed,Closed
Medication Assisted Treatment (MAT) (Pinnacle Treatment Centers - California),Mental Health,"614 West Manchester Boulevard, Inglewood",Los Angeles,CA,90301,33.9613775,-118.367333,800-782-1520,Open,,"addiction & recovery, outpatient treatment, medications for addiction",8:00 AM - 16:30 PM,8:00 AM - 16:30 PM,8:00 AM - 16:30 PM,8:00 AM - 16:30 PM,8:00 AM - 16:30 PM,Closed,Closed
Vocational Training (L.A. GOAL),Mental Health,"4911 Overland Avenue, Culver City",Los Angeles,CA,90230,34.0079809,-118.3976137,310-838-5274,Open,,"daily life skills, counseling, specialized therapy, help fill out forms, help hotlines, more education, skills & training, computer class, interview training, help find work",11:30 AM - 16:30 PM,11:30 AM - 16:30 PM,11:30 AM - 16:30 PM,11:30 AM - 16:30 PM,11:30 AM - 16:30 PM,Closed,Closed
Primary Care Services (Achievable Foundation),Mental Health,"5901 Green Valley Circle, Culver City",Los Angeles,CA,90230,33.984437,-118.392257,424-266-7474,Open,,"family planning, medical care, primary care, prevent & treat, vaccinations, mental health care, mental health evaluation, understand government programs, navigating the system, help fill out forms, translation & interpretation",11:00 AM - 20:00 PM,11:00 AM - 20:00 PM,11:00 AM - 20:00 PM,11:00 AM - 20:00 PM,11:00 AM - 20:00 PM,Closed,Closed
Play Therapy (Therapeutic Play Foundation),Mental Health,"236 West Mountain Street, Pasadena",Los Angeles,CA,91103,34.1615061,-118.1575553,323-924-9084,Open,,"specialized therapy, mental health care",11:00 AM - 20:00 PM,11:00 AM - 20:00 PM,11:00 AM - 20:00 PM,11:00 AM - 20:00 PM,11:00 AM - 20:00 PM,Closed,Closed
Prenatal Care (Arroyo Vista Family Health Center),Mental Health,6000 North Figueroa Street,Los Angeles,CA,90042,34.1113077,-118.1886489,323-254-5221,Open,,"health education, family planning, checkup & test, pregnancy tests, maternity care, counseling, navigating the system",11:00 AM - 22:00 PM,11:00 AM - 22:00 PM,11:00 AM - 22:00 PM,11:00 AM - 22:00 PM,11:00 AM - 22:00 PM,11:00 AM - 20:00 PM,Closed
"Mental Health Treatment (Behavioral Health Services, Inc. (BHS))",Mental Health,4099 N Mission Rd,Los Angeles,CA,90032,34.076491,-118.19514,323-221-1746,Open,"disease management, medication management, mental health care, group therapy, individual counseling, medications for mental health, mental health evaluation, outpatient treatment, residential treatment",,11:00 AM - 20:00 PM,11:00 AM - 20:00 PM,11:00 AM - 20:00 PM,11:00 AM - 20:00 PM,11:00 AM - 20:00 PM,Closed,Closed
Counseling and Case Management (Center for the Pacific Asian Family (CPAF)),Mental Health,3424 Wilshire Boulevard,Los Angeles,CA,90010,34.0612473,-118.2986006,800-339-3940,Open,"counseling, group therapy, individual counseling, navigating the system, help fill out forms, one-on-one support, health education, advocacy & legal aid, citizenship & immigration",,11:00 AM - 20:00 PM,11:00 AM - 20:00 PM,11:00 AM - 20:00 PM,11:00 AM - 20:00 PM,11:00 AM - 20:00 PM,Closed,Closed
Early Intervention Outpatient Treatment (Wellnest),Mental Health,3787 South Vermont Avenue,Los Angeles,CA,90007,34.0171371,-118.2918992,323-766-2345,Open,,"outpatient treatment, parenting education, counseling, family counseling, individual counseling, navigating the system, case management",11:00 AM - 20:00 PM,11:00 AM - 20:00 PM,11:00 AM - 20:00 PM,11:00 AM - 20:00 PM,11:00 AM - 20:00 PM,Closed,Closed
Our Programs (Counseling4Kids),Mental Health,"225 West Broadway, Glendale",Los Angeles,CA,91204,34.147006,-118.2567737,,Open,"mental health care, counseling, outpatient treatment, understand mental health, mental health care, family counseling, individual counseling, medications for mental health, mental health evaluation",,11:00 AM - 20:00 PM,11:00 AM - 20:00 PM,11:00 AM - 20:00 PM,11:00 AM - 20:00 PM,11:00 AM - 20:00 PM,Closed,Closed
Individual Counseling (Counseling Partners of Los Angeles (CPLA)),Mental Health,2016 West Washington Boulevard,Los Angeles,CA,90018,34.039715,-118.3038265,310-459-2752,Open,,"counseling, mental health care, individual counseling",11:00 AM - 20:00 PM,11:00 AM - 20:00 PM,11:00 AM - 20:00 PM,11:00 AM - 20:00 PM,11:00 AM - 20:00 PM,Closed,Closed
Emergency Department (East Los Angeles Doctors Hospital),Mental Health,4060 Whittier Boulevard,Los Angeles,CA,90023,34.0237682,-118.1841496,,Open,,"outpatient treatment, medical care, checkup & test, disease screening, prevent & treat",0:00 AM - 11:59 PM,0:00 AM - 11:59 PM,0:00 AM - 11:59 PM,0:00 AM - 11:59 PM,0:00 AM - 11:59 PM,0:00 AM - 11:59 PM,0:00 AM - 11:59 PM
JFS Hope - Assistance for Domestic Violence Survivors (Jewish Family Service of Los Angeles (JFSLA)),Mental Health,,Los Angeles,CA,,,,818-505-0900,Open,"temporary shelter, immediate safety, short-term housing, navigating the system, case management, support network, counseling, help hotlines, support groups, virtual support, more education, advocacy & legal aid",,11:00 AM - 20:00 PM,11:00 AM - 20:00 PM,11:00 AM - 20:00 PM,11:00 AM - 20:00 PM,11:00 AM - 20:00 PM,Closed,Closed
Mental Health Services (Jewish Family Service of Los Angeles (JFSLA)),Mental Health,,Los Angeles,CA,,,,877-275-4537,Open,"parenting education, counseling, navigating the system, one-on-one support, spiritual support, support groups, health education, skills & training",,11:00 AM - 20:00 PM,11:00 AM - 20:00 PM,11:00 AM - 20:00 PM,11:00 AM - 20:00 PM,11:00 AM - 20:00 PM,Closed,Closed
Survivors of the Holocaust Program/Caf Europa (Jewish Family Service of Los Angeles (JFSLA)),Mental Health,330 North Fairfax Avenue,Los Angeles,CA,90036,34.0770549,-118.3611496,877-275-4537,Open,"counseling, financial assistance, recreation, navigating the system, help fill out forms, support network, virtual support",,11:00 AM - 20:00 PM,11:00 AM - 20:00 PM,11:00 AM - 20:00 PM,11:00 AM - 20:00 PM,11:00 AM - 20:00 PM,Closed,Closed
13 Reasons Why I Can Love Myself (Casa de la Familia (CDLF)),Mental Health,3550 Wilshire Boulevard,Los Angeles,CA,90010,34.0610984,-118.3022677,877-611-2272,Open,"health education, mental health care, navigating the system, support network, virtual support",,12:00 PM - 20:00 PM,12:00 PM - 20:00 PM,12:00 PM - 20:00 PM,12:00 PM - 20:00 PM,12:00 PM - 20:00 PM,Closed,Closed
The Way In (Salvation Army - California South),Mental Health,5939 Hollywood Boulevard,Los Angeles,CA,90028,34.101975,-118.3191061,323-469-2946,Open,"temporary shelter, meals, residential housing, daily life skills, medical care, counseling, navigating the system, support network, one-on-one support, skills assessment, job placement, advocacy & legal aid",,11:00 AM - 20:00 PM,11:00 AM - 20:00 PM,11:00 AM - 20:00 PM,11:00 AM - 20:00 PM,11:00 AM - 20:00 PM,Closed,Closed
Integrated Care Program (Exodus Recovery),Mental Health,1920 Marengo Street,Los Angeles,CA,90033,34.0573271,-118.2096695,323-276-6450,Open,,"substance abuse counseling, disease management, prescription assistance, primary care, checkup & test, group therapy, individual counseling, mental health evaluation, navigating the system, one-on-one support",11:00 AM - 19:00 PM,11:00 AM - 19:00 PM,11:00 AM - 19:00 PM,11:00 AM - 19:00 PM,11:00 AM - 19:00 PM,Closed,Closed
Substance Use Disorder (SUD) Outpatient Program (Exodus Recovery),Mental Health,1920 Marengo Street,Los Angeles,CA,90033,34.0573271,-118.2096695,323-276-6465,Open,,"addiction & recovery, 12-step, substance abuse counseling, health education, group therapy, individual counseling, skills & training",13:30 PM - 22:00 PM,13:30 PM - 22:00 PM,13:30 PM - 22:00 PM,13:30 PM - 22:00 PM,13:30 PM - 22:00 PM,Closed,Closed
Urgent Care Center (Exodus Recovery),Mental Health,1920 Marengo Street,Los Angeles,CA,90033,34.0573271,-118.2096695,323-276-6400,Open,,"psychiatric emergency services, mental health care, medications for mental health, mental health evaluation, navigating the system, one-on-one support",0:00 AM - 11:59 PM,0:00 AM - 11:59 PM,0:00 AM - 11:59 PM,0:00 AM - 11:59 PM,0:00 AM - 11:59 PM,0:00 AM - 11:59 PM,0:00 AM - 11:59 PM
A Clinic for Us (Black Aids Institute (BAI)),Mental Health,1833 West 8th Street,Los Angeles,CA,90057,34.0538887,-118.2751824,213-224-7488,Open,"help pay for healthcare, prescription assistance, checkup & test, prevent & treat, counseling, hiv treatment, std/sti treatment & prevention, navigating the system",,Closed,12:00 PM - 21:00 PM,Closed,12:00 PM - 21:00 PM,12:00 PM - 21:00 PM,12:00 PM - 21:00 PM,Closed
Family Services - Family Preservation Program (Helpline Youth Counseling (HYC)),Mental Health,4055 East Olympic Boulevard,Los Angeles,CA,90023,34.0191842,-118.1875961,213-226-0969,Not specified,,"counseling, in-home support, family counseling, one-on-one support",11:00 AM - 20:00 PM,11:00 AM - 20:00 PM,11:00 AM - 20:00 PM,11:00 AM - 20:00 PM,11:00 AM - 20:00 PM,Closed,Closed
Outpatient Services (The Whole Child),Mental Health,"630 Leonard Avenue, East Los Angeles",Los Angeles,CA,90022,34.0205171,-118.1418461,562-692-0383,Open,,"psychiatric emergency services, outpatient treatment, mental health evaluation",11:00 AM - 20:00 PM,11:00 AM - 20:00 PM,11:00 AM - 20:00 PM,11:00 AM - 20:00 PM,11:00 AM - 20:00 PM,Closed,Closed
Therapeutic Services (Centro De Bienestar Familiar),Mental Health,1930 Wilshire Boulevard,Los Angeles,CA,90057,34.0571399,-118.2745293,213-361-0315,Open,,"parenting education, specialized therapy, group therapy, individual counseling, mental health evaluation, help fill out forms, case management",11:00 AM - 20:00 PM,11:00 AM - 20:00 PM,11:00 AM - 20:00 PM,11:00 AM - 20:00 PM,11:00 AM - 20:00 PM,Closed,Closed
Housing Program (Integrated Recovery Network),Mental Health,2010 Wilshire Boulevard,Los Angeles,CA,90057,34.0572759,-118.2751596,213-977-9447,Open,,"residential housing, addiction & recovery, residential treatment, medical care, mental health care, residential care",11:00 AM - 20:00 PM,11:00 AM - 20:00 PM,11:00 AM - 20:00 PM,11:00 AM - 20:00 PM,11:00 AM - 20:00 PM,Closed,Closed
Medication Assisted Treatment (MAT) (BAART Programs),Mental Health,1926 Beverly Boulevard,Los Angeles,CA,90057,34.0656565,-118.2688079,844-341-4040,Open,,"addiction & recovery, detox, drug testing, health education, daily life skills, understand mental health, checkup & test, counseling, group therapy, individual counseling, mental health evaluation, navigating the system, one-on-one support",8:30 AM - 15:30 PM,8:30 AM - 15:30 PM,8:30 AM - 15:30 PM,8:30 AM - 15:30 PM,8:30 AM - 15:30 PM,10:00 AM - 14:00 PM,10:00 AM - 14:00 PM
Mental Health Services (Wayfinder Family Services),Mental Health,"5300 Angeles Vista Boulevard, View Park-Windsor Hills",Los Angeles,CA,90043,33.994033,-118.3436836,323-295-4555489,Open,"mental health care, counseling, family counseling, individual counseling, medications for mental health, mental health evaluation, in-home support, psychiatric emergency services",,11:00 AM - 20:00 PM,11:00 AM - 20:00 PM,11:00 AM - 20:00 PM,11:00 AM - 20:00 PM,11:00 AM - 20:00 PM,Closed,Closed
Veterans Training (Wayfinder Family Services),Mental Health,,Los Angeles,CA,,,,800-352-2290,Open,"assistive technology, daily life skills, exercise & fitness, group therapy, family counseling, individual counseling, recreation",,12:00 PM - 21:00 PM,12:00 PM - 21:00 PM,12:00 PM - 21:00 PM,12:00 PM - 21:00 PM,12:00 PM - 21:00 PM,Closed,Closed
School Based Mental Health (SBMH) (SHIELDS for Families),Mental Health,"161 Victoria St, Long Beach",Los Angeles,CA,90805,33.8648936,-118.2037819,310-603-1098,Not specified,,"mental health care, group therapy, family counseling, individual counseling, navigating the system, one-on-one support",11:00 AM - 20:00 PM,11:00 AM - 20:00 PM,11:00 AM - 20:00 PM,11:00 AM - 20:00 PM,11:00 AM - 20:00 PM,Closed,Closed
"Psychotherapy Services (Coldwater Counseling Center, Inc.)",Mental Health,4419 Coldwater Canyon Avenue,Los Angeles,CA,91604,34.1509611,-118.414074,818-508-0703,Open,,"counseling, specialized therapy, more education, skills & training",11:00 AM - 00:00 AM,11:00 AM - 00:00 AM,11:00 AM - 00:00 AM,11:00 AM - 00:00 AM,11:00 AM - 00:00 AM,11:00 AM - 21:00 PM,11:00 AM - 23:00 PM
Prevention and Early Intervention Services (Alcott Center For Mental Health),Mental Health,1433 S Robertson Blvd,Los Angeles,CA,90035,34.0537515,-118.3841925,310-785-2121,Not specified,,mental health care,12:00 PM - 20:00 PM,12:00 PM - 20:00 PM,12:00 PM - 20:00 PM,12:00 PM - 20:00 PM,12:00 PM - 20:00 PM,Closed,Closed
Cancer Support Services (Cancer Support Community Los Angeles),Mental Health,1990 South Bundy Drive,Los Angeles,CA,90025,34.0345649,-118.4555094,,Open,"health education, counseling, family counseling, individual counseling, recreation, support network, help hotlines, support groups",,12:00 PM - 20:00 PM,12:00 PM - 20:00 PM,12:00 PM - 20:00 PM,12:00 PM - 20:00 PM,12:00 PM - 20:00 PM,Closed,Closed
Outpatient Treatment Program (Clare/Matrix),Mental Health,,Los Angeles,CA,,,,866-452-5273,Open,"outpatient treatment, substance abuse counseling, specialized therapy, individual counseling, support groups, counseling, navigating the system, support groups",,12:00 PM - 20:00 PM,12:00 PM - 20:00 PM,12:00 PM - 20:00 PM,12:00 PM - 20:00 PM,12:00 PM - 20:00 PM,14:00 PM - 19:00 PM,Closed
"Outpatient Mental Health Services (Bridges, Inc.)",Mental Health,"11927 Elliott Avenue, El Monte",Los Angeles,CA,91732,34.0581762,-118.025859,626-350-5304,Open,"outpatient treatment, understand mental health, counseling, mental health care, group therapy, family counseling, individual counseling, medications for mental health, navigating the system, case management, help find housing",,11:00 AM - 19:30 PM,11:00 AM - 19:30 PM,11:00 AM - 19:30 PM,11:00 AM - 19:30 PM,11:00 AM - 19:30 PM,Closed,Closed
VIP Family Program (Bridge of Faith (BOF)),Mental Health,,Los Angeles,CA,,,,562-322-5265,Open,,"residential housing, daily life skills, counseling, specialized therapy, substance abuse counseling, financial education, more education, skills & training",11:00 AM - 20:00 PM,11:00 AM - 20:00 PM,11:00 AM - 20:00 PM,11:00 AM - 20:00 PM,11:00 AM - 20:00 PM,Closed,Closed
Domestic Violence and Human Trafficking Advocacy Services (Divine Connections H.O.P.E (DCH)),Mental Health,,Los Angeles,CA,,,,909-294-6110,Open,"counseling, support groups, advocacy & legal aid",,11:00 AM - 20:00 PM,11:00 AM - 20:00 PM,11:00 AM - 20:00 PM,11:00 AM - 20:00 PM,11:00 AM - 20:00 PM,Closed,Closed
Face It TOGETHER (Face It Together),Mental Health,,Los Angeles,CA,,,,855-539-9375,Open,"addiction & recovery, substance abuse counseling, peer recovery coaching, navigating the system, one-on-one support, peer support, virtual support",,12:00 PM - 21:00 PM,12:00 PM - 21:00 PM,12:00 PM - 21:00 PM,12:00 PM - 21:00 PM,11:00 AM - 19:00 PM,Closed,Closed
Online Support Meetings (Postpartum Support International (PSI)),Mental Health,,Los Angeles,CA,,,,800-944-4773,Open,"mental health care, peer support, support groups, virtual support",,0:00 AM - 11:59 PM,0:00 AM - 11:59 PM,0:00 AM - 11:59 PM,0:00 AM - 11:59 PM,0:00 AM - 11:59 PM,0:00 AM - 11:59 PM,0:00 AM - 11:59 PM
Grief Line (First Candle),Mental Health,,Los Angeles,CA,,,,800-221-7437,Open,"bereavement, help hotlines",,0:00 AM - 11:59 PM,0:00 AM - 11:59 PM,0:00 AM - 11:59 PM,0:00 AM - 11:59 PM,0:00 AM - 11:59 PM,0:00 AM - 11:59 PM,0:00 AM - 11:59 PM
WWP Talk (Wounded Warrior Project (WWP)),Mental Health,,Los Angeles,CA,,,,888-997-2586,Open,mental health care,,9:00 AM - 21:00 PM,9:00 AM - 21:00 PM,9:00 AM - 21:00 PM,9:00 AM - 21:00 PM,9:00 AM - 21:00 PM,Closed,Closed
"Anonymous Mental Health Support for Veterans, Service Members, and Intelligence Officers (Sound Off)",Mental Health,,Los Angeles,CA,,,,,Open,"mental health care, individual counseling, peer support, virtual support",,9:00 AM - 18:00 PM,9:00 AM - 18:00 PM,9:00 AM - 18:00 PM,9:00 AM - 18:00 PM,9:00 AM - 18:00 PM,Closed,Closed
Community Services (The Salvation Army Hollywood Corps),Mental Health,5941 Hollywood Boulevard,Los Angeles,CA,90028,34.1021265,-118.3193917,323-960-0640,Open,"help pay for utilities, food pantry, meals, toys & gifts, counseling, after school care, recreation, navigating the system, spiritual support",,11:00 AM - 19:30 PM,11:00 AM - 19:30 PM,11:00 AM - 19:30 PM,11:00 AM - 19:30 PM,11:00 AM - 19:30 PM,Closed,Closed
Chirp/La (CHIRP/LA),Mental Health,150 West 24th Street,Los Angeles,CA,90007,34.0272772,-118.2691202,213-741-1951,Open,"help find housing, housing advice, sober living, clothing vouchers, transportation, detox, outpatient treatment, navigating the system, skills & training",,12:00 PM - 18:00 PM,12:00 PM - 18:00 PM,12:00 PM - 18:00 PM,12:00 PM - 18:00 PM,12:00 PM - 18:00 PM,Closed,Closed
Transgender Health Program (St. John’s Well Child and Family Center (SJWCFC)),Mental Health,326 West 23rd Street,Los Angeles,CA,90007,34.0293689,-118.2715053,,Open,,"dental care, primary care, hiv treatment, specialized therapy, medication management, mental health care, family counseling, individual counseling, std/sti treatment & prevention, navigating the system, support groups",11:30 AM - 22:00 PM,11:30 AM - 22:00 PM,11:30 AM - 19:00 PM,11:30 AM - 22:00 PM,11:30 AM - 19:00 PM,10:00 AM - 18:00 PM,Closed
Mental Health Services (Violence Intervention Project (VIP)),Mental Health,1721 Griffin Avenue,Los Angeles,CA,90031,34.0634163,-118.2117856,,Open,,"parenting education, understand mental health, counseling, mental health care, group therapy, family counseling, individual counseling, mental health evaluation, navigating the system, one-on-one support",11:00 AM - 22:00 PM,11:00 AM - 22:00 PM,11:00 AM - 22:00 PM,11:00 AM - 22:00 PM,11:00 AM - 22:00 PM,Closed,Closed
"Pacific Asian Alcohol and Drug Program (Special Service for Groups (SSG), Inc.)",Mental Health,2001 Beverly Boulevard,Los Angeles,CA,90057,34.06633,-118.2689169,213-413-1622,Open,,"addiction & recovery, outpatient treatment, substance abuse counseling, health education",11:00 AM - 20:00 PM,11:00 AM - 20:00 PM,11:00 AM - 20:00 PM,11:00 AM - 20:00 PM,11:00 AM - 20:00 PM,Closed,Closed
Fracture Center (Orthopedic Institute for Children),Mental Health,403 West Adams Boulevard,Los Angeles,CA,90007,34.0276982,-118.2735459,213-742-1000,Open,,"medical care, physical therapy, hospital treatment",11:00 AM - 20:00 PM,11:00 AM - 20:00 PM,11:00 AM - 20:00 PM,11:00 AM - 20:00 PM,11:00 AM - 20:00 PM,Closed,Closed
"Health, Nutrition & Well-Being (A Place Called Home)",Mental Health,2830 South Central Avenue,Los Angeles,CA,90011,34.0157279,-118.2558144,323-232-7653,Open,"community gardens, meals, health education, nutrition education, mental health care, counseling, community support services, exercise & fitness, recreation, support network",,12:00 PM - 21:30 PM,12:00 PM - 21:30 PM,12:00 PM - 21:30 PM,12:00 PM - 21:30 PM,12:00 PM - 21:30 PM,Closed,Closed
Counseling Services (A Place Called Home),Mental Health,2830 South Central Avenue,Los Angeles,CA,90011,34.0157279,-118.2558144,323-232-7653,Open,"counseling, mental health care, group therapy, family counseling, individual counseling",,12:00 PM - 21:30 PM,12:00 PM - 21:30 PM,12:00 PM - 21:30 PM,12:00 PM - 21:30 PM,12:00 PM - 21:30 PM,Closed,Closed
Mental Health Services (Holding Hands),Mental Health,2115 Beverly Boulevard,Los Angeles,CA,90057,34.067185,-118.2707289,323-938-3434,Open,,"mental health care, counseling, family counseling, individual counseling, mental health evaluation",11:00 AM - 20:00 PM,11:00 AM - 20:00 PM,11:00 AM - 20:00 PM,11:00 AM - 20:00 PM,11:00 AM - 20:00 PM,Closed,Closed
Hope Harbor (Salvation Army - California South),Mental Health,3107 South Grand Avenue,Los Angeles,CA,90007,34.022348,-118.275325,213-744-8186,Open,"addiction & recovery, residential treatment, substance abuse counseling, residential housing, short-term housing, navigating the system, case management, help find work, job placement",,11:00 AM - 20:00 PM,11:00 AM - 20:00 PM,11:00 AM - 20:00 PM,11:00 AM - 20:00 PM,11:00 AM - 20:00 PM,Closed,Closed
Opioid Treatment Program (OTP) (American Health Services),Mental Health,5015 West Pico Boulevard,Los Angeles,CA,90019,34.0480081,-118.3464231,323-653-1677,Open,,"addiction & recovery, detox, outpatient treatment, medications for addiction, substance abuse counseling, virtual support",9:00 AM - 17:30 PM,9:00 AM - 17:30 PM,9:00 AM - 17:30 PM,9:00 AM - 17:30 PM,9:00 AM - 17:30 PM,11:30 AM - 12:30 PM,11:30 AM - 12:30 PM
Mental Health Services (Being Alive),Mental Health,6043 Hollywood Boulevard,Los Angeles,CA,90028,34.101898,-118.3215836,323-874-432213,Open,"mental health care, counseling",,11:00 AM - 20:00 PM,11:00 AM - 20:00 PM,11:00 AM - 20:00 PM,11:00 AM - 20:00 PM,11:00 AM - 20:00 PM,Closed,Closed
Alcohol and Drug Abuse Program (Crenshaw Christian Center),Mental Health,7901 South Vermont Avenue,Los Angeles,CA,90044,33.9677748,-118.2917513,323-758-3777,Open,"addiction & recovery, substance abuse counseling, specialized therapy, support network, spiritual support",,Closed,Closed,22:30 PM - 23:30 PM,Closed,Closed,Closed,Closed
Family Preservation (SHIELDS for Families),Mental Health,"215 South Acacia Avenue, Compton",Los Angeles,CA,90220,33.8946255,-118.2266739,310-605-1777,Open,"help find housing, counseling, group therapy, family counseling, individual counseling, financial assistance, help find childcare, navigating the system",,11:00 AM - 20:00 PM,11:00 AM - 20:00 PM,11:00 AM - 20:00 PM,11:00 AM - 20:00 PM,11:00 AM - 20:00 PM,Closed,Closed
Mental Health Services (Esteban E. Torres High School),Mental Health,4211 Dozier Street,Los Angeles,CA,90063,34.0418773,-118.1753498,323-265-6700,Temporarily closed,mental health care,,Closed,Closed,Closed,Closed,Closed,Closed,Closed
Mental Health Direct Services (African Communities Public Health Coalition (ACPHC)),Mental Health,3731 Stocker Street,Los Angeles,CA,90008,34.0067224,-118.3384218,213-909-0985,Open,"medication management, mental health care, group therapy, individual counseling, mental health evaluation, navigating the system",,12:30 PM - 20:00 PM,12:30 PM - 20:00 PM,12:30 PM - 20:00 PM,12:30 PM - 20:00 PM,12:30 PM - 20:00 PM,Closed,Closed
Domestic Violence Counseling (Project Peacemakers),Mental Health,,Los Angeles,CA,,,,323-291-2525,Not specified,,"counseling, family counseling, individual counseling, navigating the system, one-on-one support",11:00 AM - 20:00 PM,11:00 AM - 20:00 PM,11:00 AM - 20:00 PM,11:00 AM - 20:00 PM,11:00 AM - 20:00 PM,Closed,Closed
Residential Drug/Alcohol Treatment (Van Ness Recovery House),Mental Health,1919 North Beachwood Drive,Los Angeles,CA,90068,34.106068,-118.3218527,323-463-4266,Open,"short-term housing, sober living, addiction & recovery, residential treatment, disease screening, prevent & treat, hiv treatment, support network",,11:00 AM - 20:00 PM,11:00 AM - 20:00 PM,11:00 AM - 20:00 PM,11:00 AM - 20:00 PM,11:00 AM - 20:00 PM,Closed,Closed
Housing Retention Program (Gay And Lesbian Elder Housing Corporation),Mental Health,1602 Ivar Ave,Los Angeles,CA,90028,34.0999447,-118.3280113,323-957-7200,Open,"help pay for utilities, meals, long-term housing, counseling, financial education, navigating the system, one-on-one support",,11:00 AM - 20:00 PM,11:00 AM - 20:00 PM,11:00 AM - 20:00 PM,11:00 AM - 20:00 PM,11:00 AM - 20:00 PM,Closed,Closed
Narcotics Treatment Program (Western Pacific Medical Corp),Mental Health,"4544 San Fernando Road, Glendale",Los Angeles,CA,91204,34.1348928,-118.2628713,818-956-3737,Open,,"addiction & recovery, outpatient treatment, substance abuse counseling, medications for addiction",11:00 AM - 20:00 PM,11:00 AM - 20:00 PM,11:00 AM - 20:00 PM,11:00 AM - 20:00 PM,11:00 AM - 20:00 PM,Closed,Closed
Caregiver Teleconnection (WellMed Charitable Foundation),Mental Health,,Los Angeles,CA,,,,,Open,"health education, understand disability, understand mental health, support network, virtual support",,11:00 AM - 20:00 PM,10:00 AM - 20:00 PM,10:00 AM - 20:00 PM,10:00 AM - 20:00 PM,10:00 AM - 20:00 PM,11:30 AM - 19:00 PM,11:30 AM - 19:00 PM
Nationwide Helpline (Sikh Family Center),Mental Health,,Los Angeles,CA,,,,866-732-7392,Open,"individual counseling, navigating the system, support network, help hotlines",,0:00 AM - 11:59 PM,0:00 AM - 11:59 PM,0:00 AM - 11:59 PM,0:00 AM - 11:59 PM,0:00 AM - 11:59 PM,0:00 AM - 11:59 PM,0:00 AM - 11:59 PM
Eating Disorder Navigation and Assistance (Project HEAL),Mental Health,,Los Angeles,CA,,,,,Open,"help pay for healthcare, help pay for transit, mental health evaluation, financial assistance, understand government programs, navigating the system, case management, residential care, one-on-one support, nutrition education, prevent & treat, counseling, outpatient treatment, mental health care, residential care",,11:00 AM - 20:00 PM,11:00 AM - 20:00 PM,11:00 AM - 20:00 PM,11:00 AM - 20:00 PM,11:00 AM - 20:00 PM,Closed,Closed
Virtual Grief Support Group (Adventist Health),Mental Health,,Los Angeles,CA,,,,808-263-5343,Open,"support groups, bereavement, virtual support",,11:00 AM - 20:00 PM,11:00 AM - 20:00 PM,11:00 AM - 20:00 PM,11:00 AM - 20:00 PM,11:00 AM - 20:00 PM,Closed,Closed
Deaf Counseling Services (Deaf Counseling Center),Mental Health,,Los Angeles,CA,,,,240-380-2577,Open,,"counseling, mental health care, family counseling, individual counseling",08:00 AM - 17:00 PM,08:00 AM - 17:00 PM,08:00 AM - 17:00 PM,08:00 AM - 17:00 PM,08:00 AM - 17:00 PM,Closed,Closed
Truck Driver Assistance (truckersfinalmile),Mental Health,,Los Angeles,CA,,,,888-857-7871,Open,"counseling, financial assistance",,0:00 AM - 11:59 PM,0:00 AM - 11:59 PM,0:00 AM - 11:59 PM,0:00 AM - 11:59 PM,0:00 AM - 11:59 PM,0:00 AM - 11:59 PM,0:00 AM - 11:59 PM
Events for Girls (empowerHER),Mental Health,,Los Angeles,CA,,,,,Open,"community support services, recreation, support network, peer support, support groups, bereavement",,11:00 AM - 20:00 PM,11:00 AM - 20:00 PM,11:00 AM - 20:00 PM,11:00 AM - 20:00 PM,11:00 AM - 20:00 PM,Closed,Closed
Bereavement Support Program (Assisted Home Health & Hospice Foundation),Mental Health,8550 Balboa Boulevard,Los Angeles,CA,91325,34.2261975,-118.5018078,800-949-6555,Open,"bereavement, one-on-one support, support groups",,11:00 AM - 20:00 PM,11:00 AM - 20:00 PM,11:00 AM - 20:00 PM,11:00 AM - 20:00 PM,11:00 AM - 20:00 PM,Closed,Closed
Pregnancy Counseling Center (Pregnancy Counseling Center),Mental Health,10211 Sepulveda Boulevard,Los Angeles,CA,91345,34.2557711,-118.467794,818-895-2500,Open,"family planning, checkup & test, pregnancy tests, counseling, navigating the system, one-on-one support",,12:30 PM - 19:00 PM,12:30 PM - 19:00 PM,12:30 PM - 19:00 PM,Closed,Closed,Closed,Closed
Outpatient Counseling (Windows of Hope Counseling Center),Mental Health,"555 East Ocean Boulevard, Long Beach",Los Angeles,CA,90802,33.7669422,-118.1858217,310-948-9929,Open,,"counseling, mental health care, substance abuse counseling, family counseling, individual counseling",11:00 AM - 20:00 PM,11:00 AM - 20:00 PM,11:00 AM - 20:00 PM,11:00 AM - 20:00 PM,11:00 AM - 20:00 PM,Closed,Closed
Stepping Stones (Social Model Recovery Systems),Mental Health,"East Cypress Street, Covina",Los Angeles,CA,91722,34.0958769,-117.90273,877-507-6242,Open,,"addiction & recovery, residential treatment, substance abuse counseling, parenting education, anger management, group therapy, individual counseling, support groups, medical care, mental health care",0:00 AM - 11:59 PM,0:00 AM - 11:59 PM,0:00 AM - 11:59 PM,0:00 AM - 11:59 PM,0:00 AM - 11:59 PM,0:00 AM - 11:59 PM,0:00 AM - 11:59 PM
Adult Outpatient Services (El Centro de Amistad),Mental Health,"566 South Brand Boulevard, San Fernando",Los Angeles,CA,91340,34.2785355,-118.4436132,818-898-0223,Open,,"outpatient treatment, mental health care, group therapy, family counseling, individual counseling, medications for mental health, case management",11:00 AM - 20:00 PM,11:00 AM - 20:00 PM,11:00 AM - 20:00 PM,11:00 AM - 20:00 PM,11:00 AM - 20:00 PM,Closed,Closed
Spinal Cord Injuries and Disorders System of Care (U.S. Department of Veterans Affairs),Mental Health,"5901 East 7th Street, Long Beach",Los Angeles,CA,90822,33.777569,-118.1189428,562-826-5701,Open,"medical supplies, assistive technology, medical care, primary care, counseling, physical therapy, occupational therapy, speech therapy, specialized therapy, relief for caregivers, virtual support",,0:00 AM - 11:59 PM,0:00 AM - 11:59 PM,0:00 AM - 11:59 PM,0:00 AM - 11:59 PM,0:00 AM - 11:59 PM,0:00 AM - 11:59 PM,0:00 AM - 11:59 PM
Counseling Services (South Coast Family Services),Mental Health,1891 North Gaffey Street,Los Angeles,CA,90731,33.7619607,-118.2940153,310-831-1967,Open,,"mental health care, counseling, family counseling, individual counseling, virtual support",11:00 AM - 20:00 PM,11:00 AM - 20:00 PM,11:00 AM - 20:00 PM,11:00 AM - 20:00 PM,11:00 AM - 20:00 PM,Closed,Closed
Behavioral Health (Emanate Health),Mental Health,"210 West San Bernardino Road, Covina",Los Angeles,CA,91723,34.088021,-117.893412,6263317331,Open,,mental health care,11:00 AM - 20:00 PM,11:00 AM - 20:00 PM,11:00 AM - 20:00 PM,11:00 AM - 20:00 PM,11:00 AM - 20:00 PM,Closed,Closed
Insurance Enrollment Assistance (Northeast Valley Health Corporation (NEVHC)),Mental Health,"1172 N Maclay Ave, San Fernando",Los Angeles,CA,91340,34.295773,-118.4237884,866-696-3842,Open,"counseling, understand government programs, help fill out forms",,11:30 AM - 20:00 PM,11:30 AM - 20:00 PM,11:30 AM - 20:00 PM,11:30 AM - 20:00 PM,11:30 AM - 20:00 PM,Closed,Closed
Counseling Services (Therapeutic Family Solutions),Mental Health,"220 East Badillo Street, Covina",Los Angeles,CA,91723,34.0859972,-117.887412,626-755-8891,Open,,"counseling, mental health care, group therapy, family counseling, individual counseling",12:00 PM - 20:00 PM,12:00 PM - 20:00 PM,12:00 PM - 20:00 PM,12:00 PM - 20:00 PM,12:00 PM - 20:00 PM,Closed,Closed
Family Source Center (Watts Labor Community Action Committee (WLCAC)),Mental Health,1212 East 108th Street,Los Angeles,CA,90059,33.9375079,-118.25385,323-357-6262,Open,"meals, help find housing, vaccinations, mental health care, financial education, case management, more education, tutoring, youth development, citizenship & immigration, help find work, advocacy & legal aid",,11:30 AM - 20:00 PM,11:30 AM - 20:00 PM,11:30 AM - 20:00 PM,11:30 AM - 20:00 PM,11:30 AM - 20:00 PM,Closed,Closed
Men's Recovery Home (Heart Of Compassion),Mental Health,"600 South Maple Avenue, Montebello",Los Angeles,CA,90640,34.0043066,-118.1191257,323-323-7997,Open,"addiction & recovery, 12-step, residential treatment, daily life skills, spiritual support, skills & training",,11:00 AM - 18:00 PM,11:00 AM - 18:00 PM,11:00 AM - 18:00 PM,11:00 AM - 18:00 PM,11:00 AM - 18:00 PM,Closed,Closed
Rena B - Residential Alcohol and Drug Treatment Program for Men and Women (Social Model Recovery Systems),Mental Health,4445 Burns Avenue,Los Angeles,CA,90029,34.08804,-118.2908716,323-664-8969,Open,,"addiction & recovery, residential treatment, substance abuse counseling",11:00 AM - 20:00 PM,11:00 AM - 20:00 PM,11:00 AM - 20:00 PM,11:00 AM - 20:00 PM,11:00 AM - 20:00 PM,Closed,Closed
Therapy Services (Stages of Life Counseling),Mental Health,"23133 Hawthorne Boulevard, Torrance",Los Angeles,CA,90505,33.8167872,-118.3515823,424-226-6368,Open,,"mental health care, counseling, individual counseling",12:00 PM - 20:00 PM,12:00 PM - 20:00 PM,12:00 PM - 20:00 PM,12:00 PM - 20:00 PM,12:00 PM - 20:00 PM,Closed,Closed
Gender & Sexuality Resource Center (GSRC) (California State University Los Angeles (Cal State LA)),Mental Health,5154 State University Drive,Los Angeles,CA,90032,34.0620767,-118.1720236,,Open,"counseling, individual counseling, community support services, navigating the system, support network, support groups",,11:00 AM - 21:00 PM,11:00 AM - 22:00 PM,11:00 AM - 22:00 PM,11:00 AM - 22:00 PM,11:00 AM - 20:00 PM,Closed,Closed
Permanent Supportive/Rapid Re-Housing (Lutheran Social Services of Southern California (LSSSC)),Mental Health,"1611 Pine Avenue, Long Beach",Los Angeles,CA,90813,33.7874667,-118.1927324,562-599-1321,Open,"help pay for housing, help find housing, short-term housing, help pay for healthcare, medical care, mental health care, financial education, more education, help find work",,12:00 PM - 19:00 PM,12:00 PM - 19:00 PM,12:00 PM - 19:00 PM,12:00 PM - 19:00 PM,12:00 PM - 19:00 PM,Closed,Closed
Crisis Residential Treatment Program (Didi Hirsch Mental Health Services),Mental Health,1233 South La Cienega Boulevard,Los Angeles,CA,90035,34.0547385,-118.3764859,888-807-7250,Open,,"residential treatment, mental health care, daily life skills, medications for mental health, navigating the system, support network",11:00 AM - 20:00 PM,11:00 AM - 20:00 PM,11:00 AM - 20:00 PM,11:00 AM - 20:00 PM,11:00 AM - 20:00 PM,Closed,Closed
Addiction Services (Korean Community Services Inc),Mental Health,4416 Beverly Blvd,Los Angeles,CA,90004,34.0760417,-118.3050285,,Not specified,"outpatient treatment, counseling, substance abuse counseling",,11:00 AM - 20:00 PM,11:00 AM - 20:00 PM,11:00 AM - 20:00 PM,11:00 AM - 20:00 PM,11:00 AM - 20:00 PM,Closed,Closed
Creating Meaningful Relationships Therapy Group (The Maple Counseling Center),Mental Health,1945 South La Cienega Boulevard,Los Angeles,CA,90034,34.041391,-118.3770079,310-271-9999,Open,,"group therapy, support groups",Closed,21:15 PM - 22:45 PM,21:15 PM - 22:45 PM,15:00 PM - 16:30 PM,Closed,Closed,Closed
Gay Men's Interpersonal Therapy Group (The Maple Counseling Center),Mental Health,1945 South La Cienega Boulevard,Los Angeles,CA,90034,34.041391,-118.3770079,310-271-9999,Open,,group therapy,Closed,08:15 AM - 21:45 PM,Closed,Closed,Closed,Closed,Closed
Supportive Services - Medical & Mental Health (Covenant House California (CHC)),Mental Health,1325 North Western Avenue,Los Angeles,CA,90027,34.0954759,-118.3095278,323-461-3131,Open,"medical care, mental health care, medical care, primary care, checkup & test, disease screening, prevent & treat, vaccinations, navigating the system",,0:00 AM - 11:59 PM,0:00 AM - 11:59 PM,0:00 AM - 11:59 PM,0:00 AM - 11:59 PM,0:00 AM - 11:59 PM,0:00 AM - 11:59 PM,0:00 AM - 11:59 PM
Revelation Dual Diagnosis Program (SHIELDS for Families),Mental Health,11601 South Western Avenue,Los Angeles,CA,90047,33.9284596,-118.3102585,323-242-5000,Open,"addiction & recovery, drug testing, parenting education, group therapy, substance abuse counseling, family counseling, individual counseling, more education, daily life skills, community support services, navigating the system, case management",,11:30 AM - 20:00 PM,11:30 AM - 20:00 PM,11:30 AM - 20:00 PM,11:30 AM - 20:00 PM,11:30 AM - 20:00 PM,Closed,Closed
Functional Family Therapy (FFT) (SHIELDS for Families),Mental Health,,Los Angeles,CA,,,,323-242-5000,Open,,"substance abuse counseling, understand mental health, specialized therapy, family counseling, case management, one-on-one support",11:00 AM - 20:00 PM,11:00 AM - 20:00 PM,11:00 AM - 20:00 PM,11:00 AM - 20:00 PM,11:00 AM - 20:00 PM,Closed,Closed
Drop In Center (Forgotten Children Inc),Mental Health,"11011 Crenshaw Boulevard, Inglewood",Los Angeles,CA,90303,33.9353828,-118.3267914,800-445-1326,Open,"meals, clothing, personal care items, personal hygiene, counseling, community support services, navigating the system, case management, support network, one-on-one support, spiritual support, more education",,13:00 PM - 20:00 PM,13:00 PM - 20:00 PM,13:00 PM - 20:00 PM,13:00 PM - 20:00 PM,13:00 PM - 20:00 PM,Closed,Closed
"Health & Immunization - Mental Health Education and Referral (Thai Health And Information Services (THAIS), Inc.)",Mental Health,1654 North Harvard Boulevard,Los Angeles,CA,90027,34.1014477,-118.3042771,323-498-5211,Open,,"understand mental health, navigating the system",Closed,Closed,14:30 PM - 17:30 PM,Closed,Closed,Closed,Closed
Counseling Services (Open Paths Counseling Center),Mental Health,"400 Corporate Pointe, Culver City",Los Angeles,CA,90230,33.9885647,-118.3844059,310-258-9677,Open,,"bereavement, parenting education, counseling, mental health care, anger management, group therapy, family counseling, individual counseling, support groups, virtual support",12:00 PM - 00:00 AM,12:00 PM - 00:00 AM,12:00 PM - 00:00 AM,12:00 PM - 00:00 AM,12:00 PM - 00:00 AM,12:00 PM - 00:00 AM,12:00 PM - 00:00 AM
"Child Abuse Prevention Intervention and Treatment (CAPIT) (Personal Involvement Center, Inc.)",Mental Health,5311 South Western Avenue,Los Angeles,CA,90062,33.9938444,-118.3094206,323570-0445,Open,,"parenting education, group therapy, family counseling, individual counseling, navigating the system, support network, help hotlines, one-on-one support",11:00 AM - 20:00 PM,11:00 AM - 20:00 PM,11:00 AM - 20:00 PM,11:00 AM - 20:00 PM,11:00 AM - 20:00 PM,Closed,Closed
Substance Use Program (Bienestar Human Services),Mental Health,5326 East Beverly Boulevard,Los Angeles,CA,90022,34.0300336,-118.1506226,866590-6411,Open,"addiction & recovery, outpatient treatment, substance abuse counseling, counseling, mental health care, individual counseling, navigating the system",,11:00 AM - 20:00 PM,11:00 AM - 20:00 PM,11:00 AM - 20:00 PM,11:00 AM - 20:00 PM,11:00 AM - 20:00 PM,Closed,Closed
"Court-Related Services - Drug Diversion(pc1000) Program (Behavioral Health Services, Inc. (BHS))",Mental Health,3421 East Olympic Boulevard,Los Angeles,CA,90023,34.0189828,-118.2045099,323-262-1786,Not specified,substance abuse counseling,,11:00 AM - 20:00 PM,11:00 AM - 20:00 PM,11:00 AM - 20:00 PM,11:00 AM - 20:00 PM,11:00 AM - 20:00 PM,Closed,Closed
Mental Health Services (Nuevo Amanecer Latino Children's Services (NALCS)),Mental Health,"5400 Pomona Boulevard, East Los Angeles",Los Angeles,CA,90022,34.0331756,-118.1495229,888-625-3321,Open,"mental health care, family counseling, individual counseling, mental health evaluation, navigating the system, case management",,11:00 AM - 20:00 PM,11:00 AM - 20:00 PM,11:00 AM - 20:00 PM,11:00 AM - 20:00 PM,11:00 AM - 20:00 PM,Closed,Closed
Promoting Resilience to Inspire Self-Confidence and Motivation (PRISM) (Asian Pacific AIDS Intervention Team (APAIT)),Mental Health,1730 W Olympic Blvd,Los Angeles,CA,90015,34.0498538,-118.2763991,213-375-38301819,Not specified,"mental health evaluation, counseling",,12:30 PM - 20:30 PM,12:30 PM - 20:30 PM,12:30 PM - 20:30 PM,12:30 PM - 20:30 PM,12:30 PM - 20:30 PM,Closed,Closed
Common Ground Program (Venice Family Clinic),Mental Health,"111 North La Brea Avenue, Inglewood",Los Angeles,CA,90301,33.9638134,-118.3537333,310-314-5480,Open,,"medical supplies, health education, medical care, checkup & test, prevent & treat, mental health care, counseling, sexual and reproductive health, std/sti treatment & prevention, hiv treatment, navigating the system, case management, support network",11:00 AM - 20:00 PM,11:00 AM - 20:00 PM,11:00 AM - 20:00 PM,11:00 AM - 20:00 PM,11:00 AM - 20:00 PM,Closed,Closed
The Kapelovitz Psychiatry Program (The Maple Counseling Center),Mental Health,"9107 Wilshire Boulevard, Beverly Hills",Los Angeles,CA,90210,34.067432,-118.390279,310-271-9999,Open,,"discounted healthcare, mental health care, medications for mental health",12:00 PM - 00:00 AM,12:00 PM - 00:00 AM,12:00 PM - 00:00 AM,12:00 PM - 00:00 AM,12:00 PM - 20:00 PM,12:00 PM - 17:00 PM,Closed
Whole Person Care Reentry Program (Via Care Community Health Center),Mental Health,,Los Angeles,CA,,,,323-313-8214,Open,,"medications for mental health, understand government programs, navigating the system, help find housing, help find school, help find work, support network, one-on-one support, help find housing, medications for mental health, help find school, help find work",11:00 AM - 20:00 PM,11:00 AM - 20:00 PM,11:00 AM - 20:00 PM,11:00 AM - 20:00 PM,11:00 AM - 20:00 PM,Closed,Closed
Behavioral Health Services (Lestonnac Free Clinic),Mental Health,7516 South Central Avenue,Los Angeles,CA,90001,33.9717606,-118.2562102,714-633-4600,Open,"counseling, mental health care, family counseling, individual counseling",,Closed,Closed,Closed,12:00 PM - 15:00 PM,Closed,Closed,Closed
Youth Development Program (El Centro de Ayuda),Mental Health,3467 Whittier Blvd.,Los Angeles,CA,90023,34.0270802,-118.1988245,,Not specified,"anger management, navigating the system, mentoring, one-on-one support",,11:30 AM - 23:00 PM,11:30 AM - 23:00 PM,11:30 AM - 23:00 PM,11:30 AM - 23:00 PM,11:30 AM - 20:00 PM,Closed,Closed
Substance Use Services (Helpline Youth Counseling (HYC)),Mental Health,"5400 East Olympic Boulevard, Commerce",Los Angeles,CA,90022,34.0151135,-118.1556963,562-273-0722,Open,,"addiction & recovery, outpatient treatment, drug testing, substance abuse counseling, mental health care, group therapy, family counseling, individual counseling, navigating the system, case management",11:00 AM - 20:00 PM,11:00 AM - 20:00 PM,11:00 AM - 20:00 PM,11:00 AM - 20:00 PM,11:00 AM - 20:00 PM,Closed,Closed
Intensive Outpatient (IOP) and Outpatient (OP) treatment services (Los Angeles Centers for Alcohol and Drug Abuse (L.A. CADA)),Mental Health,470 East 3rd Street,Los Angeles,CA,90013,34.0462504,-118.2406473,213-626-6411,Open,"outpatient treatment, substance abuse counseling, group therapy, individual counseling, case management",,11:00 AM - 19:00 PM,11:00 AM - 19:00 PM,11:00 AM - 19:00 PM,11:00 AM - 19:00 PM,11:00 AM - 19:00 PM,Closed,Closed
Skid Row Development Corp (Skid Row Development Corp),Mental Health,307 Central Avenue,Los Angeles,CA,90013,34.0458428,-118.2398075,213-623-7130,Open,"temporary shelter, help find housing, counseling, navigating the system, case management, skills & training, job placement",,11:00 AM - 20:00 PM,11:00 AM - 20:00 PM,11:00 AM - 20:00 PM,11:00 AM - 20:00 PM,11:00 AM - 20:00 PM,Closed,Closed
Women's Health Center (Downtown Women's Center (DWC)),Mental Health,442 San Pedro St,Los Angeles,CA,90013,34.044603,-118.2434199,,Open,,"nutrition education, health education, medical care, checkup & test, exercise & fitness, prevent & treat, counseling, mental health care, support groups",09:00 AM - 19:00 PM,09:00 AM - 19:00 PM,09:00 AM - 19:00 PM,09:00 AM - 19:00 PM,09:00 AM - 19:00 PM,10:00 AM - 18:00 PM,10:00 AM - 18:00 PM
Counseling Services (The Center for Professional Counseling),Mental Health,5445 Laurel Canyon Boulevard,Los Angeles,CA,91607,34.1698778,-118.3968899,818-761-2227,Open,,"outpatient treatment, counseling, mental health care, family counseling, individual counseling, understand mental health",12:00 PM - 00:00 AM,12:00 PM - 00:00 AM,12:00 PM - 00:00 AM,12:00 PM - 00:00 AM,12:00 PM - 20:00 PM,12:00 PM - 20:00 PM,12:00 PM - 20:00 PM
Parent Support Groups (DG Therapy Foundation),Mental Health,,Los Angeles,CA,,,,562-464-3754,Open,,"daily life skills, family counseling",11:00 AM - 20:00 PM,11:00 AM - 20:00 PM,11:00 AM - 20:00 PM,11:00 AM - 20:00 PM,11:00 AM - 20:00 PM,Closed,Closed
Mental Health Services (Pacific Marriage and Family Therapy (MFT) Network),Mental Health,"2716 Ocean Park Boulevard, Santa Monica",Los Angeles,CA,90405,34.0181978,-118.4561808,310-612-2998,Open,,"counseling, mental health care, group therapy, family counseling, individual counseling, support groups, family counseling, individual counseling, support groups, more education",11:00 AM - 20:00 PM,11:00 AM - 20:00 PM,11:00 AM - 20:00 PM,11:00 AM - 20:00 PM,11:00 AM - 20:00 PM,Closed,Closed
Mental Health Services (Metta Center for Psychotherapy and Wellbeing),Mental Health,"6709 Greenleaf Avenue, Whittier",Los Angeles,CA,90601,33.9806029,-118.0377745,562-457-3045,Open,,"mental health care, counseling, group therapy, family counseling, individual counseling, virtual support",13:00 PM - 21:00 PM,13:00 PM - 21:00 PM,13:00 PM - 21:00 PM,13:00 PM - 21:00 PM,13:00 PM - 21:00 PM,13:00 PM - 21:00 PM,Closed
Counseling (Wilshire Treatment Center),Mental Health,11901 Santa Monica Boulevard,Los Angeles,CA,90025,34.041819,-118.4604395,310268-2446,Not specified,,"addiction & recovery, substance abuse counseling",11:00 AM - 20:00 PM,11:00 AM - 20:00 PM,11:00 AM - 20:00 PM,11:00 AM - 20:00 PM,11:00 AM - 20:00 PM,Closed,Closed
Children's Residential Program (Wayfinder Family Services),Mental Health,"13020 Bailey Street, Whittier",Los Angeles,CA,90601,33.9806221,-118.0365619,800-352-2290,Open,,"medical care, exercise & fitness, mental health care, recreation, residential care",11:00 AM - 20:00 PM,11:00 AM - 20:00 PM,11:00 AM - 20:00 PM,11:00 AM - 20:00 PM,11:00 AM - 20:00 PM,Closed,Closed
Services for Post 9/11 Veterans (New Directions for Veterans (NDVets)),Mental Health,,Los Angeles,CA,,,,310-914-4045,Open,,"short-term housing, addiction & recovery, outpatient treatment, mental health care, support network",11:00 AM - 20:00 PM,11:00 AM - 20:00 PM,11:00 AM - 20:00 PM,11:00 AM - 20:00 PM,11:00 AM - 20:00 PM,Closed,Closed
Transitional Housing (New Directions for Veterans (NDVets)),Mental Health,,Los Angeles,CA,,,,310-268-3269,Open,,"residential housing, short-term housing, addiction & recovery, residential treatment, mental health care",0:00 AM - 11:59 PM,0:00 AM - 11:59 PM,0:00 AM - 11:59 PM,0:00 AM - 11:59 PM,0:00 AM - 11:59 PM,0:00 AM - 11:59 PM,0:00 AM - 11:59 PM
Residential Treatment (Little House),Mental Health,"9718 Harvard Street, Bellflower",Los Angeles,CA,90706,33.8882246,-118.1267833,877-820-2023,Open,,"help find housing, addiction & recovery, residential treatment, substance abuse counseling, health education, medical care, anger management, group therapy, individual counseling, navigating the system, case management, one-on-one support",11:00 AM - 20:00 PM,11:00 AM - 20:00 PM,11:00 AM - 20:00 PM,11:00 AM - 20:00 PM,11:00 AM - 20:00 PM,Closed,Closed
"Macdonald Carey East Valley Mental Health Center (San Fernando Valley Community Mental Health Center, Inc)",Mental Health,11631 Victory Boulevard,Los Angeles,CA,91606,34.1870297,-118.3855856,818-908-3855,Open,,"mental health care, individual counseling, medications for mental health, psychiatric emergency services, navigating the system, case management, support network, one-on-one support",11:00 AM - 20:00 PM,11:00 AM - 20:00 PM,11:00 AM - 20:00 PM,11:00 AM - 20:00 PM,11:00 AM - 20:00 PM,Closed,Closed
Mental Health Services for Children (PEI) (Pacific Asian Counseling Services (PACS)),Mental Health,8616 La Tijera Boulevard,Los Angeles,CA,90045,33.9592305,-118.3915039,310-337-1550,Open,"mental health care, counseling, family counseling, individual counseling",,11:00 AM - 20:00 PM,11:00 AM - 20:00 PM,11:00 AM - 20:00 PM,11:00 AM - 20:00 PM,11:00 AM - 20:00 PM,Closed,Closed
Behavioral Health Services (Community Health Alliance Pasadena (ChapCare)),Mental Health,"1855 North Fair Oaks Avenue, Pasadena",Los Angeles,CA,91103,34.1775091,-118.1511879,626-398-6300,Open,,"mental health care, counseling, support groups",11:00 AM - 20:00 PM,11:00 AM - 20:00 PM,11:00 AM - 20:00 PM,11:00 AM - 20:00 PM,11:00 AM - 20:00 PM,Closed,Closed
"Child Health Connections (Foothill Unity Center, Inc.)",Mental Health,"191 North Oak Avenue, Pasadena",Los Angeles,CA,91107,34.1495915,-118.107847,626-358-3486,Open,"dental care, vision care, medical care, mental health care, navigating the system",,11:00 AM - 20:00 PM,11:00 AM - 20:00 PM,11:00 AM - 20:00 PM,11:00 AM - 20:00 PM,11:00 AM - 20:00 PM,Closed,Closed
Medicare Insurance Counseling (WISE & Healthy Aging),Mental Health,"1527 4th St, Santa Monica",Los Angeles,CA,90401,34.0147829,-118.4927558,310-394-9871,Not specified,,"counseling, one-on-one support",11:00 AM - 20:00 PM,11:00 AM - 20:00 PM,11:00 AM - 20:00 PM,11:00 AM - 20:00 PM,11:00 AM - 20:00 PM,Closed,Closed
The Coming Home Project (Family Service Agency of Burbank),Mental Health,"2721 Burbank Blvd, Burbank",Los Angeles,CA,91505,34.1779432,-118.3413426,818-845-7671,Open,"counseling, group therapy, family counseling, individual counseling",,12:00 PM - 00:00 AM,12:00 PM - 00:00 AM,12:00 PM - 00:00 AM,12:00 PM - 00:00 AM,12:00 PM - 00:00 AM,11:00 AM - 21:00 PM,Closed
Counseling Services (Family Service Agency of Burbank),Mental Health,"2721 Burbank Blvd, Burbank",Los Angeles,CA,91505,34.1779432,-118.3413426,818-845-7671,Open,,"counseling, specialized therapy, mental health care, group therapy, family counseling, individual counseling",12:00 PM - 00:00 AM,12:00 PM - 00:00 AM,12:00 PM - 00:00 AM,12:00 PM - 00:00 AM,12:00 PM - 00:00 AM,11:00 AM - 21:00 PM,Closed
Sistahs Alive Prevention (Sapp)/Advocacy & Movement Building (Women Alive),Mental Health,1524 West 95th Street,Los Angeles,CA,90047,33.949277,-118.303425,310-605-1365,Not specified,"health education, sex education, substance abuse counseling, more education",,13:00 PM - 21:00 PM,Closed,15:30 PM - 19:30 PM,13:00 PM - 21:00 PM,Closed,Closed,Closed
Freedom Re-Entry Center (Freedom Re-Entry Center),Mental Health,"9867 Brockway Street, El Monte",Los Angeles,CA,91733,34.0693173,-118.0539494,562-965-0740,Open,"sober living, addiction & recovery, 12-step, residential treatment",,11:00 AM - 20:00 PM,11:00 AM - 20:00 PM,11:00 AM - 20:00 PM,11:00 AM - 20:00 PM,11:00 AM - 20:00 PM,Closed,Closed
End-of-Life Care Program (Comfort Keepers - Pasadena),Mental Health,"1147 S Fair Oaks Ave, Ste B",Los Angeles,CA,91105,34.1260688,-118.1505311,626-498-2427,Not specified,,"prescription assistance, personal hygiene, anger management, relief for caregivers, end-of-life care",0:00 AM - 11:59 PM,0:00 AM - 11:59 PM,0:00 AM - 11:59 PM,0:00 AM - 11:59 PM,0:00 AM - 11:59 PM,0:00 AM - 11:59 PM,0:00 AM - 11:59 PM
Alzheimer's Care Program (Comfort Keepers - Pasadena),Mental Health,"1147 S Fair Oaks Ave, Ste B",Los Angeles,CA,91105,34.1260688,-118.1505311,626-498-2427,Not specified,,"mental health care, relief for caregivers",0:00 AM - 11:59 PM,0:00 AM - 11:59 PM,0:00 AM - 11:59 PM,0:00 AM - 11:59 PM,0:00 AM - 11:59 PM,0:00 AM - 11:59 PM,0:00 AM - 11:59 PM
Community Support Line (Sex Worker’s Outreach Project (SWOP)),Mental Health,,Los Angeles,CA,,,,877-776-2004,Open,"counseling, support network, help hotlines, one-on-one support",,0:00 AM - 11:59 PM,0:00 AM - 11:59 PM,0:00 AM - 11:59 PM,0:00 AM - 11:59 PM,0:00 AM - 11:59 PM,0:00 AM - 11:59 PM,0:00 AM - 11:59 PM
Comprehensive Services (Olive View Trauma Recovery Center),Mental Health,14445 Olive View Drive,Los Angeles,CA,91342,34.3258626,-118.4457144,747-210-4800,Open,"counseling, mental health care, case management, advocacy & legal aid",,11:00 AM - 19:00 PM,11:00 AM - 19:00 PM,11:00 AM - 19:00 PM,11:00 AM - 19:00 PM,11:00 AM - 19:00 PM,Closed,Closed
Basics (NAMI San Fernando Valley),Mental Health,"20151 Nordhoff Street, Chatsworth",Los Angeles,CA,91311,34.2325078,-118.5729073,818-994-6747,Open,"parenting education, understand mental health",,11:00 AM - 20:00 PM,11:00 AM - 20:00 PM,11:00 AM - 20:00 PM,11:00 AM - 20:00 PM,11:00 AM - 20:00 PM,Closed,Closed
Family to Family (NAMI San Fernando Valley),Mental Health,"20151 Nordhoff Street, Chatsworth",Los Angeles,CA,91311,34.2325078,-118.5729073,818-994-6747,Open,"understand mental health, support groups",,11:00 AM - 20:00 PM,11:00 AM - 20:00 PM,11:00 AM - 20:00 PM,11:00 AM - 20:00 PM,11:00 AM - 20:00 PM,Closed,Closed
Grossman Burn Foundation (Grossman Burn Foundation),Mental Health,"23679 Calabasas Road, Calabasas",Los Angeles,CA,91302,34.1565749,-118.643534,818-597-5050,Open,"residential housing, clothing, medical supplies, transportation, transportation for healthcare, prevent & treat, counseling, physical therapy, specialized therapy, support network, peer support, support groups, more education, skills & training, meals",,11:00 AM - 20:00 PM,11:00 AM - 20:00 PM,11:00 AM - 20:00 PM,11:00 AM - 20:00 PM,11:00 AM - 20:00 PM,Closed,Closed
Outpatient Mental Health Services (McKinley Children's Center),Mental Health,"180 Via Verde, San Dimas",Los Angeles,CA,91773,34.0769767,-117.8146517,909-599-1227,Open,,"psychiatric emergency services, outpatient treatment, mental health evaluation, mental health care, group therapy, family counseling, individual counseling, medications for mental health, one-on-one support",11:00 AM - 19:00 PM,11:00 AM - 19:00 PM,11:00 AM - 19:00 PM,11:00 AM - 19:00 PM,11:00 AM - 19:00 PM,Closed,Closed
"Mental Health Services (Samuel Dixon Family Health Center, Inc.)",Mental Health,"23772 Newhall Avenue, Santa Clarita",Los Angeles,CA,91321,34.3725732,-118.5152366,661-291-1777,Open,,"mental health care, counseling, family counseling, individual counseling",11:00 AM - 19:30 PM,11:00 AM - 22:00 PM,11:00 AM - 22:00 PM,11:00 AM - 22:00 PM,11:00 AM - 22:00 PM,11:00 AM - 19:30 PM,Closed
Counseling Services (Family Services of Pomona Valley),Mental Health,"436 West 4th Street, Pomona",Los Angeles,CA,91766,34.0556774,-117.7538078,909-620-1776,Open,,"family counseling, individual counseling, parenting education",11:00 AM - 00:00 AM,11:00 AM - 00:00 AM,11:00 AM - 00:00 AM,11:00 AM - 00:00 AM,Closed,Closed,Closed
Pomona Wellness Community (Los Angeles County Department of Public Health),Mental Health,"750 South Park Avenue, Pomona",Los Angeles,CA,91766,34.0527582,-117.7539674,909-802-2650,Open,"addiction & recovery, substance abuse counseling, health education, understand mental health, support groups, virtual support",,Closed,12:00 PM - 21:00 PM,12:00 PM - 21:00 PM,15:00 PM - 20:00 PM,12:00 PM - 20:00 PM,16:00 PM - 20:00 PM,Closed
"Treatment Services (Rancho San Antonio Boys Home, Inc.)",Mental Health,21000 Plummer St,Los Angeles,CA,91311,34.241432,-118.591531,818-882-6400,Not specified,,"anger management, group therapy, substance abuse counseling, family counseling, individual counseling, skills & training",11:00 AM - 20:00 PM,11:00 AM - 20:00 PM,11:00 AM - 20:00 PM,11:00 AM - 20:00 PM,11:00 AM - 20:00 PM,Closed,Closed
Counseling Services Program (Valley Women's Center (VWC)),Mental Health,22110 Roscoe Blvd,Los Angeles,CA,91304,34.2193573,-118.6082738,818-713-8700,Not specified,,"addiction & recovery, outpatient treatment, daily life skills, parenting education, counseling, specialized therapy, anger management, group therapy, family counseling, individual counseling, support groups",11:00 AM - 20:00 PM,11:00 AM - 20:00 PM,11:00 AM - 20:00 PM,11:00 AM - 20:00 PM,11:00 AM - 20:00 PM,Closed,Closed
Grandparents Support Group (The City of Pomona),Mental Health,"505 South Garey Avenue, Pomona",Los Angeles,CA,91766,34.0546029,-117.7511267,909-620-2324,Not specified,"counseling, support groups",,10:30 AM - 21:00 PM,10:30 AM - 21:00 PM,10:30 AM - 21:00 PM,10:30 AM - 21:00 PM,Closed,Closed,Closed
Mental Health Services (Child & Family Center),Mental Health,"21545 Centre Pointe Parkway, Santa Clarita",Los Angeles,CA,91350,34.4129967,-118.5137171,661-259-9439,Not specified,,"mental health care, navigating the system, support network, skills & training",11:00 AM - 23:00 PM,11:00 AM - 00:00 AM,11:00 AM - 23:00 PM,11:00 AM - 00:00 AM,11:00 AM - 21:00 PM,12:00 PM - 20:00 PM,Closed
Pastoral Counseling (Clinebell Institute),Mental Health,"211 West Foothill Boulevard, Claremont",Los Angeles,CA,91711,34.108891,-117.71806,909-451-3690,Not specified,,"counseling, family counseling, spiritual support",11:00 AM - 20:00 PM,11:00 AM - 20:00 PM,11:00 AM - 20:00 PM,11:00 AM - 20:00 PM,11:00 AM - 20:00 PM,Closed,Closed
Adult Day Program (Santa Clarita Valley Senior Center),Mental Health,"27180 Golden Valley Road, Santa Clarita",Los Angeles,CA,91350,34.429936,-118.5000587,661-259-9444,Temporarily closed,,"exercise & fitness, family counseling, individual counseling, recreation, daytime care, adult daycare, relief for caregivers, navigating the system, support groups",Closed,Closed,Closed,Closed,Closed,Closed,Closed
Victim's Services (Abused Women And Children Inc),Mental Health,,Los Angeles,CA,,,,800-876-5690,Not specified,,"short-term housing, counseling, navigating the system, skills & training, advocacy & legal aid",11:00 AM - 20:00 PM,11:00 AM - 20:00 PM,11:00 AM - 20:00 PM,11:00 AM - 20:00 PM,11:00 AM - 20:00 PM,Closed,Closed
Treatment Facility (Milestones Ranch Malibu),Mental Health,"200 Vera Canyon Rd., Malibu",Los Angeles,CA,90265,34.0927987,-118.8185353,,Not specified,"addiction & recovery, residential treatment",,11:00 AM - 20:00 PM,11:00 AM - 20:00 PM,11:00 AM - 20:00 PM,11:00 AM - 20:00 PM,11:00 AM - 20:00 PM,Closed,Closed
Children's Programs (House of Ruth),Mental Health,,Los Angeles,CA,,,,877-988-5559,Not specified,"anger management, support network, more education",,11:00 AM - 20:00 PM,11:00 AM - 20:00 PM,11:00 AM - 20:00 PM,11:00 AM - 20:00 PM,11:00 AM - 20:00 PM,Closed,Closed
Ark (SHIELDS for Families),Mental Health,11601 S Western Ave,Los Angeles,CA,90047,33.9284298,-118.3102831,323-242-50008888,Open,"outpatient treatment, substance abuse counseling",,11:00 AM - 20:00 PM,11:00 AM - 20:00 PM,11:00 AM - 20:00 PM,11:00 AM - 20:00 PM,11:00 AM - 20:00 PM,Closed,Closed
Counseling Services (Southern California Counseling Center),Mental Health,5615 West Pico Boulevard,Los Angeles,CA,90019,34.0502736,-118.3604622,323-937-1344,Open,,"group therapy, family counseling, individual counseling, support groups",11:00 AM - 00:00 AM,11:00 AM - 00:00 AM,11:00 AM - 00:00 AM,11:00 AM - 00:00 AM,11:00 AM - 00:00 AM,12:00 PM - 20:00 PM,12:00 PM - 20:00 PM
Life Skills Education Anger Management (Project Peacemakers),Mental Health,826 West 54th Street,Los Angeles,CA,90062,33.9930937,-118.2880952,323-291-2525,Open,,"daily life skills, parenting education, anger management, mediation",14:00 PM - 16:00 PM,Closed,Closed,13:00 PM - 15:00 PM,Closed,13:00 PM - 15:00 PM,Closed
Anger Management (Mela Counseling Services Center),Mental Health,"5723 Whittier Boulevard, East Los Angeles",Los Angeles,CA,90022,34.0186599,-118.147486,323721-6855,Not specified,,anger management,11:00 AM - 20:00 PM,11:00 AM - 20:00 PM,11:00 AM - 20:00 PM,11:00 AM - 20:00 PM,11:00 AM - 20:00 PM,Closed,Closed
"HOPE Behavioral Health, Neuropsychology and Education Service (Children's Hospital Los Angeles (CHLA))",Mental Health,1300 N Vermont Ave,Los Angeles,CA,90027,34.0973372,-118.2909606,,Open,,"health education, mental health evaluation, mental health care, counseling, family counseling, navigating the system, support network, one-on-one support",11:00 AM - 20:00 PM,11:00 AM - 20:00 PM,11:00 AM - 20:00 PM,11:00 AM - 20:00 PM,11:00 AM - 20:00 PM,Closed,Closed
Caring for Our Family (CFOF) Collaborative (Asian Pacific Counseling And Treatment Centers),Mental Health,1310 Wilshire Boulevard,Los Angeles,CA,90017,34.0537758,-118.2671082,213-252-2100,Not specified,,mental health care,11:00 AM - 20:00 PM,11:00 AM - 20:00 PM,11:00 AM - 20:00 PM,11:00 AM - 20:00 PM,11:00 AM - 20:00 PM,Closed,Closed
Prevention and Early Intervention (PEI) (Alma Family Services),Mental Health,"1000 Corporate Center Dr, Monterey Park",Los Angeles,CA,91754,34.0512224,-118.1619125,323-881-3799,Open,"understand mental health, group therapy, family counseling, individual counseling, support network",,11:00 AM - 20:00 PM,11:00 AM - 20:00 PM,11:00 AM - 20:00 PM,11:00 AM - 20:00 PM,11:00 AM - 20:00 PM,03:00 AM - 03:00 AM,03:00 AM - 03:00 AM
HaMercaz (Jewish Family Service of Los Angeles (JFSLA)),Mental Health,8838 West Pico Boulevard,Los Angeles,CA,90035,34.0547214,-118.3847711,866-287-8030,Open,"counseling, recreation, support network, support groups, advocacy & legal aid",,11:00 AM - 20:00 PM,11:00 AM - 20:00 PM,11:00 AM - 20:00 PM,11:00 AM - 20:00 PM,11:00 AM - 20:00 PM,Closed,Closed
SOVA Community Food and Resource Program (Jewish Family Service of Los Angeles (JFSLA)),Mental Health,8846 West Pico Boulevard,Los Angeles,CA,90035,34.0546985,-118.3848624,818-988-7682,Open,"food pantry, personal care items, counseling, navigating the system, help fill out forms, support network, one-on-one support, help find work, advocacy & legal aid",,13:00 PM - 16:30 PM,13:00 PM - 16:30 PM,13:00 PM - 16:30 PM,13:00 PM - 16:30 PM,Closed,Closed,Closed
Tribal TANF (Torres Martinez Desert Cahuilla Indians),Mental Health,"900 Corporate Center Drive, Monterey Park",Los Angeles,CA,91754,34.0516968,-118.1606548,800-665-7292,Open,"family counseling, financial assistance, one-on-one support, more education, skills & training, help find work",,10:00 AM - 20:00 PM,10:00 AM - 20:00 PM,10:00 AM - 20:00 PM,10:00 AM - 20:00 PM,Closed,Closed,Closed
TAPS National Military Survivor Helpline (Tragedy Assistance Program for Survivors (TAPS)),Mental Health,,Los Angeles,CA,,,,800-959-8277,Open,"bereavement, navigating the system, support network, help hotlines",,0:00 AM - 11:59 PM,0:00 AM - 11:59 PM,0:00 AM - 11:59 PM,0:00 AM - 11:59 PM,0:00 AM - 11:59 PM,0:00 AM - 11:59 PM,0:00 AM - 11:59 PM
Care - Counseling (Calvary Community Church),Mental Health,"5495 Via Rocas, Westlake Village",Los Angeles,CA,91362,34.1522256,-118.8087878,818-575-2267,Open,"counseling, spiritual support",,11:00 AM - 20:00 PM,11:00 AM - 20:00 PM,11:00 AM - 20:00 PM,11:00 AM - 20:00 PM,11:00 AM - 20:00 PM,Closed,Closed
Point Man International Ministries (Point Man International Ministries),Mental Health,,Los Angeles,CA,,,,800-877-8387,Open,"counseling, support network, peer support, spiritual support, support groups",,8:00 AM - 17:00 PM,8:00 AM - 17:00 PM,8:00 AM - 17:00 PM,8:00 AM - 17:00 PM,8:00 AM - 17:00 PM,Closed,Closed
Anger Management & Addiction Rehab (A New Vision For You II),Mental Health,"45104 Trevor Avenue, Lancaster",Los Angeles,CA,93534,34.7026145,-118.1338234,661-941-4874,Open,,"safe housing, sober living, addiction & recovery, 12-step, anger management, navigating the system, support groups",14:00 PM - 22:30 PM,14:00 PM - 22:30 PM,14:00 PM - 22:30 PM,14:00 PM - 22:30 PM,Closed,Closed,Closed
Kinship Support Services Program (California Department of Social Services (CDSS)),Mental Health,,Los Angeles,CA,,,,800-546-0047,Open,"health education, medical care, counseling, recreation, relief for caregivers, navigating the system, support network, one-on-one support, support groups, more education, tutoring, advocacy & legal aid",,11:00 AM - 20:00 PM,11:00 AM - 20:00 PM,11:00 AM - 20:00 PM,11:00 AM - 20:00 PM,11:00 AM - 20:00 PM,Closed,Closed
Behavioral Health Hotline (National Rehab Hotline),Mental Health,,Los Angeles,CA,,,,866-210-1303,Open,"understand mental health, navigating the system, support network, help hotlines",,0:00 AM - 11:59 PM,0:00 AM - 11:59 PM,0:00 AM - 11:59 PM,0:00 AM - 11:59 PM,0:00 AM - 11:59 PM,0:00 AM - 11:59 PM,0:00 AM - 11:59 PM
Grief Support Group (Grief 2 Hope),Mental Health,,Los Angeles,CA,,,,,Open,"support groups, bereavement, virtual support",,Closed,Closed,Closed,19:30 PM - 20:30 PM,Closed,Closed,Closed
Veterans Healing through Connection Workshop (Caron Treatment Centers),Mental Health,,Los Angeles,CA,,,,,Open,"counseling, group therapy, individual counseling, overnight camp",,8:00 AM - 17:00 PM,8:00 AM - 17:00 PM,8:00 AM - 17:00 PM,8:00 AM - 17:00 PM,8:00 AM - 17:00 PM,Closed,Closed
NAMI Family Support Group (National Alliance on Mental Health (NAMI) California),Mental Health,,Los Angeles,CA,,,,,Open,"understand mental health, peer support, support groups",,11:30 AM - 20:00 PM,11:30 AM - 20:00 PM,11:30 AM - 20:00 PM,11:30 AM - 20:00 PM,11:30 AM - 20:00 PM,Closed,Closed
NAMI Peer-to-Peer (National Alliance on Mental Health (NAMI) California),Mental Health,,Los Angeles,CA,,,,916-567-0163,Open,"understand mental health, peer support, support groups",,11:00 AM - 20:00 PM,11:00 AM - 20:00 PM,11:00 AM - 20:00 PM,11:00 AM - 20:00 PM,11:00 AM - 20:00 PM,Closed,Closed
NAMI Family-to-Family (National Alliance on Mental Health (NAMI) California),Mental Health,,Los Angeles,CA,,,,916-567-0163,Open,"health education, understand mental health, support groups",,11:00 AM - 20:00 PM,11:00 AM - 20:00 PM,11:00 AM - 20:00 PM,11:00 AM - 20:00 PM,11:00 AM - 20:00 PM,Closed,Closed
Funeral Consumers Alliance (Funeral Consumers Alliance),Mental Health,,Los Angeles,CA,,,,,Open,"bereavement, navigating the system",,11:00 AM - 20:00 PM,11:00 AM - 20:00 PM,11:00 AM - 20:00 PM,11:00 AM - 20:00 PM,11:00 AM - 20:00 PM,Closed,Closed
California Family Urgent Response System (Cal-FURS) (California Department of Social Services (CDSS)),Mental Health,,Los Angeles,CA,,,,833-939-3877,Open,"navigating the system, support network, counseling, help hotlines, peer support",,0:00 AM - 11:59 PM,0:00 AM - 11:59 PM,0:00 AM - 11:59 PM,0:00 AM - 11:59 PM,0:00 AM - 11:59 PM,0:00 AM - 11:59 PM,0:00 AM - 11:59 PM
Mental Health Services (American Living Organ Donor Fund (ALODF)),Mental Health,,Los Angeles,CA,,,,215-601-6530,Open,"mental health care, virtual support",,11:00 AM - 20:00 PM,11:00 AM - 20:00 PM,11:00 AM - 20:00 PM,11:00 AM - 20:00 PM,11:00 AM - 20:00 PM,Closed,Closed
Project Porchlight (Money Management International (MMI)),Mental Health,,Los Angeles,CA,,,,877-833-1742,Open,"counseling, navigating the system, help fill out forms",,0:00 AM - 11:59 PM,0:00 AM - 11:59 PM,0:00 AM - 11:59 PM,0:00 AM - 11:59 PM,0:00 AM - 11:59 PM,0:00 AM - 11:59 PM,0:00 AM - 11:59 PM
Outpatient Mental Health Services for Children and Families (Didi Hirsch Mental Health Services),Mental Health,672 South La Fayette Park Place,Los Angeles,CA,90057,34.0605057,-118.2833812,888-807-7250,Open,"outpatient treatment, specialized therapy, mental health care, group therapy, family counseling, individual counseling, medications for mental health, one-on-one support",,11:30 AM - 20:00 PM,11:30 AM - 20:00 PM,11:30 AM - 20:00 PM,11:30 AM - 20:00 PM,11:30 AM - 20:00 PM,Closed,Closed
Intensive Mental Health Services for Children (Didi Hirsch Mental Health Services),Mental Health,672 South Lafayette Park Place,Los Angeles,CA,90057,34.0605815,-118.283517,888-807-7250,Open,,"outpatient treatment, daily life skills, specialized therapy, in-home support, mental health care, family counseling, medications for mental health, one-on-one support, parenting education",11:00 AM - 20:00 PM,11:00 AM - 20:00 PM,11:00 AM - 20:00 PM,11:00 AM - 20:00 PM,11:00 AM - 20:00 PM,Closed,Closed
Child and Family Services - School-based Services (Didi Hirsch Mental Health Services),Mental Health,672 S Lafayette Park Pl,Los Angeles,CA,90057,34.0605633,-118.2835348,888-807-7250,Open,mental health care,,11:30 AM - 20:00 PM,11:30 AM - 20:00 PM,11:30 AM - 20:00 PM,11:30 AM - 20:00 PM,11:30 AM - 20:00 PM,Closed,Closed
Online Counseling (University of Southern California (USC)),Mental Health,,Los Angeles,CA,,,,866-740-6502,Open,"specialized therapy, mental health care, one-on-one support, virtual support",,11:00 AM - 19:00 PM,11:00 AM - 19:00 PM,11:00 AM - 19:00 PM,11:00 AM - 19:00 PM,11:00 AM - 19:00 PM,Closed,Closed
Wellness Center (Gateways Hospital and Mental Health Center),Mental Health,320 North Madison Avenue,Los Angeles,CA,90004,34.0770131,-118.288958,323-644-2040,Open,,"mental health care, navigating the system, peer support, support groups",Closed,12:00 PM - 19:00 PM,12:00 PM - 19:00 PM,12:00 PM - 19:00 PM,Closed,Closed,Closed
HIV Education and Counseling Programs (Asian Pacific AIDS Intervention Team (APAIT)),Mental Health,3055 Wilshire Boulevard,Los Angeles,CA,90010,34.0620291,-118.2880824,714-636-1349,Open,"health education, counseling, one-on-one support, peer support",,12:30 PM - 20:30 PM,12:30 PM - 20:30 PM,12:30 PM - 20:30 PM,12:30 PM - 20:30 PM,12:30 PM - 20:30 PM,Closed,Closed
Asian and Pacific Islanders Reducing Risk through Individual Support and Education (ARISE) (Asian Pacific AIDS Intervention Team (APAIT)),Mental Health,,Los Angeles,CA,,,,213-375-38301813,Open,,"individual counseling, navigating the system, support network, one-on-one support, sex education, safety education",12:30 PM - 20:30 PM,12:30 PM - 20:30 PM,12:30 PM - 20:30 PM,12:30 PM - 20:30 PM,12:30 PM - 20:30 PM,Closed,Closed
Family Preservation & Domestic Violence (Jovenes),Mental Health,1208 Pleasant Ave,Los Angeles,CA,90033,34.0526082,-118.2229429,323-260-8035,Open,,"counseling, home visiting",11:00 AM - 20:00 PM,11:00 AM - 20:00 PM,11:00 AM - 20:00 PM,11:00 AM - 20:00 PM,11:00 AM - 20:00 PM,Closed,Closed
Parent Child Interaction Therapy (PCIT (The Children's Center of the Antelope Valley),Mental Health,"45111 Fern Avenue, Lancaster",Los Angeles,CA,93534,34.7014968,-118.1454696,661949-1206,Not specified,"counseling, specialized therapy",,11:00 AM - 20:00 PM,11:00 AM - 20:00 PM,11:00 AM - 20:00 PM,11:00 AM - 20:00 PM,11:00 AM - 20:00 PM,Closed,Closed
Triple P: Positive Parenting Program (Interface Children & Family Services (ICFS)),Mental Health,,Los Angeles,CA,,,,805-485-6114544,Open,"parenting education, understand mental health",,11:00 AM - 20:00 PM,11:00 AM - 20:00 PM,11:00 AM - 20:00 PM,11:00 AM - 20:00 PM,11:00 AM - 20:00 PM,Closed,Closed
Therapy & Mental Health Services (Parish Health and Wellness (PHW)),Mental Health,,Los Angeles,CA,,,,530-528-2342,Open,,"substance abuse counseling, counseling, mental health care, anger management, family counseling, individual counseling, spiritual support, virtual support",12:00 PM - 23:00 PM,12:00 PM - 23:00 PM,12:00 PM - 23:00 PM,12:00 PM - 23:00 PM,12:00 PM - 23:00 PM,12:00 PM - 20:00 PM,Closed
Affordable Psychotherapy and Mental Health Education (Open Path Psychotherapy Collective),Mental Health,,Los Angeles,CA,,,,,Open,,"mental health care, anger management, counseling, family counseling, individual counseling, mental health evaluation",9:00 AM - 18:00 PM,9:00 AM - 18:00 PM,9:00 AM - 18:00 PM,9:00 AM - 18:00 PM,Closed,Closed,Closed
Medication-Assisted Treatment for Opioids (MAT) (Groups Recover Together),Mental Health,,Los Angeles,CA,,,,888-858-1723,Open,,"addiction & recovery, substance abuse counseling, medications for addiction, peer support, support groups, virtual support",12:00 PM - 20:00 PM,12:00 PM - 20:00 PM,12:00 PM - 20:00 PM,12:00 PM - 20:00 PM,12:00 PM - 20:00 PM,Closed,Closed
Trauma REBOOT - Trauma Healing Courses (REBOOT),Mental Health,,Los Angeles,CA,,,,,Open,,"understand mental health, support network, peer support, virtual support, spiritual support",0:00 AM - 11:59 PM,0:00 AM - 11:59 PM,0:00 AM - 11:59 PM,0:00 AM - 11:59 PM,0:00 AM - 11:59 PM,0:00 AM - 11:59 PM,0:00 AM - 11:59 PM
Hotline (BlackLine),Mental Health,,Los Angeles,CA,,,,800-604-5841,Open,"counseling, support network, help hotlines, virtual support",,7:00 AM - 15:00 PM,7:00 AM - 15:00 PM,7:00 AM - 15:00 PM,7:00 AM - 15:00 PM,7:00 AM - 15:00 PM,12:00 PM - 15:00 PM,12:00 PM - 15:00 PM
Military Mental Health Support (HicksStrong. Inc.),Mental Health,,Los Angeles,CA,,,,,Open,"help find healthcare, counseling, understand mental health",,8:00 AM - 17:00 PM,8:00 AM - 17:00 PM,8:00 AM - 17:00 PM,8:00 AM - 17:00 PM,8:00 AM - 17:00 PM,Closed,Closed
"Addiction: Intensive Adult Outpatient Program (Tarzana Treatment Centers, Inc. (TTC))",Mental Health,"5190 Atlantic Ave, Long Beach",Los Angeles,CA,90805,33.850816,-118.183916,888-777-8565,Open,,"addiction & recovery, outpatient treatment, substance abuse counseling, medications for addiction, sober living, substance abuse counseling, peer recovery coaching, daily life skills, nutrition education, parenting education",11:00 AM - 20:00 PM,11:00 AM - 20:00 PM,11:00 AM - 20:00 PM,11:00 AM - 20:00 PM,11:00 AM - 20:00 PM,Closed,Closed
Outpatient Services (Clare/Matrix),Mental Health,"1002 Pico Boulevard, Santa Monica",Los Angeles,CA,90405,34.0132409,-118.4808655,866-452-5273,Open,,"outpatient treatment, mental health care, mental health evaluation",11:00 AM - 20:00 PM,11:00 AM - 20:00 PM,11:00 AM - 20:00 PM,11:00 AM - 20:00 PM,11:00 AM - 20:00 PM,Closed,Closed
Mental Health Services (Helpline Youth Counseling (HYC)),Mental Health,"12440 Firestone Boulevard, Norwalk",Los Angeles,CA,90650,33.9049745,-118.0685085,562-864-3722,Open,"substance abuse counseling, parenting education, mental health care, family counseling, individual counseling",,11:00 AM - 20:00 PM,11:00 AM - 20:00 PM,11:00 AM - 20:00 PM,11:00 AM - 20:00 PM,11:00 AM - 20:00 PM,Closed,Closed
"Recovery, Resilience and Reintegration Services (St. Joseph Center)",Mental Health,204 Hampton Drive,Los Angeles,CA,90291,33.9978341,-118.4778653,310-396-6468,Open,"outpatient treatment, mental health care",,11:00 AM - 20:00 PM,11:00 AM - 20:00 PM,11:00 AM - 20:00 PM,11:00 AM - 20:00 PM,11:00 AM - 20:00 PM,Closed,Closed
Individualized Outpatient Program (Clare/Matrix),Mental Health,"909 Pico Blvd, Santa Monica",Los Angeles,CA,90405,34.0132509,-118.4817459,866-452-5273,Open,"addiction & recovery, outpatient treatment, drug testing, checkup & test, specialized therapy, individual counseling, navigating the system, case management, one-on-one support",,11:00 AM - 20:00 PM,11:00 AM - 20:00 PM,11:00 AM - 20:00 PM,11:00 AM - 20:00 PM,11:00 AM - 20:00 PM,Closed,Closed
Outpatient Programs - Outpatient Counseling (Clare/Matrix),Mental Health,"909 Pico Blvd, Santa Monica",Los Angeles,CA,90405,34.0132509,-118.4817459,310-314-6200,Open,"substance abuse counseling, individual counseling, navigating the system, one-on-one support",,11:00 AM - 20:00 PM,11:00 AM - 20:00 PM,11:00 AM - 20:00 PM,11:00 AM - 20:00 PM,11:00 AM - 20:00 PM,Closed,Closed
Women's Residential Treatment Program (Clare/Matrix),Mental Health,"1865 9th Street, Santa Monica",Los Angeles,CA,90405,34.0133809,-118.4820482,866-452-5273,Open,,"addiction & recovery, 12-step, detox, substance abuse counseling, medications for addiction, residential treatment, 12-step, specialized therapy, case management, support network, one-on-one support",11:00 AM - 21:00 PM,11:00 AM - 21:00 PM,11:00 AM - 21:00 PM,11:00 AM - 21:00 PM,11:00 AM - 21:00 PM,Closed,Closed
Mental Health Services (Olive Crest - Los Angeles),Mental Health,,Los Angeles,CA,,,,951-686-8500,Open,"mental health care, counseling, family counseling, individual counseling, medications for mental health",,11:00 AM - 20:00 PM,11:00 AM - 20:00 PM,11:00 AM - 20:00 PM,11:00 AM - 20:00 PM,11:00 AM - 20:00 PM,Closed,Closed
Phoenix House - Venice Beach (Phoenix House California),Mental Health,"503 Ocean Front Walk, Venice",Los Angeles,CA,90291,33.993292,-118.4790468,888-912-5482,Open,,"addiction & recovery, medical care, mental health care, residential care, support network",11:00 AM - 20:00 PM,11:00 AM - 20:00 PM,11:00 AM - 20:00 PM,11:00 AM - 20:00 PM,11:00 AM - 20:00 PM,Closed,Closed
Domestic Violence Program (YWCA of Glendale),Mental Health,,Los Angeles,CA,,,,888-999-7511,Open,"temporary shelter, immediate safety, substance abuse counseling, help hotlines, advocacy & legal aid, navigating the system",,12:00 PM - 20:00 PM,12:00 PM - 20:00 PM,12:00 PM - 20:00 PM,12:00 PM - 20:00 PM,12:00 PM - 20:00 PM,Closed,Closed
Group Therapy (Los Angeles LGBT Center),Mental Health,553 South Clarence Street,Los Angeles,CA,90033,34.0392765,-118.2234897,,Open,,"12-step, mental health care, support network, support groups, addiction & recovery, anger management, sexual and reproductive health, more education",11:00 AM - 20:00 PM,11:00 AM - 20:00 PM,11:00 AM - 20:00 PM,11:00 AM - 20:00 PM,11:00 AM - 20:00 PM,Closed,Closed
Older Adult Field Capable Clinical Services OA FCCS Program (Asian Pacific Counseling And Treatment Centers),Mental Health,600 Saint Paul Avenue,Los Angeles,CA,90017,34.0530933,-118.260626,213-252-2100,Open,,"mental health care, family counseling, individual counseling, navigating the system, one-on-one support",11:00 AM - 20:00 PM,11:00 AM - 20:00 PM,11:00 AM - 20:00 PM,11:00 AM - 20:00 PM,11:00 AM - 20:00 PM,Closed,Closed
Mental Health Services (Fig Tree Therapy Center),Mental Health,714 West Olympic Boulevard,Los Angeles,CA,90015,34.044441,-118.2635049,310-712-3411,Open,,"substance abuse counseling, mental health care, anger management, family counseling, individual counseling, mental health evaluation, virtual support",11:00 AM - 20:00 PM,11:00 AM - 20:00 PM,11:00 AM - 20:00 PM,11:00 AM - 20:00 PM,11:00 AM - 20:00 PM,Closed,Closed
Homeless Outreach & Mobile Engagement (HOME) (Los Angeles County Department of Mental Health),Mental Health,,Los Angeles,CA,,,,,Open,"mental health care, navigating the system, support network",,11:00 AM - 20:00 PM,11:00 AM - 20:00 PM,11:00 AM - 20:00 PM,11:00 AM - 20:00 PM,11:00 AM - 20:00 PM,Closed,Closed
Pathways Housing (United Friends of the Children),Mental Health,1055 Wilshire Boulevard,Los Angeles,CA,90017,34.0525613,-118.2627151,,Open,"help find housing, residential treatment, counseling, mental health care, skills & training",,12:00 PM - 20:00 PM,12:00 PM - 20:00 PM,12:00 PM - 20:00 PM,12:00 PM - 20:00 PM,12:00 PM - 20:00 PM,Closed,Closed
Perinatal Outreach and Education Program (Maternal and Child Health Access (MCHA)),Mental Health,,Los Angeles,CA,,,,213-749-4261304,Open,"meals, short-term housing, baby supplies, clothing, help pay for transit, bus passes, medical care, counseling, navigating the system, one-on-one support",,11:00 AM - 20:00 PM,11:00 AM - 20:00 PM,11:00 AM - 20:00 PM,11:00 AM - 20:00 PM,11:00 AM - 20:00 PM,Closed,Closed
"Substance Abuse (United American Indian Involvement, Inc.)",Mental Health,1125 West 6th Street,Los Angeles,CA,90017,34.0546108,-118.2626468,213-202-3970,Open,,"outpatient treatment, mental health evaluation, prevent & treat, mental health care, substance abuse counseling, navigating the system, support network, one-on-one support, support groups, skills & training",11:00 AM - 20:00 PM,11:00 AM - 20:00 PM,11:00 AM - 20:00 PM,11:00 AM - 20:00 PM,11:00 AM - 20:00 PM,Closed,Closed
Adult Outpatient Program (Gateways Hospital and Mental Health Center),Mental Health,1338 South Grand Avenue,Los Angeles,CA,90015,34.0377704,-118.2647906,323-268-2100,Open,,"mental health care, counseling, individual counseling, outpatient treatment, navigating the system",11:00 AM - 20:00 PM,11:00 AM - 20:00 PM,11:00 AM - 20:00 PM,11:00 AM - 20:00 PM,11:00 AM - 20:00 PM,Closed,Closed
Children's Clinic - Birth to Five (Amanecer Community Counseling Service),Mental Health,1200 Wilshire Boulevard,Los Angeles,CA,90017,34.052953,-118.265186,213-416-1106,Open,"understand mental health, disability screening, early childhood intervention, specialized therapy, mental health care",,11:00 AM - 20:00 PM,11:00 AM - 20:00 PM,11:00 AM - 20:00 PM,11:00 AM - 20:00 PM,11:00 AM - 20:00 PM,Closed,Closed
Children's Clinic - Unaccompanied Minors (Amanecer Community Counseling Service),Mental Health,1200 Wilshire Boulevard,Los Angeles,CA,90017,34.052953,-118.265186,213-416-1106,Open,"mental health care, group therapy, citizenship & immigration, advocacy & legal aid, guardianship",,11:00 AM - 20:00 PM,11:00 AM - 20:00 PM,11:00 AM - 20:00 PM,11:00 AM - 20:00 PM,11:00 AM - 20:00 PM,Closed,Closed
Adults - Intensive Community Services (Pacific Clinics),Mental Health,"800 S Santa Anita Ave, Arcadia",Los Angeles,CA,91006,34.1311035,-118.0309151,877-722-2737,Open,,"mental health care, navigating the system, one-on-one support",11:00 AM - 20:00 PM,11:00 AM - 20:00 PM,11:00 AM - 20:00 PM,11:00 AM - 20:00 PM,11:00 AM - 20:00 PM,Closed,Closed
Older Adult Mental Health Treatment Services (Pacific Clinics),Mental Health,"800 South Santa Anita Avenue, Arcadia",Los Angeles,CA,91006,34.131112,-118.030857,877-722-2737,Open,,"counseling, medications for mental health, navigating the system, one-on-one support",11:00 AM - 20:00 PM,11:00 AM - 20:00 PM,11:00 AM - 20:00 PM,11:00 AM - 20:00 PM,11:00 AM - 20:00 PM,Closed,Closed
Counseling Center (OPICA Adult Day Care Services),Mental Health,330 North Hayworth Avenue,Los Angeles,CA,90048,34.0769745,-118.3622886,310-478-0226,Open,"counseling, family counseling, individual counseling, support groups",,Closed,Closed,13:30 PM - 15:00 PM,Closed,Closed,Closed,Closed
Health-Disabilities (Venice Family Clinic),Mental Health,604 Rose Avenue,Los Angeles,CA,90291,33.9992175,-118.4714154,310-392-8636,Open,"medical care, mental health care, mental health evaluation",,11:00 AM - 20:00 PM,11:00 AM - 20:00 PM,11:00 AM - 20:00 PM,11:00 AM - 20:00 PM,11:00 AM - 19:00 PM,Closed,Closed
Homeless Health Care (Venice Family Clinic),Mental Health,604 Rose Avenue,Los Angeles,CA,90291,33.9991486,-118.4715237,310-392-8636,Open,"medical care, outpatient treatment, mental health care",,11:00 AM - 23:00 PM,11:00 AM - 23:00 PM,11:00 AM - 23:00 PM,11:00 AM - 23:00 PM,11:00 AM - 20:00 PM,Closed,Closed
Substance Use Treatment (SUMMIT) (Venice Family Clinic),Mental Health,,Los Angeles,CA,,,,310-392-8636,Open,,"addiction & recovery, outpatient treatment, substance abuse counseling, medications for addiction, case management, support groups",10:00 AM - 21:00 PM,10:00 AM - 21:00 PM,10:00 AM - 21:00 PM,10:00 AM - 21:00 PM,11:00 AM - 19:00 PM,Closed,Closed
Individuals Program (The Maple Counseling Center),Mental Health,"9107 Wilshire Blvd, Beverly Hills",Los Angeles,CA,90210,34.0673963,-118.3903395,310-271-9999,Not specified,,mental health care,12:00 PM - 11:59 PM,12:00 PM - 11:59 PM,12:00 PM - 11:59 PM,12:00 PM - 11:59 PM,12:00 PM - 20:00 PM,12:00 PM - 16:00 PM,Closed
Counseling Hotline for Women (NCJW/LA - Women Helping Women (WHW)),Mental Health,543 N Fairfax Ave,Los Angeles,CA,90036,34.0814455,-118.3617972,,Open,,counseling,11:00 AM - 20:00 PM,11:00 AM - 20:00 PM,11:00 AM - 20:00 PM,11:00 AM - 20:00 PM,11:00 AM - 20:00 PM,Closed,Closed
"HIV/AIDS Medical Care (Tarzana Treatment Centers, Inc. (TTC))",Mental Health,"5190 Atlantic Avenue, Long Beach",Los Angeles,CA,90805,33.8508284,-118.1838961,888-777-8565,Open,,"medical care, checkup & test, disease screening, counseling, hiv treatment, disease management, medication management, sexual and reproductive health, std/sti treatment & prevention, navigating the system, case management",0:00 AM - 11:59 PM,0:00 AM - 11:59 PM,0:00 AM - 11:59 PM,0:00 AM - 11:59 PM,0:00 AM - 11:59 PM,0:00 AM - 11:59 PM,0:00 AM - 11:59 PM
"Youth Intensive Outpatient Treatment (IOP) (Tarzana Treatment Centers, Inc. (TTC))",Mental Health,"5190 Atlantic Avenue, Long Beach",Los Angeles,CA,90805,33.8508284,-118.1838961,888-777-8565,Open,,"addiction & recovery, outpatient treatment, drug testing, substance abuse counseling, medications for addiction, group therapy, drug testing",11:00 AM - 20:00 PM,11:00 AM - 20:00 PM,11:00 AM - 20:00 PM,11:00 AM - 20:00 PM,11:00 AM - 20:00 PM,Closed,Closed
Breastfeeding Support (Nursing Mothers Counsel (NMC) Inc.),Mental Health,,Los Angeles,CA,,,,,Open,"parenting education, counseling, postnatal care, help hotlines, home visiting, one-on-one support, peer support, support groups, virtual support, medical supplies",,12:00 PM - 00:00 AM,12:00 PM - 00:00 AM,12:00 PM - 00:00 AM,12:00 PM - 00:00 AM,12:00 PM - 00:00 AM,12:00 PM - 00:00 AM,12:00 PM - 00:00 AM
Post-Deployment: Support Resources for Homecomings (American Red Cross),Mental Health,,Los Angeles,CA,,,,877-272-7337,Open,"health education, understand mental health, support network",,8:00 AM - 17:00 PM,8:00 AM - 17:00 PM,8:00 AM - 17:00 PM,8:00 AM - 17:00 PM,8:00 AM - 17:00 PM,Closed,Closed
Suicide Prevention Hotline (The 988 Suicide & Crisis Lifeline),Mental Health,,Los Angeles,CA,,,,988,Open,"psychiatric emergency services, help hotlines, one-on-one support, virtual support",,0:00 AM - 11:59 PM,0:00 AM - 11:59 PM,0:00 AM - 11:59 PM,0:00 AM - 11:59 PM,0:00 AM - 11:59 PM,0:00 AM - 11:59 PM,0:00 AM - 11:59 PM
Smoking Cessation Hotline (Kick It California (KIC)),Mental Health,,Los Angeles,CA,,,,800-300-8086,Open,"addiction & recovery, counseling, support network, help hotlines, one-on-one support, virtual support",,10:00 AM - 11:59 PM,10:00 AM - 11:59 PM,10:00 AM - 11:59 PM,10:00 AM - 11:59 PM,10:00 AM - 11:59 PM,12:00 PM - 20:00 PM,Closed
Adolescent and Young Adult Program (CancerCare),Mental Health,,Los Angeles,CA,,,,800-813-4673,Open,"bereavement, counseling, individual counseling, help hotlines, one-on-one support, support groups, virtual support",,9:00 AM - 19:00 PM,9:00 AM - 19:00 PM,9:00 AM - 19:00 PM,9:00 AM - 19:00 PM,9:00 AM - 19:00 PM,Closed,Closed
Online Support Groups (CancerCare),Mental Health,,Los Angeles,CA,,,,,Open,"bereavement, support groups, support network, virtual support",,8:00 AM - 17:00 PM,8:00 AM - 17:00 PM,8:00 AM - 17:00 PM,8:00 AM - 17:00 PM,8:00 AM - 17:00 PM,Closed,Closed
One-on-One Peer Counseling (Support Connection),Mental Health,,Los Angeles,CA,,,,800-532-4290,Open,"health education, counseling, one-on-one support, peer support, virtual support",,9:00 AM - 17:00 PM,9:00 AM - 17:00 PM,9:00 AM - 17:00 PM,9:00 AM - 17:00 PM,9:00 AM - 17:00 PM,Closed,Closed
Grief Support (Bereaved Parents of the USA (BPUSA)),Mental Health,,Los Angeles,CA,,,,,Open,"bereavement, peer support, support groups",,8:00 AM - 17:00 PM,8:00 AM - 17:00 PM,8:00 AM - 17:00 PM,8:00 AM - 17:00 PM,8:00 AM - 17:00 PM,Closed,Closed
Counseling (Casa de la Familia (CDLF)),Mental Health,3550 Wilshire Boulevard,Los Angeles,CA,90010,34.0610984,-118.3022677,877-611-2272,Open,,"mental health care, counseling",12:00 PM - 20:00 PM,12:00 PM - 20:00 PM,12:00 PM - 20:00 PM,12:00 PM - 20:00 PM,12:00 PM - 20:00 PM,Closed,Closed
Psychological Counseling (Program for Torture Victims (PTV)),Mental Health,3550 Wilshire Boulevard,Los Angeles,CA,90010,34.0616398,-118.302475,213-384-4788246,Open,,"mental health care, group therapy, family counseling, individual counseling, mental health evaluation, virtual support",13:00 PM - 19:00 PM,13:00 PM - 19:00 PM,13:00 PM - 19:00 PM,13:00 PM - 19:00 PM,Closed,Closed,Closed
Mental Health Services (Aviva),Mental Health,3580 Wilshire Boulevard,Los Angeles,CA,90010,34.0611215,-118.3028158,213-637-50003753,Open,"outpatient treatment, bereavement, counseling, mental health care, anger management, family counseling, individual counseling, medications for mental health, mental health evaluation, food pantry, adoption & foster care, adoption & foster placement, adoption & foster parenting, post-adoption support",,11:00 AM - 20:00 PM,11:00 AM - 20:00 PM,11:00 AM - 20:00 PM,11:00 AM - 20:00 PM,11:00 AM - 20:00 PM,Closed,Closed
Children and Family Services - Pico-Robertson Family Resource Center (Jewish Family Service of Los Angeles (JFSLA)),Mental Health,8838 West Pico Boulevard,Los Angeles,CA,90035,34.054665,-118.384799,877-275-4537,Open,,"counseling, navigating the system, support groups",11:00 AM - 20:00 PM,11:00 AM - 20:00 PM,11:00 AM - 20:00 PM,11:00 AM - 20:00 PM,11:00 AM - 20:00 PM,Closed,Closed
Full Service Partnership Program (Heritage Clinic),Mental Health,3600 Wilshire Boulevard,Los Angeles,CA,90010,34.0605163,-118.3036379,213-382-4400,Open,,"mental health care, counseling, individual counseling, mental health evaluation, case management",11:00 AM - 20:00 PM,11:00 AM - 20:00 PM,11:00 AM - 20:00 PM,11:00 AM - 20:00 PM,11:00 AM - 20:00 PM,Closed,Closed
Transitional Supportive Housing - The Barracks (Volunteers of America Los Angeles (VOALA)),Mental Health,3600 Wilshire Boulevard,Los Angeles,CA,90010,34.0605163,-118.3036379,213-389-1500,Open,"short-term housing, daily life skills, mental health care, understand government programs, navigating the system, one-on-one support",,12:00 PM - 20:00 PM,12:00 PM - 20:00 PM,12:00 PM - 20:00 PM,12:00 PM - 20:00 PM,12:00 PM - 20:00 PM,Closed,Closed
Prevention and Early Intervention (PEI) Program (Heritage Clinic),Mental Health,3600 Wilshire Boulevard,Los Angeles,CA,90010,34.0605163,-118.3036379,213-382-44000,Open,,"counseling, mental health care, individual counseling",11:30 AM - 20:00 PM,11:30 AM - 20:00 PM,11:30 AM - 20:00 PM,11:30 AM - 20:00 PM,11:30 AM - 20:00 PM,Closed,Closed
Korean Integrated Service Management Model (Koreatown Youth And Community Center (KYCC)),Mental Health,3727 West 6th Street,Los Angeles,CA,90020,34.0638656,-118.3037834,213-365-7400,Open,,"substance abuse counseling, mental health care, individual counseling",11:00 AM - 20:00 PM,11:00 AM - 20:00 PM,11:00 AM - 20:00 PM,11:00 AM - 20:00 PM,11:00 AM - 20:00 PM,Closed,Closed
Family Preservation Program (Koreatown Youth And Community Center (KYCC)),Mental Health,3727 W 6th St,Los Angeles,CA,90020,34.0638657,-118.3037835,2133657400,Not specified,,counseling,11:00 AM - 20:00 PM,11:00 AM - 20:00 PM,11:00 AM - 20:00 PM,11:00 AM - 20:00 PM,11:00 AM - 20:00 PM,Closed,Closed
Prevention & Early Intervention Services (Koreatown Youth And Community Center (KYCC)),Mental Health,3727 W 6th St,Los Angeles,CA,90020,34.0638657,-118.3037835,213-365-7400,Open,,"mental health care, add/adhd",11:00 AM - 20:00 PM,11:00 AM - 20:00 PM,11:00 AM - 20:00 PM,11:00 AM - 20:00 PM,11:00 AM - 20:00 PM,Closed,Closed
Support Groups (Cancer Support Community),Mental Health,,Los Angeles,CA,,,,888-557-3177,Open,"counseling, group therapy, support network, support groups",,11:00 AM - 20:00 PM,11:00 AM - 20:00 PM,11:00 AM - 20:00 PM,11:00 AM - 20:00 PM,11:00 AM - 20:00 PM,Closed,Closed
Emergency Mental Health Care for Veterans (U.S. Department of Veterans Affairs),Mental Health,,Los Angeles,CA,,,,-,Open,"help pay for healthcare, psychiatric emergency services, mental health care, understand government programs, navigating the system",,0:00 AM - 11:59 PM,0:00 AM - 11:59 PM,0:00 AM - 11:59 PM,0:00 AM - 11:59 PM,0:00 AM - 11:59 PM,0:00 AM - 11:59 PM,0:00 AM - 11:59 PM
Asian Smokers' Quitline (ASQ) (University of California San Diego),Mental Health,,Los Angeles,CA,,,,,Open,"addiction & recovery, health education, prevent & treat, counseling, navigating the system, help hotlines",,10:00 AM - 00:00 AM,10:00 AM - 00:00 AM,10:00 AM - 00:00 AM,10:00 AM - 00:00 AM,10:00 AM - 00:00 AM,Closed,Closed
NAMI Basics (National Alliance on Mental Health (NAMI) California),Mental Health,,Los Angeles,CA,,,,916-567-0163,Open,"understand mental health, navigating the system, support groups, more education",,11:30 AM - 20:00 PM,11:30 AM - 20:00 PM,11:30 AM - 20:00 PM,11:30 AM - 20:00 PM,11:30 AM - 20:00 PM,Closed,Closed
Prison Ministry (Touch of Love/New Beginnings),Mental Health,,Los Angeles,CA,,,,951-485-0226,Open,"substance abuse counseling, family counseling, individual counseling, support network, spiritual support, skills & training, specialized training",,11:00 AM - 20:00 PM,11:00 AM - 20:00 PM,11:00 AM - 20:00 PM,11:00 AM - 20:00 PM,11:00 AM - 20:00 PM,Closed,Closed
Outpatient Treatment Services (Impact Treatment Center),Mental Health,3217 North Eastern Avenue,Los Angeles,CA,90032,34.0823819,-118.178389,213-625-5009,Open,,"addiction & recovery, 12-step, outpatient treatment, drug testing, substance abuse counseling, mental health care, group therapy, family counseling, individual counseling, navigating the system",11:00 AM - 20:00 PM,11:00 AM - 20:00 PM,11:00 AM - 20:00 PM,11:00 AM - 20:00 PM,11:00 AM - 20:00 PM,Closed,Closed
Telecare Downtown LA (Telecare Corporation),Mental Health,600 St Paul Ave,Los Angeles,CA,90017,34.05313,-118.2606826,213-482-6400,Not specified,,"mental health evaluation, prevent & treat, financial education, navigating the system, support network, one-on-one support, skills & training",11:00 AM - 19:30 PM,11:00 AM - 19:30 PM,11:00 AM - 19:30 PM,11:00 AM - 19:30 PM,11:00 AM - 19:30 PM,Closed,Closed
"Deaf, Disabled & Elder (DDE) Services program (Peace Over Violence)",Mental Health,"892 North Fair Oaks Avenue, Pasadena",Los Angeles,CA,91103,34.1610795,-118.1504012,213-785-2684,Not specified,,"counseling, navigating the system, help hotlines, one-on-one support, support groups, more education, alternative education, skills & training, advocacy & legal aid",11:00 AM - 20:00 PM,11:00 AM - 20:00 PM,11:00 AM - 20:00 PM,11:00 AM - 20:00 PM,11:00 AM - 20:00 PM,Closed,Closed
Intervention Program (Peace Over Violence),Mental Health,"892 North Fair Oaks Avenue, Pasadena",Los Angeles,CA,91103,34.1610795,-118.1504012,626-793-3385,Not specified,"counseling, individual counseling",,11:00 AM - 20:00 PM,11:00 AM - 20:00 PM,11:00 AM - 20:00 PM,11:00 AM - 20:00 PM,11:00 AM - 20:00 PM,Closed,Closed
Recuperative Care for the Homeless in Los Angeles (Horizon Recuperative Care),Mental Health,10900 South Vermont Avenue,Los Angeles,CA,90044,33.9371465,-118.2915811,323-676-1000,Open,"government food benefits, short-term housing, transportation for healthcare, understand mental health, medical care, checkup & test, medication management, mental health evaluation, community support services, navigating the system, case management, daily life skills",,11:00 AM - 20:00 PM,11:00 AM - 20:00 PM,11:00 AM - 20:00 PM,11:00 AM - 20:00 PM,11:00 AM - 20:00 PM,Closed,Closed
Emergency Services (CHA Hollywood Presbyterian Medical Center),Mental Health,1300 North Vermont Avenue,Los Angeles,CA,90027,34.0963224,-118.2903015,213-413-3000,Open,,"medical care, prevent & treat, hospital treatment, checkup & test",0:00 AM - 11:59 PM,0:00 AM - 11:59 PM,0:00 AM - 11:59 PM,0:00 AM - 11:59 PM,0:00 AM - 11:59 PM,0:00 AM - 11:59 PM,0:00 AM - 11:59 PM
"Walking In A New Direction (United American Indian Involvement, Inc.)",Mental Health,1125 W 6th St,Los Angeles,CA,90017,34.0546408,-118.2627668,213-202-39707178,Not specified,"addiction & recovery, substance abuse counseling, drug testing",,11:00 AM - 20:00 PM,11:00 AM - 20:00 PM,11:00 AM - 20:00 PM,11:00 AM - 20:00 PM,11:00 AM - 20:00 PM,Closed,Closed
The Ark Program (SHIELDS for Families),Mental Health,"2620 Industry Way, Lynwood",Los Angeles,CA,90262,33.9233014,-118.2258901,323-242-5000,Open,,"outpatient treatment, food pantry, clothing, addiction & recovery, residential treatment, daily life skills, parenting education, mental health care, counseling, substance abuse counseling, family counseling, individual counseling, drug testing, navigating the system, one-on-one support",11:00 AM - 20:00 PM,11:00 AM - 20:00 PM,11:00 AM - 20:00 PM,11:00 AM - 20:00 PM,11:00 AM - 20:00 PM,Closed,Closed
Heros & Sheros (SHIELDS for Families),Mental Health,"15116 South Gibson Avenue, Compton",Los Angeles,CA,90221,33.8956186,-118.1885303,323-242-50004133,Open,,"psychiatric emergency services, group therapy, family counseling, individual counseling, drug testing, recreation, navigating the system, support network, one-on-one support, tutoring",11:00 AM - 20:00 PM,11:00 AM - 20:00 PM,11:00 AM - 20:00 PM,11:00 AM - 20:00 PM,11:00 AM - 20:00 PM,Closed,Closed
Exodus (SHIELDS for Families),Mental Health,"1746 East Kay Street, Compton",Los Angeles,CA,90221,33.9043611,-118.2054009,323-242-50004122,Open,,"addiction & recovery, residential treatment, health education, daily life skills, parenting education, mental health evaluation, group therapy, substance abuse counseling, family counseling, individual counseling, one-on-one support, support groups, more education",11:00 AM - 20:00 PM,11:00 AM - 20:00 PM,11:00 AM - 20:00 PM,11:00 AM - 20:00 PM,11:00 AM - 20:00 PM,Closed,Closed
Fatherhood After Loss (FAL) Sessions (Sad Dads Club),Mental Health,,Los Angeles,CA,,,,,Open,"bereavement, support network, support groups, virtual support",,Closed,20:30 PM - 21:30 PM,Closed,Closed,Closed,Closed,Closed
Grief Support Groups (Visiting Nurse Association (VNA) Hospice & Palliative Care of Southern California),Mental Health,,Los Angeles,CA,,,,909-447-7241,Open,"bereavement, support groups",,0:00 AM - 11:59 PM,0:00 AM - 11:59 PM,0:00 AM - 11:59 PM,0:00 AM - 11:59 PM,0:00 AM - 11:59 PM,0:00 AM - 11:59 PM,0:00 AM - 11:59 PM
Post Traumatic Stress Retreats (National Veterans Wellness & Healing Center In Angel Fire),Mental Health,,Los Angeles,CA,,,,575-377-5236,Open,"alternative medicine, exercise & fitness, counseling, specialized therapy, recreation, overnight camp",,10:00 AM - 19:00 PM,10:00 AM - 19:00 PM,10:00 AM - 19:00 PM,10:00 AM - 19:00 PM,10:00 AM - 19:00 PM,Closed,Closed
Youth Mentoring Program (Tuesday's Children),Mental Health,,Los Angeles,CA,,,,,Open,"bereavement, mentoring, one-on-one support, virtual support",,8:00 AM - 17:00 PM,8:00 AM - 17:00 PM,8:00 AM - 17:00 PM,8:00 AM - 17:00 PM,8:00 AM - 17:00 PM,Closed,Closed
Camp Sunshine (Camp Sunshine),Mental Health,,Los Angeles,CA,,,,207-655-3800,Open,"bereavement, day camp, recreation, relief for caregivers, support network, bereavement",,8:00 AM - 17:00 PM,8:00 AM - 17:00 PM,8:00 AM - 17:00 PM,8:00 AM - 17:00 PM,8:00 AM - 17:00 PM,Closed,Closed
Live Again Recovery Homes (Live Again Recovery Homes),Mental Health,,Los Angeles,CA,,,,661270-0025,Not specified,"addiction & recovery, exercise & fitness, substance abuse counseling, individual counseling, support network, spiritual support, support groups",,11:00 AM - 20:00 PM,11:00 AM - 20:00 PM,11:00 AM - 20:00 PM,11:00 AM - 20:00 PM,11:00 AM - 20:00 PM,Closed,Closed
Individual and Group Support (La Cañada Presbyterian Church),Mental Health,"626 Foothill Blvd, La Cañada Flintridge",Los Angeles,CA,91011,34.2004768,-118.1929484,818-790-6708229,Open,,"12-step, counseling, spiritual support, support groups",11:00 AM - 20:00 PM,11:00 AM - 20:00 PM,11:00 AM - 20:00 PM,11:00 AM - 20:00 PM,11:00 AM - 20:00 PM,Closed,Closed
TAY Outpatient Treatment (The Los Angeles Centers for Alcohol and Drug Abuse (L.A. CADA)),Mental Health,"10210 Orr and Day Road, Santa Fe Springs",Los Angeles,CA,90670,33.9441558,-118.090203,562-348-0083,Open,,"addiction & recovery, outpatient treatment, drug testing, substance abuse counseling, health education, group therapy, family counseling, individual counseling, case management",11:00 AM - 20:00 PM,11:00 AM - 20:00 PM,11:00 AM - 20:00 PM,11:00 AM - 20:00 PM,11:00 AM - 20:00 PM,Closed,Closed
"Pediatric Services (Mission City Community Network, Inc (MCCN))",Mental Health,15206 Parthenia Street,Los Angeles,CA,91343,34.2279532,-118.4636014,818895-3100,Not specified,,"dental care, medical care, primary care, checkup & test, prevent & treat, mental health care",11:00 AM - 20:00 PM,11:00 AM - 20:00 PM,11:00 AM - 20:00 PM,11:00 AM - 20:00 PM,11:00 AM - 20:00 PM,Closed,Closed
Senior Enrichment Center (ONEgeneration),Mental Health,18255 Victory Boulevard,Los Angeles,CA,91335,34.1871721,-118.5311566,818-705-2345,Temporarily closed,"meals, nutrition education, transportation, medical care, exercise & fitness, counseling, recreation, more education, skills & training, advocacy & legal aid",,Closed,Closed,Closed,Closed,Closed,Closed,Closed
Crisis Support Team Program (The Agape International Spiritual Center),Mental Health,"8440 Wilshire Boulevard, Beverly Hills",Los Angeles,CA,90211,34.064454,-118.3749309,310-348-12601281,Temporarily closed,"counseling, support network, one-on-one support",,Closed,Closed,Closed,Closed,Closed,Closed,Closed
Anger Management (Valley Vineyard Christian Fellowship),Mental Health,6642 Reseda Blvd,Los Angeles,CA,91335,34.191297,-118.5355435,818-776-9696,Not specified,anger management,,Closed,12:00 PM - 20:45 PM,12:00 PM - 20:45 PM,12:00 PM - 20:45 PM,12:00 PM - 20:00 PM,Closed,Closed
Intervention (Fred Brown Recovery Services),Mental Health,270 West 14th Street,Los Angeles,CA,90731,33.731744,-118.282871,310-519-8723,Not specified,"individual counseling, support network",,12:00 PM - 19:00 PM,12:00 PM - 19:00 PM,12:00 PM - 19:00 PM,12:00 PM - 19:00 PM,12:00 PM - 19:00 PM,Closed,Closed
Tree of Life Christian Church Counseling (Tree Of Life Christian Church),Mental Health,9453 Wilbur Ave,Los Angeles,CA,91324,34.242464,-118.545352,818-427-1182,Not specified,"parenting education, counseling, anger management, family counseling, skills & training",,11:00 AM - 20:00 PM,11:00 AM - 20:00 PM,11:00 AM - 20:00 PM,11:00 AM - 20:00 PM,11:00 AM - 20:00 PM,Closed,Closed
"Wellness and Recovery (Bridges, Inc.)",Mental Health,"1977 N Garey Ave, Pomona",Los Angeles,CA,91767,34.0819768,-117.7530912,909-623-6651,Not specified,"mental health care, one-on-one support, skills & training, advocacy & legal aid",,11:00 AM - 20:00 PM,11:00 AM - 20:00 PM,11:00 AM - 20:00 PM,11:00 AM - 20:00 PM,11:00 AM - 20:00 PM,Closed,Closed
John E. White House of Hope (Hope the Mission),Mental Health,,Los Angeles,CA,,,,818-392-0020,Open,"residential housing, short-term housing, addiction & recovery, residential treatment, support network, spiritual support, skills & training, specialized training",,11:30 AM - 20:00 PM,11:30 AM - 20:00 PM,11:30 AM - 20:00 PM,11:30 AM - 20:00 PM,11:30 AM - 20:00 PM,Closed,Closed
Transition-Age Youth (TAY) Program (Mental Health America of Los Angeles (MHALA)),Mental Health,"2025 East 7th Street, Long Beach",Los Angeles,CA,90804,33.7756172,-118.1670544,562-284-0108,Open,"help find housing, daily life skills, mental health care, counseling, group therapy, family counseling, individual counseling, medications for mental health, navigating the system, skills & training, help find work",,11:00 AM - 20:00 PM,11:00 AM - 20:00 PM,11:00 AM - 20:00 PM,11:00 AM - 20:00 PM,11:00 AM - 20:00 PM,Closed,Closed
Mother / Child Residential Treatment (Didi Hirsch Mental Health Services),Mental Health,11643 Glenoaks Boulevard,Los Angeles,CA,91331,34.2810285,-118.4204886,888-807-7250,Open,,"addiction & recovery, residential treatment, help find housing, sober living, 12-step, substance abuse counseling, parenting education, medical care, specialized therapy, mental health care, family counseling, mental health evaluation, support groups, help find work, advocacy & legal aid",11:30 AM - 20:00 PM,11:30 AM - 20:00 PM,11:30 AM - 20:00 PM,11:30 AM - 20:00 PM,11:30 AM - 20:00 PM,Closed,Closed
"Adult Residential Alcohol and Drug Treatment Program (Tarzana Treatment Centers, Inc. (TTC))",Mental Health,18646 West Oxnard Street,Los Angeles,CA,91356,34.1795005,-118.5398534,888-777-8565,Open,,"addiction & recovery, residential treatment, health education, understand mental health, primary care, individual counseling, mental health evaluation, std/sti treatment & prevention, hiv treatment, recreation",11:00 AM - 20:00 PM,11:00 AM - 20:00 PM,11:00 AM - 20:00 PM,11:00 AM - 20:00 PM,11:00 AM - 20:00 PM,Closed,Closed
Multipurpose Senior Services Program (MSSP) (Partners in Care Foundation),Mental Health,"732 Mott Street, San Fernando",Los Angeles,CA,91340,34.2763813,-118.4445596,818-837-3775162,Open,"food delivery, meals, help find housing, transportation, counseling, daytime care, adult daycare, relief for caregivers, navigating the system, case management, support network, home visiting, advocacy & legal aid",,11:00 AM - 20:00 PM,11:00 AM - 20:00 PM,11:00 AM - 20:00 PM,11:00 AM - 20:00 PM,11:00 AM - 20:00 PM,Closed,Closed
Chronic Medical Conditions (San Fernando Community Health Center (SFCHC)),Mental Health,"732 Mott Street, San Fernando",Los Angeles,CA,91340,34.276386,-118.444554,818-963-5690,Open,,"medical care, residential treatment",11:00 AM - 20:00 PM,11:00 AM - 20:00 PM,11:00 AM - 20:00 PM,11:00 AM - 20:00 PM,11:00 AM - 20:00 PM,Closed,Closed
The Learning Center (Valley Family Center),Mental Health,"302 South Brand Boulevard, San Fernando",Los Angeles,CA,91340,34.2804897,-118.4407317,818-365-8588,Open,"individual counseling, support groups, more education, tutoring, skills & training",,11:30 AM - 23:00 PM,11:30 AM - 23:00 PM,11:30 AM - 23:00 PM,11:30 AM - 23:00 PM,11:30 AM - 17:00 PM,Closed,Closed
POMC California Chapter (Parents of Murdered Children (POMC)),Mental Health,350 West 5th Street,Los Angeles,CA,90731,33.7398745,-118.2851643,,Open,"bereavement, support network, peer support, support groups",,Closed,Closed,Closed,Closed,Closed,15:00 PM - 16:30 PM,Closed
Residential Program (Fred Brown Recovery Services),Mental Health,270 West 14th Street,Los Angeles,CA,90731,33.7317462,-118.2828884,310-519-8723,Open,,"12-step, residential treatment, daily life skills, anger management, counseling, family counseling",11:00 AM - 20:00 PM,11:00 AM - 20:00 PM,11:00 AM - 20:00 PM,11:00 AM - 20:00 PM,11:00 AM - 20:00 PM,Closed,Closed
"Homebound - Older Adult Field Capable Clinical Services (OAFCCS) (San Fernando Valley Community Mental Health Center, Inc.)",Mental Health,16360 Roscoe Boulevard,Los Angeles,CA,91406,34.2208807,-118.4890488,818-374-6901,Not specified,"addiction & recovery, mental health evaluation, mental health care, medications for mental health, navigating the system, support network, one-on-one support",,11:00 AM - 20:00 PM,11:00 AM - 20:00 PM,11:00 AM - 20:00 PM,11:00 AM - 20:00 PM,11:00 AM - 20:00 PM,Closed,Closed
"Family Links/North Valley Youth & Family Center (San Fernando Valley Community Mental Health Center, Inc.)",Mental Health,,Los Angeles,CA,,,,818-361-5030,Not specified,,"psychiatric emergency services, specialized therapy, mental health care, group therapy, navigating the system, one-on-one support",11:00 AM - 20:00 PM,11:00 AM - 20:00 PM,11:00 AM - 20:00 PM,11:00 AM - 20:00 PM,11:00 AM - 20:00 PM,Closed,Closed
"Multi-Disciplinary Assessment Team (MAT) (San Fernando Valley Community Mental Health Center, Inc.)",Mental Health,16360 Roscoe Boulevard,Los Angeles,CA,91406,34.22065,-118.490803,818361-5030,Not specified,"dental care, medical care, specialized therapy, mental health care, navigating the system, alternative education, skills & training",,11:00 AM - 20:00 PM,11:00 AM - 20:00 PM,11:00 AM - 20:00 PM,11:00 AM - 20:00 PM,11:00 AM - 20:00 PM,Closed,Closed
"Hamlin FCCS / Independent Living Services (San Fernando Valley Community Mental Health Center, Inc.)",Mental Health,16360 Roscoe Boulevard,Los Angeles,CA,91406,34.22065,-118.490803,818-373-4993,Not specified,,"medical care, counseling, mental health care, financial education, navigating the system, one-on-one support",11:00 AM - 20:00 PM,11:00 AM - 20:00 PM,11:00 AM - 20:00 PM,11:00 AM - 20:00 PM,11:00 AM - 20:00 PM,Closed,Closed
"Diversion 50 (San Fernando Valley Community Mental Health Center, Inc.)",Mental Health,16360 Roscoe Boulevard,Los Angeles,CA,91406,34.22065,-118.490803,818855-2270,Not specified,mental health care,,11:00 AM - 20:00 PM,11:00 AM - 20:00 PM,11:00 AM - 20:00 PM,11:00 AM - 20:00 PM,11:00 AM - 20:00 PM,Closed,Closed
Ida Kayne Transitional Care Unit (Los Angeles Jewish Home - Brandman Centers for Senior Care (BCSC)),Mental Health,18855 Victory Boulevard,Los Angeles,CA,91335,34.187711,-118.543706,818-774-3308,Not specified,,"nutrition education, medical care, counseling, physical therapy, specialized therapy, individual counseling",11:00 AM - 20:00 PM,11:00 AM - 20:00 PM,11:00 AM - 20:00 PM,11:00 AM - 20:00 PM,11:00 AM - 20:00 PM,Closed,Closed
Family Support Services (Covina Development Center),Mental Health,"240 South Grand Avenue, Covina",Los Angeles,CA,91724,34.084092,-117.871223,626-967-7153,Not specified,"individual counseling, recreation",,11:00 AM - 20:00 PM,11:00 AM - 20:00 PM,11:00 AM - 20:00 PM,11:00 AM - 20:00 PM,11:00 AM - 20:00 PM,Closed,Closed
Outreach Program (Rainbow Services),Mental Health,453 W 7th St,Los Angeles,CA,90731,33.7375895,-118.2868518,310-547-9343,Not specified,"counseling, group therapy, individual counseling, recreation, navigating the system, one-on-one support, advocacy & legal aid",,11:00 AM - 20:00 PM,11:00 AM - 20:00 PM,11:00 AM - 20:00 PM,11:00 AM - 20:00 PM,11:00 AM - 20:00 PM,Closed,Closed
Art Therapy (Women's Creative Therapy),Mental Health,12304 Santa Monica Boulevard,Los Angeles,CA,90025,34.0390948,-118.4653188,310-922-3957,Open,,"specialized therapy, mental health care, individual counseling",11:00 AM - 20:00 PM,11:00 AM - 20:00 PM,11:00 AM - 20:00 PM,11:00 AM - 20:00 PM,11:00 AM - 20:00 PM,Closed,Closed
Youth Outpatient Treatment (The Los Angeles Centers for Alcohol and Drug Abuse (L.A. CADA)),Mental Health,"11015 Bloomfield Avenue, Santa Fe Springs",Los Angeles,CA,90670,33.9310615,-118.0644709,209-643-0729,Open,,"addiction & recovery, outpatient treatment, drug testing, substance abuse counseling, health education, group therapy, family counseling, individual counseling, case management",11:00 AM - 20:00 PM,11:00 AM - 20:00 PM,11:00 AM - 20:00 PM,11:00 AM - 20:00 PM,11:00 AM - 20:00 PM,Closed,Closed
Whittier Public Health Center Wellness Community (Los Angeles County Department of Public Health),Mental Health,"7643 Painter Avenue, Whittier",Los Angeles,CA,90602,33.9722226,-118.0331319,562-464-5373,Open,"addiction & recovery, substance abuse counseling, health education, understand mental health, support groups, virtual support",,12:00 PM - 19:00 PM,12:00 PM - 19:00 PM,12:00 PM - 19:00 PM,12:00 PM - 21:30 PM,12:00 PM - 19:00 PM,Closed,Closed
Disruptive Therapy (Good Enough Therapist (GET)),Mental Health,959 Indiana Avenue,Los Angeles,CA,90291,34.0009052,-118.4627622,,Open,,"mental health care, counseling",12:00 PM - 21:00 PM,12:00 PM - 21:00 PM,12:00 PM - 21:00 PM,12:00 PM - 21:00 PM,12:00 PM - 21:00 PM,Closed,Closed
"Angel Step Too (Southern California Alcohol and Drug Programs, Inc. (SCADP))",Mental Health,"16314 Cornuta Avenue, Bellflower",Los Angeles,CA,90706,33.88573,-118.1196632,562-461-9272,Open,,"transportation, addiction & recovery, residential treatment, drug testing, substance abuse counseling, prevent & treat, counseling, individual counseling, support groups",11:00 AM - 20:00 PM,11:00 AM - 20:00 PM,11:00 AM - 20:00 PM,11:00 AM - 20:00 PM,11:00 AM - 20:00 PM,Closed,Closed
Reproductive Health Services (Westside Family Health Center),Mental Health,"1711 Ocean Park Blvd, Santa Monica",Los Angeles,CA,90405,34.0126763,-118.4665368,310-450-2191,Open,,"family planning, medical care, birth control, checkup & test, pregnancy tests, counseling, hiv treatment, specialized therapy, navigating the system, one-on-one support",11:00 AM - 20:00 PM,11:00 AM - 20:00 PM,11:00 AM - 20:00 PM,11:00 AM - 20:00 PM,11:00 AM - 20:00 PM,Closed,Closed
Womens Health (Westside Family Health Center),Mental Health,"1711 Ocean Park Blvd, Santa Monica",Los Angeles,CA,90405,34.0126763,-118.4665368,310-450-2191,Open,,"family planning, medical care, birth control, disease screening, pregnancy tests, counseling, hiv treatment",11:00 AM - 20:00 PM,11:00 AM - 20:00 PM,11:00 AM - 20:00 PM,11:00 AM - 20:00 PM,11:00 AM - 20:00 PM,Closed,Closed
Integrated Behavioral Health Programs for Healthy Living (SPIRITT Family Services),Mental Health,,Los Angeles,CA,,,,562-903-7000,Open,,"outpatient treatment, substance abuse counseling, counseling, group therapy, family counseling, individual counseling, mental health evaluation, community support services",12:00 PM - 20:00 PM,12:00 PM - 20:00 PM,12:00 PM - 20:00 PM,12:00 PM - 20:00 PM,12:00 PM - 20:00 PM,Closed,Closed
Autism Services (Achieve Beyond),Mental Health,"8135 Painter Ave, Whittier",Los Angeles,CA,90602,33.9658131,-118.0330339,718-762-7633,Open,,"daily life skills, parenting education, counseling, specialized therapy, mental health evaluation, understand mental health, special education, skills & training",11:00 AM - 20:00 PM,11:00 AM - 20:00 PM,11:00 AM - 20:00 PM,11:00 AM - 20:00 PM,11:00 AM - 20:00 PM,Closed,Closed
Parent Education - Anger Management (Project Impact USA),Mental Health,"2640 Industry Way Ste G, Lynwood",Los Angeles,CA,90262,33.9235196,-118.2248937,310-631-9763,Not specified,anger management,,11:00 AM - 20:00 PM,11:00 AM - 20:00 PM,11:00 AM - 20:00 PM,11:00 AM - 20:00 PM,11:00 AM - 20:00 PM,Closed,Closed
Substance Abuse Services (JWCH Institute Inc.),Mental Health,500 San Pedro Street,Los Angeles,CA,90013,34.0439266,-118.2438725,866-733-5924,Open,,"addiction & recovery, outpatient treatment, residential treatment, substance abuse counseling, medications for addiction, parenting education, individual counseling, case management, support network, support groups",11:00 AM - 20:00 PM,11:00 AM - 20:00 PM,11:00 AM - 20:00 PM,11:00 AM - 20:00 PM,11:00 AM - 20:00 PM,Closed,Closed
Behavioral Health and Specialty Mental Health Services (JWCH Institute Inc.),Mental Health,500 San Pedro Street,Los Angeles,CA,90013,34.0439266,-118.2438725,866-733-5924,Open,,"mental health care, counseling, psychiatric emergency services, understand mental health, navigating the system",11:00 AM - 20:00 PM,11:00 AM - 20:00 PM,11:00 AM - 20:00 PM,11:00 AM - 20:00 PM,11:00 AM - 20:00 PM,Closed,Closed
"Recovery Services- Los Angeles Mission Rehabilitation Program for Men (Los Angeles Mission, Inc)",Mental Health,303 East 5th St.,Los Angeles,CA,90013,34.045086,-118.245083,213-629-1227,Open,,"addiction & recovery, residential treatment",11:00 AM - 20:00 PM,11:00 AM - 20:00 PM,11:00 AM - 20:00 PM,11:00 AM - 20:00 PM,11:00 AM - 20:00 PM,Closed,Closed
Neighborhood Sing (Urban Voices Project (UVP)),Mental Health,522 San Pedro Street,Los Angeles,CA,90013,34.0432489,-118.2437768,323-741-1887,Open,"understand mental health, recreation, support network, virtual support, more education",,16:00 PM - 18:00 PM,Closed,19:00 PM - 21:00 PM,16:00 PM - 18:00 PM,Closed,Closed,Closed
Music Labs (Urban Voices Project (UVP)),Mental Health,522 San Pedro Street,Los Angeles,CA,90013,34.0432489,-118.2437768,323-741-1887,Open,"understand mental health, recreation, support network, virtual support, more education",,16:00 PM - 18:00 PM,Closed,19:00 PM - 21:00 PM,16:00 PM - 18:00 PM,Closed,Closed,Closed
Medication Assisted Treatment (JWCH Institute Inc.),Mental Health,522 San Pedro Street,Los Angeles,CA,90013,34.0432489,-118.2437768,562-867-7999,Open,,"addiction & recovery, outpatient treatment, residential treatment, substance abuse counseling, medications for addiction, parenting education, individual counseling, case management, support network, support groups",10:00 AM - 21:00 PM,10:00 AM - 22:00 PM,10:00 AM - 20:00 PM,10:00 AM - 21:00 PM,10:00 AM - 21:00 PM,11:00 AM - 15:00 PM,Closed
Center for Community Health Downtown (JWCH Institute Inc.),Mental Health,522 San Pedro Street,Los Angeles,CA,90013,34.0432489,-118.2437768,866-733-5924,Open,,"substance abuse counseling, dental care, medical care, checkup & test, disease screening, prevent & treat, hiv treatment, mental health care, std/sti treatment & prevention, screening & exams",10:00 AM - 21:00 PM,10:00 AM - 22:00 PM,11:00 AM - 20:00 PM,10:00 AM - 21:00 PM,10:00 AM - 21:00 PM,11:00 AM - 15:00 PM,Closed
Counseling and Therapy (Little Tokyo Service Center (LTSC)),Mental Health,231 East 3rd Street,Los Angeles,CA,90013,34.0484039,-118.2435712,213-473-3035,Open,"counseling, family counseling, individual counseling",,12:00 PM - 19:00 PM,12:00 PM - 19:00 PM,12:00 PM - 19:00 PM,12:00 PM - 19:00 PM,12:00 PM - 19:00 PM,Closed,Closed
Pepperdine Mental Health Clinic Program (Union Rescue Mission (URM)),Mental Health,545 San Pedro St,Los Angeles,CA,90013,34.0433343,-118.2450576,213-347-63003337,Open,"mental health evaluation, mental health care, group therapy, family counseling, individual counseling",,11:00 AM - 20:00 PM,11:00 AM - 20:00 PM,11:00 AM - 20:00 PM,11:00 AM - 20:00 PM,11:00 AM - 20:00 PM,Closed,Closed
Pepperdine Legal Aid Clinic Program (Union Rescue Mission (URM)),Mental Health,545 San Pedro Street,Los Angeles,CA,90013,34.0433448,-118.2450788,213-347-63003337,Open,"counseling, government benefits, tax preparation, interview training, advocacy & legal aid, representation",,11:00 AM - 20:00 PM,11:00 AM - 20:00 PM,11:00 AM - 20:00 PM,11:00 AM - 20:00 PM,11:00 AM - 20:00 PM,Closed,Closed
Adolescent and Young Adult Medicine (Children's Hospital Los Angeles (CHLA)),Mental Health,5000 Sunset Boulevard,Los Angeles,CA,90027,34.0978447,-118.2986129,323-361-2153,Open,,"parenting education, primary care, checkup & test, disease screening, counseling, vaccinations, mental health care, family counseling, sexual and reproductive health, birth control, navigating the system",11:00 AM - 20:00 PM,11:00 AM - 20:00 PM,11:00 AM - 20:00 PM,11:00 AM - 20:00 PM,11:00 AM - 20:00 PM,Closed,Closed
Project Believe (Sunrise Community Counseling Center),Mental Health,537 South Alvarado Street,Los Angeles,CA,90057,34.0601677,-118.2748918,213-207-2770,Temporarily closed,"personal safety, disease screening, exercise & fitness, individual counseling, sexual and reproductive health",,Closed,Closed,Closed,Closed,Closed,Closed,Closed
Group Therapy for Women (The Maple Counseling Center),Mental Health,"9107 Wilshire Blvd, Beverly Hills",Los Angeles,CA,90210,34.0673963,-118.3903395,310-271-99991801,Open,,group therapy,12:00 PM - 00:00 AM,12:00 PM - 00:00 AM,12:00 PM - 00:00 AM,12:00 PM - 00:00 AM,12:00 PM - 20:00 PM,12:00 PM - 16:00 PM,Closed
Couples Counseling Program (The Maple Counseling Center),Mental Health,"9107 Wilshire Boulevard, Beverly Hills",Los Angeles,CA,90210,34.0673946,-118.3904642,310-271-9999,Open,,family counseling,12:00 PM - 20:00 PM,12:00 PM - 20:00 PM,12:00 PM - 20:00 PM,12:00 PM - 20:00 PM,12:00 PM - 20:00 PM,12:00 PM - 16:00 PM,Closed
Hospice Care (Promise Assisted Living),Mental Health,2140 West Olympic Boulevard,Los Angeles,CA,90006,34.0517436,-118.2809327,310-205-2591,Not specified,,"assisted living, residential treatment, hospice",11:00 AM - 20:00 PM,11:00 AM - 20:00 PM,11:00 AM - 20:00 PM,11:00 AM - 20:00 PM,11:00 AM - 20:00 PM,Closed,Closed
Anger Management Group (Homeless Health Care Los Angeles (HHCLA)),Mental Health,2330 Beverly Blvd,Los Angeles,CA,90057,34.0679773,-118.2738864,213-744-0724,Not specified,,anger management,11:00 AM - 22:00 PM,11:00 AM - 22:00 PM,11:00 AM - 22:00 PM,11:00 AM - 20:00 PM,11:00 AM - 20:00 PM,Closed,Closed
Integrated Treatment Program - Seeking Safety Group (Homeless Health Care Los Angeles (HHCLA)),Mental Health,2330 Beverly Blvd,Los Angeles,CA,90057,34.0679773,-118.2738864,213-744-0724,Not specified,,counseling,11:00 AM - 22:00 PM,11:00 AM - 22:00 PM,11:00 AM - 22:00 PM,11:00 AM - 20:00 PM,11:00 AM - 20:00 PM,Closed,Closed
Mental Health Care (Bienvenidos),Mental Health,,Los Angeles,CA,,,,,Open,,"counseling, mental health care, group therapy, family counseling, individual counseling, medications for mental health, mental health evaluation, understand mental health",11:00 AM - 20:00 PM,11:00 AM - 20:00 PM,11:00 AM - 20:00 PM,11:00 AM - 20:00 PM,11:00 AM - 20:00 PM,Closed,Closed
Individual Therapy (Loved Ones Victims Services (LOVS)),Mental Health,"5701 W Slauson Ave, Culver City",Los Angeles,CA,90230,33.9895097,-118.3811453,310-337-7006,Open,,"personal safety, bereavement",11:00 AM - 20:00 PM,11:00 AM - 20:00 PM,11:00 AM - 20:00 PM,11:00 AM - 20:00 PM,11:00 AM - 20:00 PM,Closed,Closed
East Los Angeles Alcohol Council (East Los Angeles Alcohol Council),Mental Health,916 South Atlantic Boulevard,Los Angeles,CA,90022,34.0197827,-118.1572113,323-268-9344,Open,"sober living, substance abuse counseling",,12:00 PM - 22:00 PM,12:00 PM - 22:00 PM,12:00 PM - 22:00 PM,12:00 PM - 22:00 PM,Closed,Closed,Closed
Substance Abuse Counseling Services - LINKS Program (AIDS Project Los Angeles (APLA) Health),Mental Health,611 S Kingsley Dr,Los Angeles,CA,90005,34.0630501,-118.303183,213-201-1337,Open,"daily life skills, counseling, family counseling, individual counseling",,10:00 AM - 00:00 AM,10:00 AM - 01:00 AM,10:00 AM - 01:00 AM,10:00 AM - 01:00 AM,10:00 AM - 23:00 PM,Closed,Closed
"Community Counseling (Tarzana Treatment Centers, Inc. (TTC))",Mental Health,"5190 Atlantic Ave, Long Beach",Los Angeles,CA,90805,33.850816,-118.183916,888-777-8565,Open,,"sober living, detox, residential treatment, family counseling, individual counseling, sober living, detox, outpatient treatment, residential treatment, prevent & treat, hiv treatment, mental health care, family counseling, after school care",11:00 AM - 20:00 PM,11:00 AM - 20:00 PM,11:00 AM - 20:00 PM,11:00 AM - 20:00 PM,11:00 AM - 20:00 PM,Closed,Closed
Family Violence - Batterer's Intervention Program (Korean American Family Services (KFAM)),Mental Health,3727 West 6th Street,Los Angeles,CA,90020,34.0638745,-118.3037736,213-235-4862,Open,"help escape violence, daily life skills, counseling, anger management, support groups, skills & training",,Closed,13:00 PM - 15:00 PM,20:30 PM - 22:30 PM,Closed,Closed,Closed,Closed
Prevention and Early Intervention Services (PEI) - Stepped Care (Korean American Family Services (KFAM)),Mental Health,3727 W 6th St,Los Angeles,CA,90020,34.0638657,-118.3037835,213-389-6755,Open,,"early childhood intervention, counseling, mental health care, family counseling, individual counseling, safe housing, case management",12:00 PM - 20:30 PM,12:00 PM - 20:30 PM,12:00 PM - 20:30 PM,12:00 PM - 20:30 PM,12:00 PM - 20:30 PM,Closed,Closed
Domestic Violence Victim/Trauma Services (Korean American Family Services (KFAM)),Mental Health,3727 West 6th Street,Los Angeles,CA,90020,34.0638657,-118.3037835,888-979-3800,Open,"counseling, childcare, navigating the system, support network, one-on-one support, advocacy & legal aid",,12:00 PM - 20:30 PM,12:00 PM - 20:30 PM,12:00 PM - 20:30 PM,12:00 PM - 20:30 PM,12:00 PM - 20:30 PM,Closed,Closed
Clinical Counseling (Korean American Family Services (KFAM)),Mental Health,3727 W 6th St,Los Angeles,CA,90020,34.0638657,-118.3037835,213-389-6755,Open,"group therapy, family counseling, individual counseling",,12:00 PM - 20:30 PM,12:00 PM - 20:30 PM,12:00 PM - 20:30 PM,12:00 PM - 20:30 PM,12:00 PM - 20:30 PM,Closed,Closed
Grief Groups (Karsh Center at Wilshire Boulevard Temple),Mental Health,3750 West 6th Street,Los Angeles,CA,90020,34.0632632,-118.3044586,888-417-1444,Open,"bereavement, support network, support groups",,Closed,12:30 PM - 23:00 PM,21:30 PM - 23:00 PM,Closed,Closed,Closed,Closed
Mental Health Services (Karsh Center at Wilshire Boulevard Temple),Mental Health,3750 West 6th Street,Los Angeles,CA,90020,34.0632632,-118.3044586,213-401-4651,Open,,"mental health care, counseling, family counseling, individual counseling",11:00 AM - 20:00 PM,11:00 AM - 20:00 PM,11:00 AM - 20:00 PM,11:00 AM - 20:00 PM,11:00 AM - 20:00 PM,Closed,Closed
Hospice Care (Assisted Home Health & Hospice Foundation),Mental Health,3731 Wilshire Boulevard,Los Angeles,CA,90010,34.0622871,-118.3076149,800-949-6555,Open,,"end-of-life care, bereavement, hospice, pain management, personal hygiene, counseling, disease management, family counseling, individual counseling, support network",0:00 AM - 11:59 PM,0:00 AM - 11:59 PM,0:00 AM - 11:59 PM,0:00 AM - 11:59 PM,0:00 AM - 11:59 PM,0:00 AM - 11:59 PM,0:00 AM - 11:59 PM
DUI Offender Program (East Los Angeles Alcohol Council),Mental Health,916 S. Atlantic Blvd.,Los Angeles,CA,90022,34.02002,-118.1573805,323-268-9344,Not specified,,substance abuse counseling,12:00 PM - 22:00 PM,12:00 PM - 22:00 PM,12:00 PM - 22:00 PM,12:00 PM - 22:00 PM,12:00 PM - 22:00 PM,Closed,Closed
Treatment For addiction.Com (Treatment For addiction.Com),Mental Health,8046 Gentry Ave.,Los Angeles,CA,91605,34.217159,-118.392659,800-429-7294,Not specified,,"addiction & recovery, counseling, substance abuse counseling, mentoring",11:00 AM - 20:00 PM,11:00 AM - 20:00 PM,11:00 AM - 20:00 PM,11:00 AM - 20:00 PM,11:00 AM - 20:00 PM,Closed,Closed
Adult Treatment Program (South Bay Drug Abuse Coalition Inc),Mental Health,"2370 W Carson St, Torrance",Los Angeles,CA,90501,33.8306544,-118.3253921,310-328-0780,Not specified,,"outpatient treatment, safe housing, anger management, counseling, substance abuse counseling, medications for mental health",11:00 AM - 20:00 PM,11:00 AM - 20:00 PM,11:00 AM - 20:00 PM,11:00 AM - 20:00 PM,11:00 AM - 20:00 PM,Closed,Closed
Family Program (South Bay Drug Abuse Coalition Inc),Mental Health,"2370 W Carson St, Torrance",Los Angeles,CA,90501,33.8306544,-118.3253921,310-328-0780,Not specified,,"counseling, mental health care, group therapy, support network, support groups, parenting education, support groups",11:00 AM - 20:00 PM,11:00 AM - 20:00 PM,11:00 AM - 20:00 PM,11:00 AM - 20:00 PM,11:00 AM - 20:00 PM,Closed,Closed
"Transition Age Youth Full Service Partnership (TAY FSP) (San Fernando Valley Community Mental Health Center, Inc.)",Mental Health,14535 Sherman Circle,Los Angeles,CA,91405,34.2009618,-118.4499925,818-901-4930,Not specified,residential treatment,,11:30 AM - 20:00 PM,11:30 AM - 20:00 PM,11:30 AM - 20:00 PM,11:30 AM - 20:00 PM,11:30 AM - 20:00 PM,Closed,Closed
Mental Health Services - Prevention and Early Intervention (PEI) (Ettie Lee Youth and Family Services),Mental Health,"754 E Arrow Hwy, Covina",Los Angeles,CA,91722,34.1051009,-117.8760211,909-620-2521,Not specified,,mental health care,11:00 AM - 20:00 PM,11:00 AM - 20:00 PM,11:00 AM - 20:00 PM,11:00 AM - 20:00 PM,11:00 AM - 20:00 PM,Closed,Closed
Therapeutic Behavioral Services (TBS) (Ettie Lee Youth and Family Services),Mental Health,"754 E Arrow Hwy, Covina",Los Angeles,CA,91722,34.1051009,-117.8760211,909-620-2521,Not specified,"physical therapy, mental health care, medications for mental health, one-on-one support",,11:00 AM - 20:00 PM,11:00 AM - 20:00 PM,11:00 AM - 20:00 PM,11:00 AM - 20:00 PM,11:00 AM - 20:00 PM,Closed,Closed
Substance Abuse & Mental Health Services - Counseling Services (El Proyecto Del Barrio),Mental Health,8902 Woodman Avenue,Los Angeles,CA,91331,34.2315227,-118.437257,818-810-3500,Not specified,,"12-step, health education, daily life skills, parenting education, counseling, individual counseling, peer support",12:30 PM - 16:00 PM,12:30 PM - 16:00 PM,12:30 PM - 16:00 PM,12:30 PM - 16:00 PM,12:30 PM - 16:00 PM,12:30 PM - 16:00 PM,12:30 PM - 16:00 PM
Firm Believers In Christ (Firm Believers In Christ),Mental Health,760 Lomita Boulevard,Los Angeles,CA,90710,33.7955085,-118.2868741,310-704-5490,Not specified,,"addiction & recovery, daily life skills, anger management, group therapy, substance abuse counseling, family counseling, individual counseling, drug testing, financial education, navigating the system, one-on-one support, peer support, spiritual support",11:00 AM - 20:00 PM,11:00 AM - 20:00 PM,11:00 AM - 20:00 PM,11:00 AM - 20:00 PM,11:00 AM - 20:00 PM,Closed,Closed
Bridge Program (Long Beach Rescue Mission),Mental Health,"1430 Pacific Avenue, Long Beach",Los Angeles,CA,90813,33.7844789,-118.1933945,562-591-1292,Not specified,"counseling, navigating the system, more education, help find work",,11:00 AM - 20:00 PM,11:00 AM - 20:00 PM,11:00 AM - 20:00 PM,11:00 AM - 20:00 PM,11:00 AM - 20:00 PM,Closed,Closed
Full Service Partnership (FSP) Program for Adults (Hillview Mental Health Center),Mental Health,12450 Van Nuys Blvd,Los Angeles,CA,91331,34.2786452,-118.4041019,818-896-11610,Not specified,"outpatient treatment, mental health care",,11:00 AM - 20:00 PM,11:00 AM - 20:00 PM,11:00 AM - 20:00 PM,11:00 AM - 20:00 PM,11:00 AM - 20:00 PM,Closed,Closed
Children services - Blind Babies Foundation (Wayfinder Family Services),Mental Health,"5300 Angeles Vista Boulevard, View Park-Windsor Hills",Los Angeles,CA,90043,33.9943271,-118.3435267,510-446-222926,Not specified,"residential treatment, mental health care, recreation, support network",,11:00 AM - 20:00 PM,11:00 AM - 20:00 PM,11:00 AM - 20:00 PM,11:00 AM - 20:00 PM,11:00 AM - 20:00 PM,Closed,Closed
"The G.U.Y.S. Program (Friends Research Institute, Inc. - Friends Community Center)",Mental Health,1419 N La Brea Ave,Los Angeles,CA,90028,34.0966657,-118.3444395,323-463-1601,Not specified,"health education, sex education, substance abuse counseling",,11:00 AM - 20:00 PM,11:00 AM - 20:00 PM,11:00 AM - 20:00 PM,11:00 AM - 20:00 PM,11:00 AM - 20:00 PM,Closed,Closed
Counseling Services (Beachside Therapy),Mental Health,"152 South Lasky Drive, Beverly Hills",Los Angeles,CA,90212,34.0652291,-118.4098142,805-642-4611,Open,,"mental health care, counseling, substance abuse counseling, family counseling, individual counseling, mental health evaluation, outpatient treatment, one-on-one support",11:00 AM - 00:00 AM,11:00 AM - 00:00 AM,11:00 AM - 00:00 AM,11:00 AM - 00:00 AM,11:00 AM - 00:00 AM,Closed,Closed
"Positive Steps Men's Residential Treatment (Southern California Alcohol and Drug Programs, Inc. (SCADP))",Mental Health,"11501 Dolan Avenue, Downey",Los Angeles,CA,90241,33.9369041,-118.1334778,562-923-7894,Open,,"transportation, residential treatment, substance abuse counseling, counseling, individual counseling, navigating the system, case management",11:00 AM - 20:00 PM,11:00 AM - 20:00 PM,11:00 AM - 20:00 PM,11:00 AM - 20:00 PM,11:00 AM - 20:00 PM,Closed,Closed
Family Programs (El Camino Children and Family Services),Mental Health,"9900 Lakewood Blvd, Downey",Los Angeles,CA,90240,33.9494593,-118.1155028,562-364-1250,Open,"meals, toys & gifts, health education, parenting education, anger management, after school care, support network, mentoring, translation & interpretation",,11:00 AM - 20:00 PM,11:00 AM - 20:00 PM,11:00 AM - 20:00 PM,11:00 AM - 20:00 PM,11:00 AM - 20:00 PM,Closed,Closed
Pasadena Council on Alcoholism and Drug Dependence (PCADD) (Social Model Recovery Systems),Mental Health,"1245 East Walnut Street, Pasadena",Los Angeles,CA,91106,34.1498012,-118.124605,877507-6242,Not specified,,"addiction & recovery, outpatient treatment, substance abuse counseling",11:00 AM - 20:00 PM,11:00 AM - 20:00 PM,11:00 AM - 20:00 PM,11:00 AM - 20:00 PM,11:00 AM - 20:00 PM,Closed,Closed
Adult Basic Education (El Rancho Adult School),Mental Health,"9333 Loch Lomond Drive, Pico Rivera",Los Angeles,CA,90660,33.9947712,-118.0808627,562942-1500,Not specified,"parenting education, counseling, childcare, more education, english as a second language (esl), ged/high-school equivalency, skills & training, basic literacy, computer class",,11:00 AM - 20:00 PM,11:00 AM - 20:00 PM,11:00 AM - 20:00 PM,11:00 AM - 20:00 PM,11:00 AM - 20:00 PM,Closed,Closed
Behavioral Health Services (South Bay Mental Health Services),Mental Health,"2311 West El Segundo Boulevard, Hawthorne",Los Angeles,CA,90250,33.9169255,-118.3190585,310-970-5000,Open,"outpatient treatment, counseling, mental health care, group therapy, family counseling, individual counseling",,11:00 AM - 20:00 PM,11:00 AM - 20:00 PM,11:00 AM - 20:00 PM,11:00 AM - 20:00 PM,11:00 AM - 20:00 PM,Closed,Closed
LGBTQIA+ Affirmative Therapy Center (Airport Marina Counseling Service (AMCS)),Mental Health,7891 La Tijera Boulevard,Los Angeles,CA,90045,33.9653512,-118.385684,310-670-1410,Open,,"mental health care, counseling",11:00 AM - 20:00 PM,11:00 AM - 20:00 PM,11:00 AM - 20:00 PM,11:00 AM - 20:00 PM,11:00 AM - 20:00 PM,Closed,Closed
"Residential Inpatient Treatment Program (Behavioral Health Services, Inc. (BHS))",Mental Health,"2501 West El Segundo Boulevard, Hawthorne",Los Angeles,CA,90250,33.9170129,-118.320654,323-754-2816,Open,,"addiction & recovery, residential treatment",11:00 AM - 20:00 PM,11:00 AM - 20:00 PM,11:00 AM - 20:00 PM,11:00 AM - 20:00 PM,11:00 AM - 20:00 PM,Closed,Closed
"Counseling Services (Georgina K. Smith, Ph.D)",Mental Health,"2730 Wilshire Boulevard, Santa Monica",Los Angeles,CA,90403,34.0370752,-118.4756526,310-729-7711,Open,,"addiction & recovery, parenting education, counseling, specialized therapy, mental health care, group therapy, family counseling, individual counseling, support groups",11:00 AM - 20:00 PM,11:00 AM - 20:00 PM,11:00 AM - 20:00 PM,11:00 AM - 20:00 PM,11:00 AM - 20:00 PM,Closed,Closed
Veteran Mental Health Navigation (Veterans Stand Together (VST)),Mental Health,"19401 South Vermont Avenue, Torrance",Los Angeles,CA,90502,33.8547159,-118.2917254,424-266-9532,Open,"mental health care, mental health evaluation, navigating the system",,12:00 PM - 20:00 PM,12:00 PM - 20:00 PM,12:00 PM - 20:00 PM,12:00 PM - 20:00 PM,12:00 PM - 20:00 PM,Closed,Closed
Outpatient Substance Abuse Counseling and Mental Health (Renaissance South La),Mental Health,"19401 South Vermont Avenue, Torrance",Los Angeles,CA,90502,33.8546471,-118.2915205,310-919-5500,Open,,"outpatient treatment, parenting education, medical care, substance abuse counseling, skills & training",11:00 AM - 20:00 PM,11:00 AM - 20:00 PM,11:00 AM - 20:00 PM,11:00 AM - 20:00 PM,11:00 AM - 20:00 PM,Closed,Closed
Full-Service Partnership (FSP) (Village Family Services),Mental Health,6736 Laurel Canyon Boulevard,Los Angeles,CA,91606,34.1934082,-118.3963003,888-683-5084,Open,"medication management, individual counseling, medications for mental health, navigating the system, case management, help find housing, addiction & recovery, substance abuse counseling, help find school, help find work",,11:30 AM - 23:30 PM,11:30 AM - 23:30 PM,11:30 AM - 23:30 PM,11:30 AM - 23:30 PM,11:30 AM - 22:00 PM,12:00 PM - 16:00 PM,Closed
Los Angeles Hopes and Opportunities Program (LA HOP) (Telecare Corporation),Mental Health,"9901 Artesia Blvd, Bellflower",Los Angeles,CA,90706,33.8750576,-118.1228268,562-484-3385,Open,,"help find housing, medications for mental health, financial education, navigating the system, case management, support network, one-on-one support, skills & training",11:00 AM - 19:30 PM,11:00 AM - 19:30 PM,11:00 AM - 19:30 PM,11:00 AM - 19:30 PM,11:00 AM - 19:30 PM,Closed,Closed
"Youth, Parent, and Family Counseling (New Directions for Youth (NDY))",Mental Health,7315 Lankershim Blvd,Los Angeles,CA,91605,34.2033927,-118.3881312,818-503-6330,Open,"counseling, navigating the system, one-on-one support, skills assessment",,11:00 AM - 20:00 PM,11:00 AM - 20:00 PM,11:00 AM - 20:00 PM,11:00 AM - 20:00 PM,11:00 AM - 20:00 PM,Closed,Closed
"Family Planning, Access, Care, and Treatment (Family PACT) Program (AAA Comprehensive Healthcare, Inc. (AAACHC))",Mental Health,,Los Angeles,CA,,,,818-503-9800,Open,,"family planning, birth control, checkup & test, disease screening, pregnancy tests, counseling",11:30 AM - 20:30 PM,11:30 AM - 20:30 PM,11:30 AM - 20:30 PM,11:30 AM - 20:30 PM,11:30 AM - 20:30 PM,12:00 PM - 17:00 PM,Closed
Stuart House (The Rape Foundation),Mental Health,"1250 16th Street, Santa Monica",Los Angeles,CA,90404,34.0270998,-118.4863064,310-451-0042,Open,"medical care, counseling, specialized therapy, mental health care",,11:00 AM - 20:00 PM,11:00 AM - 20:00 PM,11:00 AM - 20:00 PM,11:00 AM - 20:00 PM,11:00 AM - 20:00 PM,Closed,Closed
Children's Community Support Program (The Agape International Spiritual Center),Mental Health,"5700 Buckingham Pkwy, Culver City",Los Angeles,CA,90230,33.9908842,-118.3793152,310-348-12601281,Not specified,"bereavement, counseling, home visiting, spiritual support",,11:00 AM - 20:00 PM,11:00 AM - 20:00 PM,11:00 AM - 20:00 PM,11:00 AM - 20:00 PM,11:00 AM - 20:00 PM,Closed,Closed
The Village Drop-In Center (Village Family Services),Mental Health,6801 Coldwater Canyon Avenue,Los Angeles,CA,91605,34.1944709,-118.4149411,,Open,"meals, help find housing, clothes for work, personal hygiene, mental health care, community support services, navigating the system, resume development, help find work, job placement",,12:30 PM - 18:30 PM,12:30 PM - 18:30 PM,12:30 PM - 18:30 PM,12:30 PM - 18:30 PM,12:30 PM - 18:30 PM,12:00 PM - 18:00 PM,12:00 PM - 18:00 PM
Prenatal Care (Claris Health),Mental Health,"3737 Martin Luther King Junior Boulevard, Lynwood",Los Angeles,CA,90262,33.9288026,-118.2002791,323-299-9977,Open,,"medical care, group therapy, individual counseling, sexual and reproductive health, womens health, support groups",12:00 PM - 20:00 PM,12:00 PM - 20:00 PM,12:00 PM - 20:00 PM,12:00 PM - 20:00 PM,Closed,Closed,Closed
Pap Smear (Claris Health),Mental Health,"3737 Martin Luther King Junior Boulevard, Lynwood",Los Angeles,CA,90262,33.9288026,-118.2002791,323-299-9977,Open,,"medical care, checkup & test, disease screening, individual counseling",12:00 PM - 20:00 PM,12:00 PM - 20:00 PM,12:00 PM - 20:00 PM,12:00 PM - 20:00 PM,Closed,Closed,Closed
Pregnancy Testing (Claris Health),Mental Health,"3737 Martin Luther King Junior Boulevard, Lynwood",Los Angeles,CA,90262,33.9288026,-118.2002791,323-299-9977,Open,"medical care, checkup & test, pregnancy tests, individual counseling, sexual and reproductive health, womens health",,12:00 PM - 20:00 PM,12:00 PM - 20:00 PM,12:00 PM - 20:00 PM,12:00 PM - 20:00 PM,Closed,Closed,Closed
STD/STI Testing (Claris Health),Mental Health,"3737 Martin Luther King Junior Boulevard, Lynwood",Los Angeles,CA,90262,33.9288026,-118.2002791,323-299-9977,Open,,"medical care, checkup & test, individual counseling, sexual and reproductive health, parenting education",12:00 PM - 20:00 PM,12:00 PM - 20:00 PM,12:00 PM - 20:00 PM,12:00 PM - 20:00 PM,Closed,Closed,Closed
Therapy (Claris Health),Mental Health,"3737 Martin Luther King Junior Boulevard, Lynwood",Los Angeles,CA,90262,33.9288026,-118.2002791,323-299-9977,Open,,"medical care, counseling, mental health care, family counseling, individual counseling, sexual and reproductive health",12:00 PM - 20:00 PM,12:00 PM - 20:00 PM,12:00 PM - 20:00 PM,12:00 PM - 20:00 PM,Closed,Closed,Closed
Twin Town Treatment Centers (Twin Town Treatment Centers),Mental Health,"8739 Santa Monica Boulevard, West Hollywood",Los Angeles,CA,90069,34.0871166,-118.3812354,866-594-8844,Open,,"addiction & recovery, outpatient treatment, substance abuse counseling, prevent & treat, mental health care, addiction & recovery, drug testing",12:00 PM - 21:00 PM,12:00 PM - 21:00 PM,12:00 PM - 21:00 PM,12:00 PM - 21:00 PM,12:00 PM - 21:00 PM,13:00 PM - 20:00 PM,Closed
"HIV, Hepatitis C, and STI Testing and Counseling (Bienestar)",Mental Health,4955 Sunset Blvd,Los Angeles,CA,90027,34.0983774,-118.2974677,323-727-7896,Open,"checkup & test, counseling, std/sti treatment & prevention, navigating the system",,13:00 PM - 22:00 PM,13:00 PM - 22:00 PM,13:00 PM - 22:00 PM,13:00 PM - 22:00 PM,13:00 PM - 22:00 PM,Closed,Closed
Mental Health (Bienestar),Mental Health,4955 Sunset Blvd,Los Angeles,CA,90027,34.0983774,-118.2974677,866-590-6411,Open,"mental health care, group therapy, navigating the system, support groups",,13:00 PM - 22:00 PM,13:00 PM - 22:00 PM,13:00 PM - 22:00 PM,13:00 PM - 22:00 PM,13:00 PM - 22:00 PM,Closed,Closed
Women and Children Program (Clínica Monseñor Romero),Mental Health,2032 Marengo St,Los Angeles,CA,90033,34.0563588,-118.207648,213-989-7700,Not specified,,"health education, family planning, parenting education, pregnancy tests, maternity care, postnatal care, counseling, one-on-one support",10:30 AM - 20:00 PM,10:30 AM - 20:00 PM,10:30 AM - 20:00 PM,10:30 AM - 20:00 PM,10:30 AM - 20:00 PM,Closed,Closed
Substance Use Disorder (Clínica Monseñor Romero),Mental Health,2032 Marengo St,Los Angeles,CA,90033,34.0563588,-118.207648,213-989-7700,Not specified,,"addiction & recovery, outpatient treatment, parenting education, anger management, substance abuse counseling, daytime care, more education",10:30 AM - 20:00 PM,10:30 AM - 20:00 PM,10:30 AM - 20:00 PM,10:30 AM - 20:00 PM,10:30 AM - 20:00 PM,Closed,Closed
Gender Affirming Voice Training (Harmonic Speech Therapy),Mental Health,,Los Angeles,CA,,,,,Open,,"early childhood intervention, speech therapy, specialized therapy, counseling, group therapy",13:00 PM - 20:30 PM,10:00 AM - 20:30 PM,13:00 PM - 00:45 AM,10:00 AM - 17:00 PM,11:00 AM - 13:00 PM,Closed,Closed
Tobacco Cessation Text Messaging (Kick It California (KIC)),Mental Health,,Los Angeles,CA,,,,,Open,"addiction & recovery, substance abuse counseling, support network, virtual support",,10:00 AM - 00:00 AM,10:00 AM - 00:00 AM,10:00 AM - 00:00 AM,10:00 AM - 00:00 AM,10:00 AM - 00:00 AM,12:00 PM - 20:00 PM,Closed
Suicide & Parent Support Line (WellSpace Health),Mental Health,,Los Angeles,CA,,,,888-281-3000,Open,"parenting education, counseling, support network, help hotlines, one-on-one support",,0:00 AM - 11:59 PM,0:00 AM - 11:59 PM,0:00 AM - 11:59 PM,0:00 AM - 11:59 PM,0:00 AM - 11:59 PM,0:00 AM - 11:59 PM,0:00 AM - 11:59 PM
"Therapy Services (The Ness Counseling Center, Inc.)",Mental Health,8512 Whitworth Drive,Los Angeles,CA,90035,34.0568952,-118.376737,888-843-8435,Open,,"counseling, group therapy, family counseling, individual counseling",12:00 PM - 20:00 PM,12:00 PM - 20:00 PM,12:00 PM - 20:00 PM,12:00 PM - 20:00 PM,12:00 PM - 18:00 PM,Closed,12:00 PM - 17:00 PM
Mental Health (Para Los Ninos),Mental Health,845 E 6th St,Los Angeles,CA,90021,34.040121,-118.241305,213-250-4800,Not specified,,"parenting education, specialized therapy, mental health care, navigating the system, one-on-one support",11:00 AM - 20:00 PM,11:00 AM - 20:00 PM,11:00 AM - 20:00 PM,11:00 AM - 20:00 PM,11:00 AM - 20:00 PM,Closed,Closed
Behavioral and Mental Health Services (Central City Community Health),Mental Health,5970 South Central Avenue,Los Angeles,CA,90001,33.9855658,-118.2562484,626-919-0400,Open,,"mental health care, counseling, group therapy, individual counseling",11:00 AM - 20:00 PM,11:00 AM - 20:00 PM,11:00 AM - 20:00 PM,11:00 AM - 20:00 PM,11:00 AM - 20:00 PM,Closed,Closed
Community Outreach (Huntington Hospital),Mental Health,,Los Angeles,CA,,,,626-397-2581,Open,"disease screening, counseling, navigating the system, one-on-one support, more education",,11:00 AM - 20:00 PM,11:00 AM - 20:00 PM,11:00 AM - 20:00 PM,11:00 AM - 20:00 PM,11:00 AM - 20:00 PM,Closed,Closed
Community Mental Health (Optimist Youth Homes & Family Services (OYHFS)),Mental Health,6957 North Figueroa Street,Los Angeles,CA,90041,34.1285251,-118.1878125,661-272-4733,Not specified,,"psychiatric emergency services, outpatient treatment, mental health care, individual counseling",11:00 AM - 20:00 PM,11:00 AM - 20:00 PM,11:00 AM - 20:00 PM,11:00 AM - 20:00 PM,11:00 AM - 20:00 PM,Closed,Closed
Domestic Violence Resource Centers (HealthRIGHT 360 - Prototypes),Mental Health,,Los Angeles,CA,,,,323-464-6281,Not specified,"help find housing, counseling, individual counseling, understand government programs, navigating the system, case management, support groups, skills & training, advocacy & legal aid",,11:00 AM - 20:00 PM,11:00 AM - 20:00 PM,11:00 AM - 20:00 PM,11:00 AM - 20:00 PM,11:00 AM - 20:00 PM,Closed,Closed
Behavioral Health Division (BHD) (Chinatown Service Center (CSC)),Mental Health,767 North Hill Street,Los Angeles,CA,90012,34.0626633,-118.2400524,213-808-1792,Not specified,,"counseling, in-home support, anger management, family counseling, individual counseling, navigating the system, one-on-one support, parenting education",11:30 AM - 20:00 PM,11:30 AM - 20:00 PM,11:30 AM - 20:00 PM,11:30 AM - 20:00 PM,11:30 AM - 20:00 PM,Closed,Closed
Counseling Services (New U Therapy Center & Family Services),Mental Health,"25000 Avenue Stanford, Santa Clarita",Los Angeles,CA,91355,34.4381581,-118.5722481,818-600-2034,Open,,"mental health care, counseling, group therapy, family counseling, individual counseling",12:00 PM - 21:00 PM,12:00 PM - 21:00 PM,12:00 PM - 21:00 PM,12:00 PM - 21:00 PM,12:00 PM - 21:00 PM,Closed,Closed
Mental Health Support Groups for Adults (Fresh Hope),Mental Health,,Los Angeles,CA,,,,,Open,"mental health care, support network, peer support, spiritual support, support groups, virtual support",,10:00 AM - 16:45 PM,10:00 AM - 16:45 PM,10:00 AM - 16:45 PM,10:00 AM - 16:45 PM,10:00 AM - 16:45 PM,Closed,Closed
Personal Services (Mental Health Hookup),Mental Health,"27201 Tourney Road, Santa Clarita",Los Angeles,CA,91355,34.4170525,-118.5776528,888-544-1516,Open,,"help find housing, addiction & recovery, disability benefits, mental health care, group therapy, individual counseling, mental health evaluation, government benefits, navigating the system, help fill out forms, case management",12:00 PM - 20:00 PM,12:00 PM - 20:00 PM,12:00 PM - 20:00 PM,12:00 PM - 20:00 PM,12:00 PM - 20:00 PM,Closed,Closed
Quit Smoking Hotline (National Cancer Institute),Mental Health,,Los Angeles,CA,,,,877-448-7848,Open,"addiction & recovery, substance abuse counseling, health education, one-on-one support",,9:00 AM - 21:00 PM,9:00 AM - 21:00 PM,9:00 AM - 21:00 PM,9:00 AM - 21:00 PM,9:00 AM - 21:00 PM,Closed,Closed
Lung Cancer HELPLine (LUNGevity),Mental Health,,Los Angeles,CA,,,,844-360-5864,Open,"mental health care, support network, help hotlines, one-on-one support, transportation, help find healthcare, help find childcare, navigating the system",,10:00 AM - 18:00 PM,10:00 AM - 18:00 PM,10:00 AM - 18:00 PM,10:00 AM - 18:00 PM,10:00 AM - 17:00 PM,Closed,Closed
UCLA School of Nursing Health Clinic Services (Union Rescue Mission (URM)),Mental Health,545 San Pedro Street,Los Angeles,CA,90013,34.0433448,-118.2450788,213-347-63002249,Open,"health education, medical care, primary care, checkup & test, disability screening, disease screening, prevent & treat, counseling, vaccinations, navigating the system",,11:00 AM - 20:00 PM,11:00 AM - 20:00 PM,11:00 AM - 20:00 PM,11:00 AM - 20:00 PM,11:00 AM - 20:00 PM,Closed,Closed
Christian Life Discipleship Program (Union Rescue Mission (URM)),Mental Health,545 S San Pedro St,Los Angeles,CA,90013,34.043327,-118.245111,213-347-6300,Open,"addiction & recovery, 12-step, health education, exercise & fitness, counseling, specialized therapy, anger management, bereavement, financial education, spiritual support, more education, skills & training",,11:00 AM - 20:00 PM,11:00 AM - 20:00 PM,11:00 AM - 20:00 PM,11:00 AM - 20:00 PM,11:00 AM - 20:00 PM,Closed,Closed
Homeless Health Care- Enhanced Services Program (ESP) (JWCH Institute Inc.),Mental Health,515 East 6th St.,Los Angeles,CA,90021,34.0422452,-118.2445998,213-372-59635700,Open,"primary care, checkup & test, mental health care, navigating the system, one-on-one support",,11:00 AM - 20:00 PM,11:00 AM - 20:00 PM,11:00 AM - 20:00 PM,11:00 AM - 20:00 PM,11:00 AM - 20:00 PM,Closed,Closed
Family Services (Para Los Ninos),Mental Health,845 East 6th Street,Los Angeles,CA,90021,34.040201,-118.2414697,213-250-4800650,Open,"help pay for food, help pay for utilities, clothing, health education, counseling, financial education, navigating the system, case management, support network, skills & training, advocacy & legal aid",,11:00 AM - 20:00 PM,11:00 AM - 20:00 PM,11:00 AM - 20:00 PM,11:00 AM - 20:00 PM,11:00 AM - 20:00 PM,Closed,Closed
Student & Community Services (Para Los Ninos),Mental Health,845 E 6th St,Los Angeles,CA,90021,34.0401854,-118.24144,213-623-8446225,Open,"help pay for food, help pay for housing, help pay for utilities, clothing vouchers, counseling, family counseling, community support services, navigating the system, support network, support groups",,11:00 AM - 20:00 PM,11:00 AM - 20:00 PM,11:00 AM - 20:00 PM,11:00 AM - 20:00 PM,11:00 AM - 20:00 PM,Closed,Closed
HIV Testing (The Wall Las Memorias),Mental Health,615 Kohler Street,Los Angeles,CA,90021,34.0391325,-118.2411384,323-257-1056,Open,"prevent & treat, counseling, hiv treatment, sexual and reproductive health",,Closed,Closed,Closed,19:00 PM - 23:00 PM,Closed,Closed,Closed
Mental Health Care (VA Greater Los Angeles Healthcare System),Mental Health,351 East Temple Street,Los Angeles,CA,90012,34.0520292,-118.2385001,213-253-5000,Open,,"mental health care, counseling, family counseling, individual counseling",10:00 AM - 20:30 PM,10:00 AM - 20:30 PM,10:00 AM - 20:30 PM,10:00 AM - 20:30 PM,10:00 AM - 20:30 PM,Closed,Closed
VHA Medical Centers (US Department of Veterans Affairs (VA) - Veterans Health Administration (VHA)),Mental Health,351 East Temple Street,Los Angeles,CA,90012,34.0520492,-118.2384999,,Open,,"assistive technology, prostheses, disease management, medical care, primary care, checkup & test, exercise & fitness, pain management, physical therapy, specialized therapy, vaccinations, hospital treatment",11:00 AM - 20:00 PM,11:00 AM - 20:00 PM,11:00 AM - 20:00 PM,11:00 AM - 20:00 PM,11:00 AM - 20:00 PM,Closed,Closed
Individual & Group Therapy (Option Counseling),Mental Health,,Los Angeles,CA,,,,310-210-4383,Open,,"counseling, mental health care, group therapy, individual counseling, outpatient treatment, support network, support groups, virtual support",9:00 AM - 22:00 PM,9:00 AM - 22:00 PM,9:00 AM - 22:00 PM,9:00 AM - 22:00 PM,9:00 AM - 22:00 PM,9:00 AM - 22:00 PM,9:00 AM - 22:00 PM
Therapeutic Community (TC) (Asian American Drug Abuse Program (AADAP)),Mental Health,2900 Crenshaw Boulevard,Los Angeles,CA,90016,34.0293099,-118.3345693,323-293-6291,Open,"residential treatment, dental care, medical care, mental health care, group therapy, family counseling, individual counseling, community support services, recreation, support groups, ged/high-school equivalency",,12:00 PM - 21:00 PM,12:00 PM - 21:00 PM,12:00 PM - 21:00 PM,12:00 PM - 21:00 PM,12:00 PM - 21:00 PM,Closed,Closed
Support Groups for Adults (New Hope Grief Support Community),Mental Health,,Los Angeles,CA,,,,,Open,,"bereavement, support groups",11:00 AM - 20:00 PM,11:00 AM - 20:00 PM,11:00 AM - 20:00 PM,11:00 AM - 20:00 PM,11:00 AM - 20:00 PM,Closed,Closed
NAMI Peer-to-Peer (NAMI San Fernando Valley),Mental Health,,Los Angeles,CA,,,,818-994-6747,Open,"understand mental health, peer support",,11:00 AM - 20:00 PM,11:00 AM - 20:00 PM,11:00 AM - 20:00 PM,11:00 AM - 20:00 PM,11:00 AM - 20:00 PM,Closed,Closed
Adult Rehabilitation Center (ARC) (The Salvation Army Long Beach),Mental Health,"455 East Spring Street, Long Beach",Los Angeles,CA,90806,33.8118839,-118.1879088,562-218-2355,Open,"meals, addiction & recovery, 12-step, sober living, substance abuse counseling, residential treatment, group therapy, family counseling, individual counseling, health education, daily life skills, navigating the system, spiritual support",,11:00 AM - 20:00 PM,11:00 AM - 20:00 PM,11:00 AM - 20:00 PM,11:00 AM - 20:00 PM,11:00 AM - 20:00 PM,Closed,Closed
Emergency Assistance (East San Gabriel Valley Coalition for the Homeless (ESGVCH)),Mental Health,"15701 Hill Street, La Puente",Los Angeles,CA,91744,34.0263535,-117.9507573,626-333-7204,Open,"help pay for housing, food pantry, meals, bus passes, personal hygiene, counseling, navigating the system, one-on-one support, advocacy & legal aid, navigating the system",,11:30 AM - 16:30 PM,11:30 AM - 16:30 PM,11:30 AM - 16:30 PM,11:30 AM - 16:30 PM,11:30 AM - 16:30 PM,Closed,Closed
Behavioral Health Care (Center for Family Health & Education (CFHE)),Mental Health,8727 Van Nuys Boulevard,Los Angeles,CA,91402,34.2281871,-118.4504928,818-649-3332,Open,,"parenting education, counseling, mental health care, anger management, group therapy, family counseling, individual counseling",12:00 PM - 21:00 PM,12:00 PM - 21:00 PM,12:00 PM - 21:00 PM,12:00 PM - 21:00 PM,12:00 PM - 21:00 PM,Closed,Closed
Insights Mental Health Program (Independence at Home (IAH)),Mental Health,,Los Angeles,CA,,,,866-421-1964,Open,"understand mental health, counseling, mental health care, mental health evaluation, one-on-one support",,11:00 AM - 20:00 PM,11:00 AM - 20:00 PM,11:00 AM - 20:00 PM,11:00 AM - 20:00 PM,11:00 AM - 20:00 PM,Closed,Closed
"Family Planning (Mission City Community Network, Inc (MCCN))",Mental Health,8527 Sepulveda Boulevard,Los Angeles,CA,91343,34.225505,-118.4681019,818-895-3100,Open,,"family planning, birth control, checkup & test, pregnancy tests, counseling, medical care",10:00 AM - 20:30 PM,10:00 AM - 20:30 PM,10:00 AM - 20:30 PM,10:00 AM - 20:30 PM,10:00 AM - 20:30 PM,10:00 AM - 18:30 PM,Closed
Cancer Support Community South Bay (Cancer Community Support South Bay),Mental Health,"2601 Airport Drive, Torrance",Los Angeles,CA,90505,33.7934671,-118.3293007,,Open,"bereavement, navigating the system, support network, peer support, support groups, virtual support",,11:00 AM - 20:00 PM,11:00 AM - 20:00 PM,11:00 AM - 20:00 PM,11:00 AM - 20:00 PM,11:00 AM - 20:00 PM,Closed,Closed
Wellness (Mental Health America of Los Angeles (MHALA)),Mental Health,"830 Atlantic Avenue, Long Beach",Los Angeles,CA,90813,33.777202,-118.1845685,562-285-0149,Open,,"daily life skills, medication management, mental health care, group therapy, navigating the system, more education, skills & training, help find work",12:00 PM - 20:00 PM,12:00 PM - 20:00 PM,16:00 PM - 20:00 PM,12:00 PM - 20:00 PM,12:00 PM - 15:00 PM,03:00 AM - 08:00 AM,Closed
Coptic Integrated Family Services (St. Basil Greek Orthodox Church),Mental Health,,Los Angeles,CA,,,,818-543-1533,Not specified,"psychiatric emergency services, addiction & recovery, parenting education, counseling, mental health care, anger management, navigating the system, one-on-one support, skills & training, early childhood intervention, addiction & recovery",,11:00 AM - 20:00 PM,11:00 AM - 20:00 PM,11:00 AM - 20:00 PM,11:00 AM - 20:00 PM,11:00 AM - 20:00 PM,Closed,Closed
Transgender Support Group (Embrace Counseling),Mental Health,,Los Angeles,CA,,,,949-680-6791,Temporarily closed,"mental health care, support groups",,Closed,Closed,Closed,Closed,Closed,Closed,Closed
Recovery Coaching (Life Continues),Mental Health,,Los Angeles,CA,,,,844-950-5433,Open,,"addiction & recovery, substance abuse counseling, one-on-one support, virtual support",Closed,Closed,Closed,Closed,Closed,Closed,Closed
Therapy (La Vida Life Counseling Center),Mental Health,"7300 Alondra Boulevard, Paramount",Los Angeles,CA,90723,33.8888935,-118.1714649,714-883-9156,Open,"mental health care, group therapy, family counseling, individual counseling",,11:00 AM - 20:00 PM,11:00 AM - 20:00 PM,11:00 AM - 20:00 PM,11:00 AM - 20:00 PM,11:00 AM - 20:00 PM,Closed,Closed
Inpatient Residential Program (His Sheltering Arms Inc),Mental Health,11101 South Main Street,Los Angeles,CA,90061,33.9344972,-118.2741017,323-755-6646,Not specified,,"short-term housing, addiction & recovery, 12-step, residential treatment, medical care, specialized therapy, one-on-one support",11:00 AM - 20:00 PM,11:00 AM - 20:00 PM,11:00 AM - 20:00 PM,11:00 AM - 20:00 PM,11:00 AM - 20:00 PM,Closed,Closed
Inpatient programs and services - Psychiatric Inpatient Program (Huntington Hospital),Mental Health,"100 W California Blvd, Pasadena",Los Angeles,CA,91105,34.133639,-118.152753,626-397-2323,Not specified,,psychiatric emergency services,11:00 AM - 20:00 PM,11:00 AM - 20:00 PM,11:00 AM - 20:00 PM,11:00 AM - 20:00 PM,11:00 AM - 20:00 PM,Closed,Closed
Inpatient programs and services - Psychiatric Acute Treatment Program (Huntington Hospital),Mental Health,"100 W California Blvd, Pasadena",Los Angeles,CA,91105,34.133639,-118.152753,626-397-2323,Not specified,,psychiatric emergency services,11:00 AM - 20:00 PM,11:00 AM - 20:00 PM,11:00 AM - 20:00 PM,11:00 AM - 20:00 PM,11:00 AM - 20:00 PM,Closed,Closed
Life Skills & Career Development (Launch Centers),Mental Health,1849 Sawtelle Boulevard,Los Angeles,CA,90025,34.0425252,-118.4454707,424-526-5339,Open,,"nutrition education, help find housing, addiction & recovery, daily life skills, mental health care, outpatient treatment, financial education, help find school, college readiness, skills & training, interview training, resume development",11:00 AM - 20:00 PM,11:00 AM - 20:00 PM,11:00 AM - 20:00 PM,11:00 AM - 20:00 PM,11:00 AM - 20:00 PM,Closed,Closed
"Prostate Cancer Treatment (Improving Access, Counseling & Treatment for Californians with Prostate Cancer (IMPACT))",Mental Health,,Los Angeles,CA,,,,800-409-8252,Open,"help pay for healthcare, nutrition education, medical care, prevent & treat, counseling, individual counseling, navigating the system",,11:00 AM - 20:00 PM,11:00 AM - 20:00 PM,11:00 AM - 20:00 PM,11:00 AM - 20:00 PM,11:00 AM - 20:00 PM,Closed,Closed
Comprehensive Care (ParkTree Community Health Center - Sultana),Mental Health,"1448 East Holt Avenue, Pomona",Los Angeles,CA,91767,34.061618,-117.722135,909-630-7927,Open,,"dental care, health education, medical care, primary care, checkup & test, prevent & treat, mental health care",Closed,11:00 AM - 19:30 PM,11:00 AM - 19:30 PM,11:00 AM - 19:30 PM,11:00 AM - 19:30 PM,11:00 AM - 19:30 PM,Closed
Virtual Counseling (Under This Umbrella Community Foundation),Mental Health,"220 South Indian Hill Boulevard, Claremont",Los Angeles,CA,91711,34.0917041,-117.7190562,626-201-8266,Open,,"counseling, mental health care, anger management, substance abuse counseling, individual counseling",13:00 PM - 21:00 PM,13:00 PM - 21:00 PM,13:00 PM - 21:00 PM,13:00 PM - 21:00 PM,13:00 PM - 21:00 PM,Closed,Closed
Therapy Services (Faces of Health Wellness Center),Mental Health,"250 West 1st Street, Claremont",Los Angeles,CA,91711,34.094139,-117.7179091,909-741-2849,Open,,"mental health care, counseling, individual counseling, health education, virtual support, daily life skills",12:00 PM - 20:00 PM,Closed,12:00 PM - 20:00 PM,12:00 PM - 20:00 PM,12:00 PM - 19:00 PM,Closed,Closed
Todo Por Mi Familia (Seneca Family of Agencies),Mental Health,,Los Angeles,CA,,,,844-529-3327,Open,"mental health care, navigating the system",,11:00 AM - 20:00 PM,11:00 AM - 20:00 PM,11:00 AM - 20:00 PM,11:00 AM - 20:00 PM,11:00 AM - 20:00 PM,Closed,Closed
Residential Program (Mercy Multiplied),Mental Health,,Los Angeles,CA,,,,615-831-6987,Open,"nutrition education, residential treatment, counseling, financial education, adoption planning, adoption counseling, post-adoption support, residential care, support network, spiritual support, nutrition education, health education, daily life skills, anger management, financial education, spiritual support",,9:00 AM - 18:00 PM,9:00 AM - 18:00 PM,9:00 AM - 18:00 PM,9:00 AM - 18:00 PM,9:00 AM - 18:00 PM,Closed,Closed
Project Odyssey (Wounded Warrior Project (WWP)),Mental Health,,Los Angeles,CA,,,,904-405-1213,Open,"mental health care, support network, one-on-one support, peer support, understand mental health, skills & training, daily life skills",,10:00 AM - 22:00 PM,10:00 AM - 22:00 PM,10:00 AM - 22:00 PM,10:00 AM - 22:00 PM,10:00 AM - 22:00 PM,Closed,Closed
Lifeline Crisis Chat (The 988 Suicide & Crisis Lifeline),Mental Health,,Los Angeles,CA,,,,800-273-8255,Open,"counseling, one-on-one support, virtual support",,0:00 AM - 11:59 PM,0:00 AM - 11:59 PM,0:00 AM - 11:59 PM,0:00 AM - 11:59 PM,0:00 AM - 11:59 PM,0:00 AM - 11:59 PM,0:00 AM - 11:59 PM
NICU Parent Support-Virtual Support Groups (Hand To Hold),Mental Health,,Los Angeles,CA,,,,,Open,"mental health care, understand mental health, support groups",,10:00 AM - 18:00 PM,10:00 AM - 18:00 PM,10:00 AM - 18:00 PM,10:00 AM - 18:00 PM,10:00 AM - 18:00 PM,Closed,Closed
Youth Drug Abuse Prevention Program (YDAPP) (Koreatown Youth And Community Center (KYCC)),Mental Health,3727 W 6th St,Los Angeles,CA,90020,34.0638657,-118.3037835,213365-74005119,Not specified,"substance abuse counseling, peer support",,11:00 AM - 20:00 PM,11:00 AM - 20:00 PM,11:00 AM - 20:00 PM,11:00 AM - 20:00 PM,11:00 AM - 20:00 PM,Closed,Closed
Full Service Partnership (Koreatown Youth And Community Center (KYCC)),Mental Health,3727 W 6th St,Los Angeles,CA,90020,34.0638657,-118.3037835,213-365-7400,Open,,outpatient treatment,11:00 AM - 20:00 PM,11:00 AM - 20:00 PM,11:00 AM - 20:00 PM,11:00 AM - 20:00 PM,11:00 AM - 20:00 PM,Closed,Closed
"Black Infant Health Program (BIH) (Children's Collective, Inc. (TCCI))",Mental Health,1968 West Adams Boulevard,Los Angeles,CA,90018,34.0324475,-118.3081328,323-238-3206,Open,"nutrition education, bus passes, health education, parenting education, counseling, navigating the system, support network, home visiting, one-on-one support, help find housing, baby supplies, community support services, help find school, help find work",,11:00 AM - 20:00 PM,11:00 AM - 20:00 PM,11:00 AM - 20:00 PM,11:00 AM - 20:00 PM,11:00 AM - 20:00 PM,Closed,Closed
Mental Health and Wellness (U.S. VETS - United States Veterans Initiative),Mental Health,855 North Vermont Avenue,Los Angeles,CA,90029,34.0865467,-118.2930592,888-556-9993,Open,"group therapy, individual counseling, case management, more education",,11:00 AM - 20:00 PM,11:00 AM - 20:00 PM,11:00 AM - 20:00 PM,11:00 AM - 20:00 PM,11:00 AM - 20:00 PM,Closed,Closed
Wellness Center (Tri-City Mental Health),Mental Health,"1403 North Garey Avenue, Pomona",Los Angeles,CA,91767,34.0716617,-117.7529038,888593-4448,Open,"mental health care, community support services, recreation, computer or internet access, support network, support groups",,13:00 PM - 23:00 PM,13:00 PM - 23:00 PM,11:30 AM - 20:00 PM,13:00 PM - 23:00 PM,13:00 PM - 23:00 PM,Closed,Closed
"Anger Management (The Ness Counseling Center, Inc.)",Mental Health,8512 Whitworth Drive,Los Angeles,CA,90035,34.0568952,-118.376737,310-360-8512,Open,"anger management, support groups",,12:00 PM - 20:00 PM,12:00 PM - 20:00 PM,12:00 PM - 20:00 PM,12:00 PM - 20:00 PM,12:00 PM - 18:00 PM,Closed,12:00 PM - 17:00 PM
Women's Health Services: (To Help Everyone (T.H.E.) Health and Wellness Centers),Mental Health,3834 S Western Ave,Los Angeles,CA,90062,34.0162773,-118.3085083,323-730-1920,Open,,"family planning, checkup & test, disease screening, pregnancy tests, maternity care, prevent & treat, counseling",11:00 AM - 20:00 PM,11:00 AM - 20:00 PM,11:00 AM - 20:00 PM,11:00 AM - 20:00 PM,11:00 AM - 20:00 PM,Closed,Closed
Teen Health Services (To Help Everyone (T.H.E.) Health and Wellness Centers),Mental Health,3834 S Western Ave,Los Angeles,CA,90062,34.0162773,-118.3085083,323-730-1920,Open,"health education, checkup & test, mental health evaluation, counseling, hiv treatment",,10:00 AM - 22:00 PM,10:00 AM - 22:00 PM,10:00 AM - 22:00 PM,10:00 AM - 22:00 PM,10:00 AM - 20:00 PM,12:00 PM - 16:00 PM,Closed
Medical Services (To Help Everyone (T.H.E.) Health and Wellness Centers),Mental Health,3834 South Western Avenue,Los Angeles,CA,90062,34.0161145,-118.3086601,323-730-1920,Open,,"nutrition education, family planning, medical care, primary care, checkup & test, disease screening, prevent & treat, disease management, vaccinations, mental health evaluation, std/sti treatment & prevention, navigating the system",10:00 AM - 21:00 PM,10:00 AM - 21:00 PM,10:00 AM - 21:00 PM,10:00 AM - 21:00 PM,10:00 AM - 20:00 PM,Closed,Closed
E6 Mental Health (Homeless Outreach Program Integrated Care System (HOPICS)),Mental Health,,Los Angeles,CA,,,,323-432-4383,Open,"mental health care, case management",,11:00 AM - 19:30 PM,11:00 AM - 00:00 AM,11:00 AM - 19:30 PM,11:00 AM - 00:00 AM,11:00 AM - 19:30 PM,Closed,Closed
Crisis Counseling (For The Frontlines),Mental Health,,Los Angeles,CA,,,,,Open,"mental health care, help hotlines, virtual support",,0:00 AM - 11:59 PM,0:00 AM - 11:59 PM,0:00 AM - 11:59 PM,0:00 AM - 11:59 PM,0:00 AM - 11:59 PM,0:00 AM - 11:59 PM,0:00 AM - 11:59 PM
Intransition (Psychological Health Center Of Excellence (PHCoE)),Mental Health,,Los Angeles,CA,,,,800-424-7877,Open,"daily life skills, understand mental health, help find healthcare, understand government programs, navigating the system, support network, one-on-one support",,0:00 AM - 11:59 PM,0:00 AM - 11:59 PM,0:00 AM - 11:59 PM,0:00 AM - 11:59 PM,0:00 AM - 11:59 PM,0:00 AM - 11:59 PM,0:00 AM - 11:59 PM
Telehealth Services (Array Behavioral Care),Mental Health,,Los Angeles,CA,,,,,Open,,"counseling, mental health care, virtual support",9:00 AM - 18:00 PM,9:00 AM - 18:00 PM,9:00 AM - 18:00 PM,9:00 AM - 18:00 PM,9:00 AM - 18:00 PM,Closed,Closed
Remembrance Photography (Now I Lay Me Down to Sleep (NILMDTS)),Mental Health,,Los Angeles,CA,,,,,Open,bereavement,,10:00 AM - 19:00 PM,10:00 AM - 19:00 PM,10:00 AM - 19:00 PM,10:00 AM - 19:00 PM,10:00 AM - 19:00 PM,Closed,Closed
Hearing Dogs Program (Dogs For Better Lives),Mental Health,,Los Angeles,CA,,,,,Open,support & service animals,,11:00 AM - 19:30 PM,11:00 AM - 19:30 PM,11:00 AM - 19:30 PM,11:00 AM - 19:30 PM,11:00 AM - 19:30 PM,Closed,Closed
Warrior Service Dog Training (TADSAW - Train a Dog Save a Warrior),Mental Health,,Los Angeles,CA,,,,210-643-2901,Open,support & service animals,,0:00 AM - 11:59 PM,0:00 AM - 11:59 PM,0:00 AM - 11:59 PM,0:00 AM - 11:59 PM,0:00 AM - 11:59 PM,0:00 AM - 11:59 PM,0:00 AM - 11:59 PM
Academy of Healing (Warriors' Ascent),Mental Health,,Los Angeles,CA,,,,,Open,"mental health care, overnight camp, support network, skills & training",,9:00 AM - 18:00 PM,9:00 AM - 18:00 PM,9:00 AM - 18:00 PM,9:00 AM - 18:00 PM,9:00 AM - 18:00 PM,Closed,Closed
Health and Wellness Coaching (Stand Beside Them),Mental Health,,Los Angeles,CA,,,,212-706-8387,Open,"health education, nutrition education, mental health care, mentoring, virtual support, bereavement, spiritual support",,8:00 AM - 17:00 PM,8:00 AM - 17:00 PM,8:00 AM - 17:00 PM,8:00 AM - 17:00 PM,8:00 AM - 17:00 PM,Closed,Closed
23V Recon (23rd Veteran),Mental Health,,Los Angeles,CA,,,,,Open,"exercise & fitness, mental health care, anger management, counseling, group therapy, recreation, support network, peer support",,9:00 AM - 17:00 PM,9:00 AM - 17:00 PM,9:00 AM - 17:00 PM,9:00 AM - 17:00 PM,9:00 AM - 17:00 PM,Closed,Closed
Behavioral Health Unit (Henry Mayo Newhall Hospital (HMNH)),Mental Health,"23845 McBean Parkway, Santa Clarita",Los Angeles,CA,91355,34.39787,-118.5539446,661-200-1080,Open,,"psychiatric emergency services, hospital treatment, mental health care, residential treatment, counseling, medications for mental health, mental health evaluation, navigating the system",0:00 AM - 11:59 PM,0:00 AM - 11:59 PM,0:00 AM - 11:59 PM,0:00 AM - 11:59 PM,0:00 AM - 11:59 PM,0:00 AM - 11:59 PM,0:00 AM - 11:59 PM
Counseling and Therapy Services (Claremont Counseling & Support),Mental Health,"250 West 1st Street, Claremont",Los Angeles,CA,91711,34.094139,-117.7179091,909-624-1997,Open,,"bereavement, parenting education, family counseling, individual counseling, mental health evaluation",11:00 AM - 00:00 AM,11:00 AM - 00:00 AM,11:00 AM - 00:00 AM,11:00 AM - 00:00 AM,11:00 AM - 00:00 AM,Closed,Closed
Online Counseling (Family Assessment Counseling & Education Services (FACES)),Mental Health,,Los Angeles,CA,,,,714-447-9024,Open,,"counseling, family counseling, individual counseling, virtual support",11:00 AM - 20:00 PM,11:00 AM - 20:00 PM,11:00 AM - 20:00 PM,11:00 AM - 20:00 PM,11:00 AM - 20:00 PM,Closed,Closed
Therapy (Family Psychological Services),Mental Health,"30495 Canwood Street, Agoura Hills",Los Angeles,CA,91301,34.1473283,-118.785081,818-707-7366,Open,,"mental health care, counseling, family counseling, individual counseling",12:00 PM - 22:30 PM,12:00 PM - 22:30 PM,12:00 PM - 22:30 PM,12:00 PM - 22:30 PM,12:00 PM - 22:30 PM,Closed,Closed
Therapy (Hive of Hope),Mental Health,"30125 Agoura Road, Agoura Hills",Los Angeles,CA,91301,34.145855,-118.7788813,818-392-8282,Open,,"mental health care, counseling, group therapy, family counseling, individual counseling, understand mental health",11:00 AM - 20:00 PM,11:00 AM - 20:00 PM,11:00 AM - 20:00 PM,11:00 AM - 20:00 PM,11:00 AM - 20:00 PM,Closed,Closed
Virtual Counseling (Family Assessment Counseling & Education Services (FACES)),Mental Health,,Los Angeles,CA,,,,714-447-9024,Open,,"counseling, mental health care, family counseling, individual counseling",Closed,Closed,Closed,12:00 PM - 20:00 PM,12:00 PM - 20:00 PM,Closed,Closed
Family Services (FACES),Mental Health,,Los Angeles,CA,,,,714-447-9024,Open,,"parenting education, counseling, mental health care, family counseling, individual counseling, support groups, more education",11:00 AM - 20:00 PM,11:00 AM - 20:00 PM,11:00 AM - 20:00 PM,11:00 AM - 20:00 PM,11:00 AM - 20:00 PM,Closed,Closed
Pet Bereavement Support Groups (Veterinary Chaplaincy Services),Mental Health,,Los Angeles,CA,,,,,Open,"bereavement, support groups, virtual support",,Closed,19:00 PM - 20:15 PM,Closed,Closed,Closed,Closed,Closed
Family Assistance (Kailee Mills Foundation),Mental Health,,Los Angeles,CA,,,,,Open,"help pay for healthcare, bereavement, burial & funeral help, support network",,9:00 AM - 18:00 PM,9:00 AM - 18:00 PM,9:00 AM - 18:00 PM,9:00 AM - 18:00 PM,9:00 AM - 18:00 PM,Closed,Closed
Pregnancy & Postpartum Stress Group (Pomona Valley Hospital Medical Center (PVHMC)),Mental Health,"1770 North Orange Grove Avenue, Pomona",Los Angeles,CA,91767,34.0762555,-117.748974,909-865-9858,Open,"health education, group therapy, support groups, meals, childcare",,Closed,Closed,Closed,15:30 PM - 17:30 PM,Closed,Closed,Closed
Outpatient Mental Health Service (Haynes Family Of Programs),Mental Health,"233 Baseline Road, La Verne",Los Angeles,CA,91750,34.1211452,-117.7532116,909-593-2581,Open,,"mental health care, group therapy, family counseling, individual counseling, medications for mental health, mental health evaluation, outpatient treatment, understand mental health, case management",11:00 AM - 20:00 PM,11:00 AM - 20:00 PM,11:00 AM - 20:00 PM,11:00 AM - 20:00 PM,11:00 AM - 20:00 PM,Closed,Closed
Pomona Women's Center (HealthRIGHT 360 - Prototypes),Mental Health,,Los Angeles,CA,,,,909-634-2950,Open,,"addiction & recovery, residential treatment, mental health care",11:00 AM - 20:00 PM,11:00 AM - 20:00 PM,11:00 AM - 20:00 PM,11:00 AM - 20:00 PM,11:00 AM - 20:00 PM,Closed,Closed
Crisis Intervention Services (Child & Family Center),Mental Health,"21545 Centre Pointe Parkway, Santa Clarita",Los Angeles,CA,91350,34.4129507,-118.5137656,661-259-9439,Open,"psychiatric emergency services, counseling, mental health care",,11:00 AM - 23:00 PM,11:00 AM - 00:00 AM,11:00 AM - 23:00 PM,11:00 AM - 00:00 AM,11:00 AM - 21:00 PM,12:00 PM - 20:00 PM,Closed
Alcohol & Drug Treatment Program (Child & Family Center),Mental Health,"21545 Centre Pointe Parkway, Santa Clarita",Los Angeles,CA,91350,34.4130213,-118.5135261,661-259-9439,Open,,"addiction & recovery, medications for addiction, outpatient treatment, mental health evaluation, residential treatment, substance abuse counseling, group therapy, family counseling, individual counseling, case management",11:00 AM - 20:00 PM,11:00 AM - 20:00 PM,11:00 AM - 20:00 PM,11:00 AM - 20:00 PM,11:00 AM - 20:00 PM,Closed,Closed
Case Management (City of Claremont California - Senior Program),Mental Health,"660 N. Mountain Avenue, Claremont",Los Angeles,CA,91711,34.099539,-117.728539,909-399-5488,Open,,"temporary shelter, health insurance, mental health care, financial education, navigating the system, help find housing, advocacy & legal aid",12:00 PM - 17:00 PM,12:00 PM - 17:00 PM,12:00 PM - 17:00 PM,12:00 PM - 17:00 PM,12:00 PM - 17:00 PM,Closed,Closed
Intensive In-Home Services (Child & Family Center),Mental Health,"21545 Centre Pointe Parkway, Santa Clarita",Los Angeles,CA,91350,34.4129507,-118.5137656,661-259-9439,Open,,"parenting education, mental health care, counseling, family counseling, individual counseling, navigating the system, help find housing, help find work",13:00 PM - 21:00 PM,13:00 PM - 21:00 PM,13:00 PM - 21:00 PM,13:00 PM - 21:00 PM,13:00 PM - 18:00 PM,Closed,Closed
Child Abuse Treatment Program (House of Ruth),Mental Health,,Los Angeles,CA,,,,909-623-4364,Open,"counseling, navigating the system, case management, one-on-one support",,11:00 AM - 20:00 PM,11:00 AM - 20:00 PM,11:00 AM - 20:00 PM,11:00 AM - 20:00 PM,11:00 AM - 20:00 PM,Closed,Closed
Domestic Violence Counseling (House of Ruth),Mental Health,,Los Angeles,CA,,,,877-988-5559,Open,"parenting education, counseling, group therapy, individual counseling, support groups",,11:00 AM - 20:00 PM,11:00 AM - 20:00 PM,11:00 AM - 20:00 PM,11:00 AM - 20:00 PM,11:00 AM - 20:00 PM,Closed,Closed
National Maternal Mental Health Hotline (Health Resources and Services Administration (HRSA)),Mental Health,,Los Angeles,CA,,,,833-852-6262,Open,"understand mental health, mental health care, navigating the system, help hotlines, translation & interpretation",,0:00 AM - 11:59 PM,0:00 AM - 11:59 PM,0:00 AM - 11:59 PM,0:00 AM - 11:59 PM,0:00 AM - 11:59 PM,0:00 AM - 11:59 PM,0:00 AM - 11:59 PM
"Peer Support Network (Center for Loss in Multiple Birth (CLIMB), Inc.)",Mental Health,,Los Angeles,CA,,,,,Open,"bereavement, support network, peer support, virtual support",,12:00 PM - 21:00 PM,12:00 PM - 21:00 PM,12:00 PM - 21:00 PM,12:00 PM - 21:00 PM,12:00 PM - 21:00 PM,Closed,Closed
Loss Advisors/Loss Doulas (Baby Loss Family Advisors),Mental Health,,Los Angeles,CA,,,,,Open,"bereavement, one-on-one support, peer support, virtual support, navigating the system, advocacy & legal aid",,9:00 AM - 18:00 PM,9:00 AM - 18:00 PM,9:00 AM - 18:00 PM,9:00 AM - 18:00 PM,9:00 AM - 18:00 PM,Closed,Closed
Grief Support Services (SUDC Foundation),Mental Health,,Los Angeles,CA,,,,,Open,"bereavement, health education, navigating the system, support network, one-on-one support, peer support, advocacy & legal aid",,8:00 AM - 17:00 PM,8:00 AM - 17:00 PM,8:00 AM - 17:00 PM,8:00 AM - 17:00 PM,8:00 AM - 17:00 PM,Closed,Closed
Service Dogs (K9s For Warriors),Mental Health,,Los Angeles,CA,,,,,Open,"support & service animals, support network",,8:00 AM - 17:00 PM,8:00 AM - 17:00 PM,8:00 AM - 17:00 PM,8:00 AM - 17:00 PM,8:00 AM - 17:00 PM,Closed,Closed
Behavioral / Mental Health Services (Via Care Community Health Center),Mental Health,"4755 East Cesar E Chavez Avenue, East Los Angeles",Los Angeles,CA,90022,34.0409162,-118.1628503,323-268-9191,Open,,"substance abuse counseling, counseling, mental health care, group therapy, individual counseling, parenting education",11:00 AM - 20:00 PM,11:00 AM - 22:00 PM,11:00 AM - 20:00 PM,11:00 AM - 22:00 PM,11:00 AM - 20:00 PM,11:00 AM - 20:00 PM,Closed
PrEP and PEP (Via Care Community Health Center),Mental Health,"4755 East Cesar E Chavez Avenue, East Los Angeles",Los Angeles,CA,90022,34.0409162,-118.1628503,323-825-8310,Open,,"health education, medical care, checkup & test, disease screening, prevent & treat, counseling, hiv treatment, sexual and reproductive health, navigating the system, one-on-one support",11:00 AM - 20:00 PM,11:00 AM - 22:00 PM,11:00 AM - 20:00 PM,11:00 AM - 22:00 PM,11:00 AM - 20:00 PM,11:00 AM - 20:00 PM,Closed
Mental Health Therapy (Via Care Community Health Center),Mental Health,"4755 East Cesar E Chavez Avenue, East Los Angeles",Los Angeles,CA,90022,34.0409162,-118.1628503,323-213-3617,Open,,"mental health care, individual counseling, one-on-one support",11:00 AM - 20:00 PM,11:00 AM - 20:00 PM,11:00 AM - 20:00 PM,11:00 AM - 20:00 PM,11:00 AM - 20:00 PM,Closed,Closed
Hacienda of Hope Program (Project Return Peer Support Network (PRPSN)),Mental Health,,Los Angeles,CA,,,,323-346-0960,Open,"temporary shelter, recreation, safe housing, peer support, support groups, understand mental health, one-on-one support, peer support",,11:00 AM - 20:00 PM,11:00 AM - 20:00 PM,11:00 AM - 20:00 PM,11:00 AM - 20:00 PM,11:00 AM - 20:00 PM,Closed,Closed
Youth and Family Services (YFS) - Youth on the Rise Program (Asian Youth Center (AYC)),Mental Health,"2677 Zoe Avenue, Huntington Park",Los Angeles,CA,90255,33.9794164,-118.2229795,626-309-0425105,Open,,"daily life skills, anger management, navigating the system, more education, ged/high-school equivalency, tutoring",11:00 AM - 20:00 PM,11:00 AM - 20:00 PM,11:00 AM - 20:00 PM,11:00 AM - 20:00 PM,11:00 AM - 20:00 PM,Closed,Closed
El Centrito de Apoyo Program (Project Return Peer Support Network (PRPSN)),Mental Health,"2677 1/2 Zoe Avenue, Huntington Park",Los Angeles,CA,90255,33.9793599,-118.2229517,323-312-0640,Open,"health education, understand mental health, exercise & fitness, mental health care, computer or internet access, navigating the system, support network, peer support",,12:00 PM - 20:00 PM,12:00 PM - 20:00 PM,12:00 PM - 20:00 PM,12:00 PM - 20:00 PM,12:00 PM - 20:00 PM,Closed,Closed
FamilySource Center (Barrio Action Youth and Family Center - Lincoln Heights/El Sereno FamilySource Center),Mental Health,4927 Huntington Drive North,Los Angeles,CA,90032,34.0874596,-118.1764009,323-221-0779,Open,,"food pantry, counseling, financial education, tax preparation, recreation, more education, disaster preparedness & response, english as a second language (esl)",12:00 PM - 21:00 PM,12:00 PM - 23:00 PM,12:00 PM - 23:00 PM,12:00 PM - 21:00 PM,12:00 PM - 21:00 PM,12:00 PM - 15:30 PM,Closed
Gang Reduction and Youth Development (GRYD) (Barrio Action Youth and Family Center - Lincoln Heights/El Sereno FamilySource Center),Mental Health,4927 Huntington Drive North,Los Angeles,CA,90032,34.0874596,-118.1764009,323-221-0779309,Open,"family counseling, individual counseling, community support services, recreation, navigating the system, case management, support network, mentoring, parenting education, more education, tutoring, civic engagement",,12:00 PM - 21:00 PM,12:00 PM - 21:00 PM,12:00 PM - 21:00 PM,12:00 PM - 21:00 PM,12:00 PM - 21:00 PM,12:00 PM - 16:00 PM,Closed
College Corner (Barrio Action Youth and Family Center - Lincoln Heights/El Sereno FamilySource Center),Mental Health,4927 Huntington Dr N,Los Angeles,CA,90032,34.0874542,-118.1763743,323-221-0779,Open,"counseling, help pay for school, navigating the system",,11:00 AM - 20:00 PM,11:00 AM - 20:00 PM,11:00 AM - 20:00 PM,11:00 AM - 20:00 PM,11:00 AM - 20:00 PM,Closed,Closed
Parenting Classes (Barrio Action Youth and Family Center - Lincoln Heights/El Sereno FamilySource Center),Mental Health,4927 Huntington Dr N,Los Angeles,CA,90032,34.0873713,-118.1762433,323-221-0779,Open,"parenting education, anger management, skills & training",,11:00 AM - 20:00 PM,11:00 AM - 20:00 PM,11:00 AM - 20:00 PM,11:00 AM - 20:00 PM,11:00 AM - 20:00 PM,Closed,Closed
Behavioral Health Services (Parktree Community Health Center (PCHC)),Mental Health,"750 South Park Avenue, Pomona",Los Angeles,CA,91766,34.0527292,-117.7539216,909-469-9017,Open,,"counseling, mental health care",11:00 AM - 20:00 PM,11:00 AM - 20:00 PM,11:00 AM - 20:00 PM,11:00 AM - 20:00 PM,11:00 AM - 20:00 PM,Closed,Closed
Supplemental Crisis Services (Tri-City Mental Health),Mental Health,"1403 N Garey Ave, Pomona",Los Angeles,CA,91767,34.0717736,-117.7526603,909-784-3005,Open,"medical care, mental health care",,11:00 AM - 20:00 PM,11:00 AM - 20:00 PM,11:00 AM - 20:00 PM,11:00 AM - 20:00 PM,11:00 AM - 20:00 PM,Closed,Closed
Adult Full Service Partnership (Tri-City Mental Health),Mental Health,"2008 North Garey Avenue, Pomona",Los Angeles,CA,91767,34.0828993,-117.7525015,------,Open,"help find housing, medical supplies, transportation for healthcare, addiction & recovery, counseling, medications for mental health, mental health evaluation, navigating the system, help find work",,11:00 AM - 20:00 PM,11:00 AM - 20:00 PM,11:00 AM - 20:00 PM,11:00 AM - 20:00 PM,11:00 AM - 20:00 PM,Closed,Closed
"Transitional & Long Term Residential Programs (Bridges, Inc.)",Mental Health,,Los Angeles,CA,,,,626-350-5304523,Open,,"addiction & recovery, daily life skills, specialized therapy, mental health care, group therapy, substance abuse counseling, navigating the system, mentoring, one-on-one support, peer support",12:00 PM - 20:00 PM,12:00 PM - 20:00 PM,12:00 PM - 20:00 PM,12:00 PM - 20:00 PM,12:00 PM - 20:00 PM,Closed,Closed
NAMI Family to Family Education Program (National Alliance on Mental Illness (NAMI) Pomona Valley),Mental Health,,Los Angeles,CA,,,,909-258-9864,Open,"understand mental health, peer support, support groups",,21:30 PM - 00:00 AM,21:30 PM - 00:00 AM,21:30 PM - 00:00 AM,21:30 PM - 00:00 AM,19:30 PM - 00:00 AM,Closed,Closed
NAMI Peer-to-Peer Education Program (National Alliance on Mental Illness (NAMI) Pomona Valley),Mental Health,,Los Angeles,CA,,,,909-625-2383,Open,"daily life skills, understand mental health, peer support, support groups",,12:00 PM - 17:00 PM,12:00 PM - 17:00 PM,12:00 PM - 17:00 PM,12:00 PM - 17:00 PM,12:00 PM - 17:00 PM,Closed,Closed
NAMI Family Support Group (National Alliance on Mental Illness (NAMI) Pomona Valley),Mental Health,"1111 North Mountain Avenue, Claremont",Los Angeles,CA,91711,34.1050309,-117.7299838,909-399-0305,Open,"understand mental health, peer support, support groups",,Closed,21:15 PM - 22:30 PM,Closed,Closed,Closed,Closed,Closed
Psychological Services (RS Recovery Services; Inc.),Mental Health,,Los Angeles,CA,,,,909-243-9492,Open,,"group therapy, family counseling, individual counseling",12:00 PM - 23:00 PM,12:00 PM - 23:00 PM,12:00 PM - 23:00 PM,12:00 PM - 23:00 PM,12:00 PM - 23:00 PM,11:00 AM - 20:00 PM,Closed
Individualized Employment Planning and Placement Counseling (RS Recovery Services; Inc.),Mental Health,"445 West Foothill Boulevard, Claremont",Los Angeles,CA,91711,34.1080445,-117.7209448,909243-9492,Not specified,,"counseling, help find work",11:00 AM - 20:00 PM,11:00 AM - 20:00 PM,11:00 AM - 20:00 PM,11:00 AM - 20:00 PM,11:00 AM - 20:00 PM,Closed,Closed
Substance Abuse and Dependency (Addiction) Services (RS Recovery Services; Inc.),Mental Health,"445 West Foothill Boulevard, Claremont",Los Angeles,CA,91711,34.1080197,-117.7207566,909243-9492,Not specified,,"counseling, substance abuse counseling",11:00 AM - 20:00 PM,11:00 AM - 20:00 PM,11:00 AM - 20:00 PM,11:00 AM - 20:00 PM,11:00 AM - 20:00 PM,Closed,Closed
Cognitive Behavioral Therapy (CBT) (CBT California),Mental Health,6404 Wilshire Boulevard,Los Angeles,CA,90048,34.0633061,-118.368708,800-624-1475,Open,,"bereavement, specialized therapy, mental health care",11:00 AM - 20:00 PM,11:00 AM - 20:00 PM,11:00 AM - 20:00 PM,11:00 AM - 20:00 PM,11:00 AM - 20:00 PM,Closed,Closed
Mental Health Services (Families For Children),Mental Health,,Los Angeles,CA,,,,323-750-5855101,Open,"in-home support, mental health care",,11:00 AM - 20:00 PM,11:00 AM - 20:00 PM,11:00 AM - 20:00 PM,11:00 AM - 20:00 PM,11:00 AM - 20:00 PM,Closed,Closed
Sexual Violence (East Los Angeles Women's Center (ELAWC)),Mental Health,1255 South Atlantic Blvd.,Los Angeles,CA,90022,34.014749,-118.159348,800-585-6231,Not specified,"daily life skills, group therapy, individual counseling, support network, help hotlines, advocacy & legal aid",,12:00 PM - 21:00 PM,12:00 PM - 21:00 PM,12:00 PM - 21:00 PM,12:00 PM - 21:00 PM,12:00 PM - 21:00 PM,Closed,Closed
Mental Health Therapy (Safe Harbor Trauma Recovery Center),Mental Health,"Normandie Avenue, Torrance",Los Angeles,CA,90502,33.8287066,-118.2986129,424-306-7710,Open,"mental health care, case management, support groups",,12:00 PM - 20:00 PM,12:00 PM - 20:00 PM,12:00 PM - 20:00 PM,12:00 PM - 20:00 PM,12:00 PM - 20:00 PM,Closed,Closed
Family Based In-Home Visitation Programs (SPIRITT Family Services),Mental Health,"7208 Garfield Avenue, Bell Gardens",Los Angeles,CA,90201,33.9659333,-118.1509654,323-407-8011,Open,,"parenting education, early childhood intervention, in-home support, counseling, family planning, community support services, navigating the system, case management, one-on-one support, advocacy & legal aid",11:30 AM - 20:00 PM,11:30 AM - 20:00 PM,11:30 AM - 20:00 PM,11:30 AM - 20:00 PM,11:30 AM - 20:00 PM,Closed,Closed
Gang Reduction and Youth Development (GRYD) (Watts Labor Community Action Committee (WLCAC)),Mental Health,10950 S Central Ave,Los Angeles,CA,90059,33.9365187,-118.2535606,323563-5639,Open,"health education, daily life skills, counseling, individual counseling, community support services, exercise & fitness, recreation, support network, mentoring, tutoring, skills & training",,11:00 AM - 20:00 PM,11:00 AM - 20:00 PM,11:00 AM - 20:00 PM,11:00 AM - 20:00 PM,11:00 AM - 20:00 PM,Closed,Closed
Hospice Care (Ziba Hospice),Mental Health,"3950 Paramount Boulevard, Lakewood",Los Angeles,CA,90712,33.8292773,-118.1586216,310-328-4865,Open,"medical supplies, assistive technology, health education, disease management, medical care, skilled nursing, counseling, physical therapy, occupational therapy, speech therapy, in-home support, relief for caregivers",,12:00 PM - 20:30 PM,12:00 PM - 20:30 PM,12:00 PM - 20:30 PM,12:00 PM - 20:30 PM,12:00 PM - 20:30 PM,Closed,Closed
HCBA Waiver Agency (Libertana Home Health),Mental Health,5805 Sepulveda Boulevard,Los Angeles,CA,91411,34.1763179,-118.4667892,800-750-1444,Open,"case management, residential care, residential treatment",,11:00 AM - 20:00 PM,11:00 AM - 20:00 PM,11:00 AM - 20:00 PM,11:00 AM - 20:00 PM,11:00 AM - 20:00 PM,Closed,Closed
HUB Outpatient Mental Health (SHIELDS for Families),Mental Health,,Los Angeles,CA,,,,310-603-1098,Temporarily closed,"mental health care, skills & training",,Closed,Closed,Closed,Closed,Closed,Closed,Closed
"Hearing Dog (International Hearing Dog, Inc.)",Mental Health,,Los Angeles,CA,,,,,Open,support & service animals,,Closed,Closed,Closed,Closed,Closed,Closed,Closed
7-Part Holistic Healing Program (The Finley Project),Mental Health,,Los Angeles,CA,,,,407-463-7576,Open,"bereavement, burial & funeral help, navigating the system, support network, peer support, support groups, help pay for food, individual counseling, navigating the system",,Closed,Closed,Closed,Closed,Closed,Closed,Closed
Bartz-Altadonna Community Health Center (Bartz-Altadonna Community Health Center),Mental Health,"43322 Gingham Ave, Lancaster",Los Angeles,CA,93535,34.6701346,-118.1217289,661-874-4050,Not specified,,"addiction & recovery, health education, family planning, medical care, primary care, hiv treatment, specialized therapy, individual counseling, parenting education",10:30 AM - 21:30 PM,10:30 AM - 21:30 PM,10:30 AM - 21:30 PM,10:30 AM - 21:30 PM,10:30 AM - 21:30 PM,Closed,Closed
Community Behavioral Health Research Foundation Inc. (Community Behavioral Health Research Foundation Inc.),Mental Health,"44349 Lowtree Ave, Lancaster",Los Angeles,CA,93534,34.6889981,-118.1538308,310-567-9389,Not specified,,"bereavement, parenting education, mental health care, anger management, family counseling, navigating the system, one-on-one support, support groups",11:00 AM - 20:00 PM,11:00 AM - 20:00 PM,11:00 AM - 20:00 PM,11:00 AM - 20:00 PM,11:00 AM - 20:00 PM,Closed,Closed
Rehabilitation and Orthopedic Institute (ROI) (Palmdale Regional Medical Center),Mental Health,"38660 Medical Center Drive, Palmdale",Los Angeles,CA,93551,34.5835927,-118.1454573,661-206-6250,Not specified,,"outpatient treatment, medical care, skilled nursing, physical therapy, occupational therapy, speech therapy, residential care",11:00 AM - 21:00 PM,11:00 AM - 21:00 PM,11:00 AM - 21:00 PM,11:00 AM - 21:00 PM,11:00 AM - 21:00 PM,Closed,Closed
Mommy & Me Program (The Jeffrey Foundation),Mental Health,5470 W Wash Blvd,Los Angeles,CA,90016,34.1599571,-118.0869622,323965-7536,Open,"counseling, one-on-one support",,11:00 AM - 20:00 PM,11:00 AM - 20:00 PM,11:00 AM - 20:00 PM,11:00 AM - 20:00 PM,11:00 AM - 20:00 PM,Closed,Closed
Victims of Crime (Human Services Association (HSA)),Mental Health,"6800 Florence Ave, Bell Gardens",Los Angeles,CA,90201,33.9608694,-118.1451686,562-806-5400148,Not specified,,"individual counseling, navigating the system, help fill out forms, support network, advocacy & legal aid",11:00 AM - 20:00 PM,11:00 AM - 20:00 PM,11:00 AM - 20:00 PM,11:00 AM - 20:00 PM,11:00 AM - 20:00 PM,Closed,Closed
La Paz Geropsychiatric Center (Telecare Corporation),Mental Health,"8835 Vans Street, Paramount",Los Angeles,CA,90723,33.8924145,-118.1436036,562-633-5111,Open,,"mental health care, mental health evaluation, residential care, dental care, vision care, medical care, counseling, medications for mental health, support network, peer support",11:00 AM - 20:00 PM,11:00 AM - 20:00 PM,11:00 AM - 20:00 PM,11:00 AM - 20:00 PM,11:00 AM - 20:00 PM,Closed,Closed
Individual Therapy (Wright Institute Los Angeles (WILA)),Mental Health,11845 West Olympic Boulevard,Los Angeles,CA,90064,34.0333756,-118.4519795,424-371-5191,Open,,"mental health care, individual counseling, outpatient treatment, counseling, one-on-one support",11:00 AM - 00:00 AM,11:00 AM - 00:00 AM,11:00 AM - 00:00 AM,11:00 AM - 00:00 AM,11:00 AM - 20:00 PM,Closed,Closed
Virtual Cancer Support Services - California (Cancer Support Community Los Angeles),Mental Health,1990 South Bundy Drive,Los Angeles,CA,90025,34.0345649,-118.4555094,,Open,"health education, counseling, family counseling, individual counseling, recreation, support network, help hotlines, support groups, virtual support",,12:00 PM - 20:00 PM,12:00 PM - 20:00 PM,12:00 PM - 20:00 PM,12:00 PM - 20:00 PM,12:00 PM - 20:00 PM,Closed,Closed
Gardena Outpatient Treatment (Asian American Drug Abuse Program (AADAP)),Mental Health,"13931 Van Ness Avenue, Gardena",Los Angeles,CA,90249,33.9050807,-118.3180763,310-768-8018,Open,,"addiction & recovery, outpatient treatment, medications for addiction, mental health care, counseling, family counseling, individual counseling, one-on-one support",12:00 PM - 22:30 PM,12:00 PM - 22:30 PM,12:00 PM - 22:30 PM,12:00 PM - 22:30 PM,12:00 PM - 22:30 PM,12:00 PM - 17:00 PM,Closed
Jim Goodman Outpatient Counseling (Asian American Drug Abuse Program (AADAP)),Mental Health,1088 South La Brea Avenue,Los Angeles,CA,90019,34.0556198,-118.3441402,323-295-0262,Open,,"drug testing, substance abuse counseling, family counseling, individual counseling, navigating the system",12:00 PM - 20:00 PM,12:00 PM - 20:00 PM,12:00 PM - 20:00 PM,12:00 PM - 20:00 PM,12:00 PM - 20:00 PM,Closed,Closed
Gang Reduction & Youth Development (GRYD) (Asian American Drug Abuse Program (AADAP)),Mental Health,4625 Crenshaw Boulevard,Los Angeles,CA,90043,34.0013746,-118.3312217,323-596-2310,Open,"substance abuse counseling, counseling, anger management, family counseling, individual counseling, community support services, recreation, navigating the system, mentoring, one-on-one support",,12:00 PM - 21:00 PM,12:00 PM - 21:00 PM,12:00 PM - 21:00 PM,12:00 PM - 21:00 PM,12:00 PM - 21:00 PM,Closed,Closed
Special Deliveries Day Treatment Perinatal (Asian American Drug Abuse Program (AADAP)),Mental Health,"520 North La Brea Avenue, Inglewood",Los Angeles,CA,90302,33.9697572,-118.3559196,323-294-4932,Open,,"short-term housing, addiction & recovery, outpatient treatment, substance abuse counseling, health education, daily life skills, parenting education, exercise & fitness, specialized therapy, group therapy, individual counseling, childcare, group therapy, individual counseling",11:00 AM - 20:00 PM,11:00 AM - 20:00 PM,11:00 AM - 20:00 PM,11:00 AM - 20:00 PM,11:00 AM - 20:00 PM,Closed,Closed
Mount Carmel Residential Treatment Center (SHIELDS for Families),Mental Health,801 West 70th Street,Los Angeles,CA,90044,33.9766163,-118.2874957,323-242-5000,Open,,"addiction & recovery, residential treatment, substance abuse counseling, health education, parenting education, mental health care, family counseling, navigating the system",11:00 AM - 20:00 PM,11:00 AM - 20:00 PM,11:00 AM - 20:00 PM,11:00 AM - 20:00 PM,11:00 AM - 20:00 PM,Closed,Closed
Integrated Behavioral Health (Venice Family Clinic),Mental Health,,Los Angeles,CA,,,,323-293-6284,Open,,"addiction & recovery, outpatient treatment, understand mental health, prevent & treat, counseling, mental health care, substance abuse counseling, individual counseling",11:00 AM - 20:00 PM,11:00 AM - 20:00 PM,11:00 AM - 20:00 PM,11:00 AM - 20:00 PM,11:00 AM - 20:00 PM,Closed,Closed
Banking on Our Future and Hope Centers (Operation HOPE Los Angeles),Mental Health,707 Wilshire Boulevard,Los Angeles,CA,90017,34.0492638,-118.2570896,213-891-2900,Not specified,"counseling, financial education, homebuyer education, skills & training",,11:00 AM - 20:00 PM,11:00 AM - 20:00 PM,11:00 AM - 20:00 PM,11:00 AM - 20:00 PM,11:00 AM - 20:00 PM,Closed,Closed
Supportive Services To Veteran Families (SSVF) (U.S. VETS - United States Veterans Initiative),Mental Health,1816 South Figueroa Street,Los Angeles,CA,90014,34.0353032,-118.2710714,213-599-6809,Open,"help find housing, mental health care, counseling, group therapy, substance abuse counseling, individual counseling, community support services, recreation, navigating the system, case management, help find work, government benefits",,11:00 AM - 19:00 PM,11:00 AM - 19:00 PM,11:00 AM - 19:00 PM,11:00 AM - 19:00 PM,11:00 AM - 19:00 PM,Closed,Closed
Veterans Reentry Project (U.S. VETS - United States Veterans Initiative),Mental Health,800 West 6th Street,Los Angeles,CA,90017,34.0501093,-118.257949,213-542-2600,Open,"specialized therapy, mental health care, skills & training",,11:00 AM - 20:00 PM,11:00 AM - 20:00 PM,11:00 AM - 20:00 PM,11:00 AM - 20:00 PM,11:00 AM - 20:00 PM,Closed,Closed
Community-Based Adult Services (CBAS) (California Department of Aging),Mental Health,221 North Figueroa Street,Los Angeles,CA,90012,34.0591238,-118.2511674,800-510-2020,Open,,"meals, nutrition education, transportation, skilled nursing, personal hygiene, prevent & treat, physical therapy, occupational therapy, speech therapy, specialized therapy, mental health care, counseling, adult daycare, support network",11:00 AM - 20:00 PM,11:00 AM - 20:00 PM,11:00 AM - 20:00 PM,11:00 AM - 20:00 PM,11:00 AM - 20:00 PM,Closed,Closed
"Victor Community Support Services, Inc. (Victor Community Support Services)",Mental Health,"801 Corporate Center Drive, Pomona",Los Angeles,CA,91768,34.0649636,-117.8017421,844-547-1442,Open,,"group therapy, substance abuse counseling, family counseling, individual counseling, medications for mental health, mental health evaluation, outpatient treatment, residential treatment, understand mental health, navigating the system, one-on-one support, support groups",11:00 AM - 20:00 PM,11:00 AM - 20:00 PM,11:00 AM - 20:00 PM,11:00 AM - 20:00 PM,11:00 AM - 20:00 PM,Closed,Closed
Yoga online via zoom (Siloam Wellness),Mental Health,,Los Angeles,CA,,,,215-765-6633,Open,"health education, understand mental health, recreation, virtual support, health education, recreation",,8:00 AM - 17:00 PM,Closed,Closed,Closed,Closed,Closed,Closed
Mental Health Support and Crisis Text Hotline (Crisis Text Line),Mental Health,,Los Angeles,CA,,,,,Open,"mental health care, help hotlines, one-on-one support, virtual support",,0:00 AM - 11:59 PM,0:00 AM - 11:59 PM,0:00 AM - 11:59 PM,0:00 AM - 11:59 PM,0:00 AM - 11:59 PM,0:00 AM - 11:59 PM,0:00 AM - 11:59 PM
ACA Health Enrollment: Low to No Cost Medical Coverage (Care Guide Services),Mental Health,,Los Angeles,CA,,,,844-358-3286,Open,"discounted healthcare, health insurance, medical care, prevent & treat, help find healthcare, mental health care, understand mental health, government benefits, understand government programs, navigating the system, medical care, checkup & test, prevent & treat, mental health care, medications for mental health",,9:00 AM - 18:00 PM,9:00 AM - 18:00 PM,9:00 AM - 18:00 PM,9:00 AM - 18:00 PM,9:00 AM - 18:00 PM,Closed,Closed
Wellness Program (iPrevail),Mental Health,,Los Angeles,CA,,,,312-441-9137,Open,,"understand mental health, mental health care, support network, peer support, support groups, virtual support",0:00 AM - 11:59 PM,0:00 AM - 11:59 PM,0:00 AM - 11:59 PM,0:00 AM - 11:59 PM,0:00 AM - 11:59 PM,0:00 AM - 11:59 PM,0:00 AM - 11:59 PM
Hold Onto Hope (Honor Connor),Mental Health,,Los Angeles,CA,,,,,Open,"health education, understand mental health, support network, support groups, virtual support, bereavement",,11:00 AM - 20:00 PM,11:00 AM - 20:00 PM,11:00 AM - 20:00 PM,11:00 AM - 20:00 PM,11:00 AM - 20:00 PM,Closed,Closed
"Guide Dogs (Dogs, Inc.)",Mental Health,,Los Angeles,CA,,,,941-729-5665,Open,support & service animals,,8:00 AM - 16:30 PM,8:00 AM - 16:30 PM,8:00 AM - 16:30 PM,8:00 AM - 16:30 PM,8:00 AM - 16:30 PM,Closed,Closed
Counseling Support to Nationwide CF Community (Cystic Fibrosis Research Institute (CFRI)),Mental Health,,Los Angeles,CA,,,,650-665-7576,Open,,"counseling, family counseling, individual counseling",11:00 AM - 20:00 PM,11:00 AM - 20:00 PM,11:00 AM - 20:00 PM,11:00 AM - 20:00 PM,11:00 AM - 20:00 PM,Closed,Closed
Mental Health Support (Pineapple Support),Mental Health,,Los Angeles,CA,,,,,Open,,"counseling, mental health care, help hotlines, one-on-one support, support groups, virtual support",0:00 AM - 11:59 PM,0:00 AM - 11:59 PM,0:00 AM - 11:59 PM,0:00 AM - 11:59 PM,0:00 AM - 11:59 PM,0:00 AM - 11:59 PM,0:00 AM - 11:59 PM
Genetically Handicapped Persons Program (California Department of Health Care Services (DHCS)),Mental Health,,Los Angeles,CA,,,,213-897-3574,Open,,"nutrition education, prescription assistance, medical care, medical supplies, skilled nursing, prevent & treat, physical therapy, occupational therapy, specialized therapy, hospital treatment, mental health care",11:00 AM - 20:00 PM,11:00 AM - 20:00 PM,11:00 AM - 20:00 PM,11:00 AM - 20:00 PM,11:00 AM - 20:00 PM,Closed,Closed
OvarCare Patient Assistance Program (Ovarcome),Mental Health,,Los Angeles,CA,,,,,Open,"help pay for food, help pay for gas, counseling, financial assistance",,9:00 AM - 18:00 PM,9:00 AM - 18:00 PM,9:00 AM - 18:00 PM,9:00 AM - 18:00 PM,9:00 AM - 18:00 PM,Closed,Closed
Program of Comprehensive Assistance for Family Caregivers (PCAFC) (U.S. Department of Veterans Affairs),Mental Health,,Los Angeles,CA,,,,,Open,"health insurance, mental health care, counseling, financial assistance, relief for caregivers, navigating the system, support network",,8:00 AM - 17:00 PM,8:00 AM - 17:00 PM,8:00 AM - 17:00 PM,8:00 AM - 17:00 PM,8:00 AM - 17:00 PM,Closed,Closed
Infectious Disease Services (Bartz-Altadonna Community Health Center),Mental Health,"2520 East Palmdale Boulevard, Palmdale",Los Angeles,CA,93550,34.5800017,-118.0829918,661-874-4050,Open,,"nutrition education, drug testing, checkup & test, disease screening, prevent & treat, mental health care, sexual and reproductive health, std/sti treatment & prevention, hiv treatment, case management",11:00 AM - 20:00 PM,11:00 AM - 20:00 PM,11:00 AM - 20:00 PM,11:00 AM - 20:00 PM,11:00 AM - 20:00 PM,Closed,Closed
Counseling Services (Angelman Syndrome Foundation (ASF)),Mental Health,,Los Angeles,CA,,,,773-259-4200,Open,"support network, counseling, support network",,9:00 AM - 18:00 PM,9:00 AM - 18:00 PM,9:00 AM - 18:00 PM,9:00 AM - 18:00 PM,9:00 AM - 18:00 PM,Closed,Closed
Early Stage Services (Alzheimer's Greater Los Angeles),Mental Health,4221 Wilshire Boulevard,Los Angeles,CA,90010,34.0622455,-118.320853,844-435-7259,Open,"family counseling, community support services, support groups, navigating the system",,11:45 AM - 20:00 PM,11:30 AM - 20:00 PM,11:30 AM - 20:00 PM,11:30 AM - 20:00 PM,11:30 AM - 20:00 PM,Closed,Closed
Care Counseling (Alzheimer's Los Angeles),Mental Health,4221 Wilshire Boulevard,Los Angeles,CA,90010,34.0622455,-118.320853,844-435-7259,Open,"counseling, family counseling, individual counseling",,11:00 AM - 20:00 PM,11:00 AM - 20:00 PM,11:00 AM - 20:00 PM,11:00 AM - 20:00 PM,11:00 AM - 20:00 PM,Closed,Closed
Committed to Black Wellness and Health Program (St. John’s Well Child and Family Center (SJWCFC)),Mental Health,808 West 58th Street,Los Angeles,CA,90037,33.9894926,-118.2876831,323-675-5404,Open,,"baby supplies, mental health care, maternity care, postnatal care, navigating the system, case management, support network, one-on-one support, parenting education",11:00 AM - 20:00 PM,11:00 AM - 20:00 PM,11:00 AM - 20:00 PM,11:00 AM - 20:00 PM,11:00 AM - 20:00 PM,Closed,Closed
Re-entry Services (St. John’s Well Child and Family Center (SJWCFC)),Mental Health,808 West 58th Street,Los Angeles,CA,90037,33.9894926,-118.2876831,323-541-1411,Open,"dental care, daily life skills, medical care, mental health care, navigating the system, help fill out forms, case management, skills & training, help find work, advocacy & legal aid, health education, disease screening, substance abuse counseling, navigating the system, one-on-one support",,11:00 AM - 20:00 PM,11:00 AM - 20:00 PM,11:00 AM - 20:00 PM,11:00 AM - 20:00 PM,11:00 AM - 20:00 PM,Closed,Closed
Counseling Services (Center for Lupus Care),Mental Health,"100 N Hillcrest Blvd, Inglewood",Los Angeles,CA,90301,33.9628419,-118.3482958,310-674-0080,Open,"health education, counseling, navigating the system, one-on-one support",,11:00 AM - 20:00 PM,11:00 AM - 20:00 PM,11:00 AM - 20:00 PM,11:00 AM - 20:00 PM,11:00 AM - 20:00 PM,Closed,Closed
Complementary Health Care (Village Health Foundation),Mental Health,4073 West Pico Boulevard,Los Angeles,CA,90019,34.0478699,-118.3243463,323-733-0471,Open,,"nutrition education, addiction & recovery, disease management, alternative medicine, prevent & treat, counseling, pain management",Closed,Closed,13:00 PM - 21:00 PM,13:00 PM - 21:00 PM,13:00 PM - 21:00 PM,12:00 PM - 20:00 PM,Closed
Genesis Family Day Treatment Program (SHIELDS for Families),Mental Health,12021 Wilmington Ave,Los Angeles,CA,90059,33.9239691,-118.2393967,310-668-8260,Open,,"outpatient treatment, addiction & recovery, health education, daily life skills, parenting education, mental health care, substance abuse counseling, navigating the system, one-on-one support",11:00 AM - 20:00 PM,11:00 AM - 20:00 PM,11:00 AM - 20:00 PM,11:00 AM - 20:00 PM,11:00 AM - 20:00 PM,Closed,Closed
Health Screenings (Claris Health),Mental Health,"3737 Martin Luther King Junior Boulevard, Lynwood",Los Angeles,CA,90262,33.9288026,-118.2002791,323-299-9977,Open,"medical care, checkup & test, disease screening, individual counseling, sexual and reproductive health",,12:00 PM - 20:00 PM,12:00 PM - 20:00 PM,12:00 PM - 20:00 PM,12:00 PM - 20:00 PM,Closed,Closed,Closed
Pregnancy Loss & Support (Claris Health),Mental Health,"3737 Martin Luther King Junior Boulevard, Lynwood",Los Angeles,CA,90262,33.9288026,-118.2002791,323-299-9977,Open,,"support network, peer support, support groups, bereavement, parenting education",12:00 PM - 20:00 PM,12:00 PM - 20:00 PM,12:00 PM - 20:00 PM,12:00 PM - 20:00 PM,Closed,Closed,Closed
Ultrasound Imaging (Claris Health),Mental Health,"3737 Martin Luther King Junior Boulevard, Lynwood",Los Angeles,CA,90262,33.9288026,-118.2002791,323-299-9977,Open,"medical care, checkup & test, individual counseling, sexual and reproductive health",,12:00 PM - 20:00 PM,12:00 PM - 20:00 PM,12:00 PM - 20:00 PM,12:00 PM - 20:00 PM,Closed,Closed,Closed
Smart Health LA (Valley Community Healthcare),Mental Health,6801 Coldwater Canyon Avenue,Los Angeles,CA,91605,34.1944709,-118.4149411,818-301-6334,Open,,"primary care, checkup & test, prevent & treat, counseling, hiv treatment, mental health evaluation, std/sti treatment & prevention, navigating the system, support groups",12:30 PM - 19:00 PM,12:30 PM - 19:00 PM,12:30 PM - 19:00 PM,12:30 PM - 19:00 PM,12:30 PM - 19:00 PM,Closed,Closed
Valley Teen Clinic (Valley Community Healthcare),Mental Health,6801 Coldwater Canyon Avenue,Los Angeles,CA,91605,34.1944509,-118.415024,888-763-4070,Open,,"dental care, health education, sex education, primary care, vaccinations, family counseling, individual counseling, navigating the system, help fill out forms",11:30 AM - 20:00 PM,11:30 AM - 20:00 PM,11:30 AM - 20:00 PM,11:30 AM - 23:30 PM,11:30 AM - 20:00 PM,11:00 AM - 15:00 PM,Closed
Child Abuse and Neglect Services (For the Child),Mental Health,"4565 California Avenue, Long Beach",Los Angeles,CA,90807,33.8418853,-118.1825433,562-422-8472,Open,"specialized therapy, mental health care, family counseling, individual counseling",,11:00 AM - 22:00 PM,11:00 AM - 22:00 PM,11:00 AM - 22:00 PM,11:00 AM - 22:00 PM,11:00 AM - 20:00 PM,Closed,Closed
Adult Rehabilitation Center (ARC) (The Salvation Army of Santa Monica),Mental Health,"1533 4th Street, Santa Monica",Los Angeles,CA,90401,34.0144964,-118.4924799,800-728-7825,Open,"addiction & recovery, 12-step, residential treatment, sober living, drug testing, spiritual support, daily life skills, short-term housing, daily life skills, group therapy, substance abuse counseling, family counseling, individual counseling, recreation, meals",,11:00 AM - 20:00 PM,11:00 AM - 20:00 PM,11:00 AM - 20:00 PM,11:00 AM - 20:00 PM,11:00 AM - 20:00 PM,Closed,Closed
"Mental Health Services (Eggleston Youth Centers, Inc. (EYC))",Mental Health,"13001 Ramona Boulevard, Irwindale",Los Angeles,CA,91706,34.0802531,-117.9899107,626-480-8107,Open,,"mental health evaluation, mental health care, psychiatric emergency services, disease management, counseling, group therapy, family counseling, one-on-one support",11:00 AM - 20:00 PM,11:00 AM - 20:00 PM,11:00 AM - 20:00 PM,11:00 AM - 20:00 PM,11:00 AM - 20:00 PM,Closed,Closed
LA Step Down Program (Telecare Corporation),Mental Health,"4335 Atlantic Ave, Long Beach",Los Angeles,CA,90807,33.8354951,-118.1853884,562-216-4900,Open,,"psychiatric emergency services, health education, mental health care, financial assistance, financial education, navigating the system, support network, one-on-one support",11:00 AM - 19:30 PM,11:00 AM - 19:30 PM,11:00 AM - 19:30 PM,11:00 AM - 19:30 PM,11:00 AM - 19:30 PM,Closed,Closed
Behavioral Health Services (Windstone Behavioral Health),Mental Health,"3625 Del Amo Boulevard, Torrance",Los Angeles,CA,90503,33.8491964,-118.3504468,310-802-7352,Open,,"psychiatric emergency services, outpatient treatment, counseling, mental health care, individual counseling, mental health evaluation",11:00 AM - 20:00 PM,11:00 AM - 20:00 PM,11:00 AM - 20:00 PM,11:00 AM - 20:00 PM,11:00 AM - 20:00 PM,Closed,Closed
AWAZ: Voices Against Violence (South Asian Network (SAN)),Mental Health,"18173 Pioneer Boulevard, Artesia",Los Angeles,CA,90701,33.8724363,-118.0850136,562-403-0488,Open,"parenting education, safety education, counseling, financial education, case management, support groups, advocacy & legal aid, translation & interpretation",,12:00 PM - 20:30 PM,12:00 PM - 20:30 PM,12:00 PM - 20:30 PM,12:00 PM - 20:30 PM,12:00 PM - 20:30 PM,Closed,Closed
Outpatient Mental Health Services (The Whole Child),Mental Health,,Los Angeles,CA,,,,562-692-0383,Open,"counseling, medication management, mental health care, family counseling, individual counseling, mental health evaluation",,11:00 AM - 22:00 PM,11:00 AM - 22:00 PM,11:00 AM - 22:00 PM,11:00 AM - 22:00 PM,11:00 AM - 20:00 PM,Closed,Closed
Intensive Outpatient Treatment (Options for Recovery),Mental Health,"1124 West Carson Street, Torrance",Los Angeles,CA,90502,33.8308285,-118.2951648,323-457-1898,Open,,"transportation, outpatient treatment, drug testing, substance abuse counseling, anger management, individual counseling, support network, one-on-one support",11:00 AM - 00:00 AM,11:00 AM - 00:00 AM,11:00 AM - 00:00 AM,11:00 AM - 00:00 AM,11:00 AM - 00:00 AM,Closed,Closed
"Parenting Group Program (Helping Kids To Recover, Inc.)",Mental Health,"637 E Albertoni St, Carson",Los Angeles,CA,90746,33.8725285,-118.2647243,310-217-0616,Not specified,"daily life skills, parenting education, counseling, substance abuse counseling, skills & training",,11:00 AM - 20:00 PM,11:00 AM - 20:00 PM,11:00 AM - 20:00 PM,11:00 AM - 20:00 PM,11:00 AM - 20:00 PM,Closed,Closed
"Perinatal Education Groups (Helping Kids To Recover, Inc.)",Mental Health,,Los Angeles,CA,,,,310-217-0616,Not specified,,"parenting education, maternity care, personal hygiene, substance abuse counseling",11:00 AM - 20:00 PM,11:00 AM - 20:00 PM,11:00 AM - 20:00 PM,11:00 AM - 20:00 PM,11:00 AM - 20:00 PM,Closed,Closed
Supplemental Security Income Medi-Cal Advocacy Program (SSIMAP) (Los Angeles County Department of Public Social Services (DPSS)),Mental Health,"12860 Crossroads Pkwy S, City of Industry",Los Angeles,CA,91746,34.0285046,-118.0243462,866-613-3777,Not specified,,"mental health care, navigating the system",11:00 AM - 20:00 PM,11:00 AM - 20:00 PM,11:00 AM - 20:00 PM,11:00 AM - 20:00 PM,11:00 AM - 20:00 PM,Closed,Closed
Learning Adulthood Skills and Supporting Ourselves (Happy Trails For Kids),Mental Health,"2525 Ocean Park Blvd Ste 104, Santa Monica",Los Angeles,CA,90405,34.0176634,-118.4584422,310-452-7979,Not specified,,"counseling, day camp, recreation, mentoring",11:00 AM - 20:00 PM,11:00 AM - 20:00 PM,11:00 AM - 20:00 PM,11:00 AM - 20:00 PM,11:00 AM - 20:00 PM,Closed,Closed
Venice Youth Build (Venice Community Housing (VCH)),Mental Health,720 Rose Ave,Los Angeles,CA,90291,34.000639,-118.4687496,310-399-4100,Not specified,"counseling, support network, more education, skills & training, job placement, ged/high-school equivalency",,11:00 AM - 20:00 PM,11:00 AM - 20:00 PM,11:00 AM - 20:00 PM,11:00 AM - 20:00 PM,11:00 AM - 20:00 PM,Closed,Closed
ATLAS - Assisted Outpatient Treatment-Full Service Partnership Program (Telecare Corporation),Mental Health,"12440 Firestone Blvd, Norwalk",Los Angeles,CA,90650,33.904901,-118.0684102,562-864-7821,Not specified,,"health education, mental health care, financial education, one-on-one support",11:00 AM - 19:30 PM,11:00 AM - 19:30 PM,11:00 AM - 19:30 PM,11:00 AM - 19:30 PM,11:00 AM - 19:30 PM,Closed,Closed
LA Older Adults (LAOA) (Telecare Corporation),Mental Health,"12440 Firestone Blvd, Norwalk",Los Angeles,CA,90650,33.904901,-118.0684102,562-929-6688,Not specified,,"outpatient treatment, health education, medical care, financial education, navigating the system, one-on-one support, skills & training",11:00 AM - 19:30 PM,11:00 AM - 19:30 PM,11:00 AM - 19:30 PM,11:00 AM - 19:30 PM,11:00 AM - 19:30 PM,Closed,Closed
Transforming Life Center (Transforming Life Center),Mental Health,"17814 Woodruff Ave, Bellflower",Los Angeles,CA,90706,33.8708899,-118.1169271,562-925-3700,Not specified,,"counseling, family counseling, individual counseling",11:00 AM - 20:00 PM,11:00 AM - 20:00 PM,11:00 AM - 20:00 PM,11:00 AM - 20:00 PM,11:00 AM - 20:00 PM,Closed,Closed
Yoga123 Program (P.S. I Love You Foundation),Mental Health,"1732 Aviation Blvd, Redondo Beach",Los Angeles,CA,90278,33.8716144,-118.3811615,310-420-4717,Not specified,"exercise & fitness, mental health care, health education",,12:00 PM - 20:00 PM,12:00 PM - 20:00 PM,12:00 PM - 20:00 PM,12:00 PM - 20:00 PM,12:00 PM - 20:00 PM,Closed,Closed
Family Focused Mental Health Care (For the Child),Mental Health,"4001 Long Beach Blvd, Long Beach",Los Angeles,CA,90807,33.8309104,-118.1896375,562-427-7671,Not specified,mental health care,,11:00 AM - 20:00 PM,11:00 AM - 20:00 PM,11:00 AM - 20:00 PM,11:00 AM - 20:00 PM,11:00 AM - 20:00 PM,Closed,Closed
Veteran Addiction Treatment Services (Thornton & Associates Veteran Services),Mental Health,,Los Angeles,CA,,,,626-482-3478,Open,"addiction & recovery, detox, outpatient treatment, residential treatment, medications for addiction, hospital treatment",,11:00 AM - 20:00 PM,11:00 AM - 20:00 PM,11:00 AM - 20:00 PM,11:00 AM - 20:00 PM,11:00 AM - 20:00 PM,Closed,Closed
"Sober Companion (Loving Hearts Private Care, Inc)",Mental Health,"11616 Hawthorne Blvd, Hawthorne",Los Angeles,CA,90250,33.9286632,-118.3523102,866-227-3331,Open,"substance abuse counseling, support network, peer support",,11:00 AM - 20:00 PM,11:00 AM - 20:00 PM,11:00 AM - 20:00 PM,11:00 AM - 20:00 PM,11:00 AM - 20:00 PM,Closed,Closed
Behavioral Intervention - Visions Learning Center (Helpline Youth Counseling (HYC)),Mental Health,"10750 Laurel Avenue, Whittier",Los Angeles,CA,90605,33.9355793,-118.0481551,562-273-0722,Not specified,,"counseling, daytime care",11:00 AM - 20:00 PM,11:00 AM - 20:00 PM,11:00 AM - 20:00 PM,11:00 AM - 20:00 PM,11:00 AM - 20:00 PM,Closed,Closed
Behavioral Intervention - ABCUSD School-Based Mental Health Services (Helpline Youth Counseling (HYC)),Mental Health,"10750 Laurel Avenue, Whittier",Los Angeles,CA,90605,33.9355793,-118.0481551,562-273-0722,Not specified,,"mental health evaluation, specialized therapy, one-on-one support",11:00 AM - 20:00 PM,11:00 AM - 20:00 PM,11:00 AM - 20:00 PM,11:00 AM - 20:00 PM,11:00 AM - 20:00 PM,Closed,Closed
Women's Health program (Venice Family Clinic),Mental Health,604 Rose Ave,Los Angeles,CA,90291,33.999095,-118.4715185,310-392-8636,Not specified,,"health education, family planning, medical care, disease screening, maternity care, mental health care, support network",11:00 AM - 20:00 PM,11:00 AM - 20:00 PM,11:00 AM - 20:00 PM,11:00 AM - 20:00 PM,11:00 AM - 19:00 PM,Closed,Closed
Residential Treatment Program (Impact Treatment Center),Mental Health,"1680 North Fair Oaks Avenue, Pasadena",Los Angeles,CA,91103,34.1751784,-118.1503711,888-588-1188,Open,,"addiction & recovery, residential treatment, substance abuse counseling, mental health care, individual counseling",11:00 AM - 20:00 PM,11:00 AM - 20:00 PM,11:00 AM - 20:00 PM,11:00 AM - 20:00 PM,11:00 AM - 20:00 PM,Closed,Closed
Evidence-Based Practice (EBP) - Managing and Adapting Practices (MAP) (Pacific Asian Counseling Services (PACS)),Mental Health,8616 La Tijera Boulevard,Los Angeles,CA,90045,33.9591908,-118.3914552,310-337-1550,Open,"mental health care, understand mental health",,11:00 AM - 20:00 PM,11:00 AM - 20:00 PM,11:00 AM - 20:00 PM,11:00 AM - 20:00 PM,11:00 AM - 20:00 PM,Closed,Closed
Evidence-Based Practice (EBP) - Child Parent Psychotherapy (CPP) (Pacific Asian Counseling Services (PACS)),Mental Health,8616 La Tijera Boulevard,Los Angeles,CA,90045,33.9591908,-118.3914552,310-337-1550,Open,"early childhood intervention, mental health care",,11:00 AM - 20:00 PM,11:00 AM - 20:00 PM,11:00 AM - 20:00 PM,11:00 AM - 20:00 PM,11:00 AM - 20:00 PM,Closed,Closed
Evidence-Based Practice (EBP) - Individual Cognitive Behavioral Therapy (Ind. CBT) (Pacific Asian Counseling Services (PACS)),Mental Health,8616 La Tijera Boulevard,Los Angeles,CA,90045,33.9591908,-118.3914552,310-337-1550,Open,counseling,,11:00 AM - 20:00 PM,11:00 AM - 20:00 PM,11:00 AM - 20:00 PM,11:00 AM - 20:00 PM,11:00 AM - 20:00 PM,Closed,Closed
Evidence-Based Practice (EBP) - Seeking Safety (SS) (Pacific Asian Counseling Services (PACS)),Mental Health,8616 La Tijera Boulevard,Los Angeles,CA,90045,33.9591908,-118.3914552,310-337-1550,Open,"counseling, individual counseling",,11:00 AM - 20:00 PM,11:00 AM - 20:00 PM,11:00 AM - 20:00 PM,11:00 AM - 20:00 PM,11:00 AM - 20:00 PM,Closed,Closed
Substance Use Disorder Program (Clinica Monsenor Oscar A. Romero),Mental Health,2032 Marengo St,Los Angeles,CA,90033,34.0563588,-118.207648,213989-7700,Not specified,"transportation, addiction & recovery, outpatient treatment, parenting education, anger management, substance abuse counseling, daytime care",,11:00 AM - 20:00 PM,11:00 AM - 20:00 PM,11:00 AM - 20:00 PM,11:00 AM - 20:00 PM,11:00 AM - 20:00 PM,Closed,Closed
Mental Health Services (Clínica Monseñor Romero),Mental Health,2032 Marengo St,Los Angeles,CA,90033,34.0563588,-118.207648,213-989-7700,Open,,"group therapy, family counseling, individual counseling, support groups",10:30 AM - 20:00 PM,10:30 AM - 20:00 PM,10:30 AM - 20:00 PM,10:30 AM - 20:00 PM,10:30 AM - 20:00 PM,Closed,Closed
Tia Family Service Center (Tia Family Service Center),Mental Health,2202 S Figueroa St,Los Angeles,CA,90007,34.0313135,-118.2737106,323-906-6541,Open,"counseling, specialized therapy, navigating the system, advocacy & legal aid",,11:00 AM - 20:00 PM,11:00 AM - 20:00 PM,11:00 AM - 20:00 PM,11:00 AM - 20:00 PM,11:00 AM - 20:00 PM,Closed,Closed
Caught in the Crossfire (Soledad Enrichment Action (SEA)),Mental Health,2051 Marengo Street,Los Angeles,CA,90033,34.059442,-118.2081016,323-226-3670,Open,"mental health care, navigating the system, one-on-one support",,11:00 AM - 20:00 PM,11:00 AM - 20:00 PM,11:00 AM - 20:00 PM,11:00 AM - 20:00 PM,11:00 AM - 20:00 PM,Closed,Closed
"Psychological Assessment Program (Children's Collective, Inc. (TCCI))",Mental Health,255 East 28th Street,Los Angeles,CA,90011,34.0222779,-118.2666217,310-733-4388,Open,,"understand disability, disability screening, mental health evaluation, navigating the system, support network, one-on-one support, specialized therapy, navigating the system",11:00 AM - 20:00 PM,11:00 AM - 20:00 PM,11:00 AM - 20:00 PM,11:00 AM - 20:00 PM,11:00 AM - 20:00 PM,Closed,Closed
In-Home Therapy (Westside Infant-Family Network (WIN)),Mental Health,3701 Stocker Street,Los Angeles,CA,90008,34.0071158,-118.3378621,,Open,,"early childhood intervention, mental health care, counseling",11:30 AM - 20:00 PM,11:30 AM - 20:00 PM,11:30 AM - 20:00 PM,11:30 AM - 20:00 PM,11:30 AM - 20:00 PM,Closed,Closed
Comprehensive Family Support (Westside Infant-Family Network (WIN)),Mental Health,3701 Stocker Street,Los Angeles,CA,90008,34.0071158,-118.3378621,213-290-6113,Open,,"early childhood intervention, mental health care, case management",11:30 AM - 20:00 PM,11:30 AM - 20:00 PM,11:30 AM - 20:00 PM,11:30 AM - 20:00 PM,11:30 AM - 20:00 PM,Closed,Closed
Field Capable Clinical Services (Koreatown Youth And Community Center (KYCC)),Mental Health,3727 W 6th St,Los Angeles,CA,90020,34.0639652,-118.303721,213-365-7400,Not specified,,"understand mental health, mental health evaluation",11:00 AM - 20:00 PM,11:00 AM - 20:00 PM,11:00 AM - 20:00 PM,11:00 AM - 20:00 PM,11:00 AM - 20:00 PM,Closed,Closed
Behavioral Health & Wellness (Children's Institute),Mental Health,,Los Angeles,CA,,,,213-260-7600,Open,"mental health care, counseling, family counseling, individual counseling, support groups",,11:00 AM - 20:00 PM,11:00 AM - 20:00 PM,11:00 AM - 20:00 PM,11:00 AM - 20:00 PM,11:00 AM - 20:00 PM,Closed,Closed
Residential Services (The Alcoholism Center for Women (ACW)),Mental Health,1147 South Alvarado Street,Los Angeles,CA,90006,34.0491058,-118.2819196,213-381-8500,Open,"sober living, addiction & recovery, 12-step, residential treatment, support network",,11:00 AM - 20:00 PM,11:00 AM - 20:00 PM,11:00 AM - 20:00 PM,11:00 AM - 20:00 PM,11:00 AM - 20:00 PM,Closed,Closed
Rapid HIV Testing (Minority AIDS Project (MAP)),Mental Health,5149 W Jefferson Blvd,Los Angeles,CA,90016,34.025779,-118.3567443,323-936-4949,Open,"checkup & test, counseling, navigating the system",,11:00 AM - 20:00 PM,11:00 AM - 20:00 PM,11:00 AM - 20:00 PM,11:00 AM - 20:00 PM,11:00 AM - 20:00 PM,Closed,Closed
Brown Scapular Program-Substance Abuse Treatment (Canon Human Services Center),Mental Health,9705 Holmes Avenue,Los Angeles,CA,90002,33.9479556,-118.2410128,323-249-9097,Open,,"outpatient treatment, substance abuse counseling, counseling",11:00 AM - 20:00 PM,11:00 AM - 20:00 PM,11:00 AM - 20:00 PM,11:00 AM - 20:00 PM,11:00 AM - 20:00 PM,Closed,Closed
Comprehensive Services (TCC Family Health),Mental Health,"1060 70th Street, Long Beach",Los Angeles,CA,90805,33.8815298,-118.1794791,844-822-4646,Open,,"health education, disease management, family planning, medical care, primary care, birth control, checkup & test, maternity care, prevent & treat, mental health care",11:00 AM - 20:00 PM,11:00 AM - 20:00 PM,11:00 AM - 20:00 PM,11:00 AM - 20:00 PM,11:00 AM - 20:00 PM,Closed,Closed
CARE (Counseling Advocacy Referral Empowerment) Program (Familia Unidas),Mental Health,4716 East Cesar E Chavez Avenue,Los Angeles,CA,90022,34.0402137,-118.1643033,323-418-2667,Not specified,"counseling, navigating the system, support groups",,11:00 AM - 20:00 PM,11:00 AM - 20:00 PM,11:00 AM - 20:00 PM,11:00 AM - 20:00 PM,11:00 AM - 20:00 PM,Closed,Closed
Job Information Center (Brookins- Kirkland Community African Methodist Episcopal (A.M.E) Church),Mental Health,"3719 West Slauson Avenue, View Park-Windsor Hills",Los Angeles,CA,90043,33.989279,-118.338507,323-296-5610,Open,"counseling, help find work",,13:00 PM - 17:00 PM,13:00 PM - 17:00 PM,13:00 PM - 17:00 PM,13:00 PM - 17:00 PM,Closed,Closed,Closed
Counseling Services and Mental Health Program (Renaissance South La),Mental Health,3651 South La Brea Avenue,Los Angeles,CA,90016,34.0200906,-118.3560223,323-872-6352,Open,,"checkup & test, mental health evaluation, mental health care, group therapy, family counseling, individual counseling, medications for mental health, understand mental health, navigating the system",11:00 AM - 20:00 PM,11:00 AM - 20:00 PM,11:00 AM - 20:00 PM,11:00 AM - 20:00 PM,11:00 AM - 20:00 PM,Closed,Closed
Multidisciplinary Assessment Team (MAT) (SHIELDS for Families),Mental Health,11601 S Western Ave,Los Angeles,CA,90047,33.9284281,-118.310218,323-242-5000,Open,,"mental health care, navigating the system, one-on-one support",Closed,Closed,Closed,Closed,Closed,Closed,Closed
Adoption Promotion and Support Services (APSS) (SHIELDS for Families),Mental Health,11601 S Western Ave,Los Angeles,CA,90047,33.9284298,-118.3102831,323-242-5000,Temporarily closed,"group therapy, family counseling, individual counseling, post-adoption support, mentoring, one-on-one support, support groups",,Closed,Closed,Closed,Closed,Closed,Closed,Closed
Multi-Systemic Therapy (MST) (SHIELDS for Families),Mental Health,11601 South Western Avenue,Los Angeles,CA,90047,33.9284298,-118.3102831,310-603-1030,Open,,"specialized therapy, family counseling, navigating the system, support network, one-on-one support, advocacy & legal aid",Closed,Closed,Closed,Closed,Closed,Closed,Closed
Family and Friends Groups (AL-ANON California),Mental Health,,Los Angeles,CA,,,,888-425-2666,Open,"counseling, peer support, support groups",,11:00 AM - 20:00 PM,11:00 AM - 20:00 PM,11:00 AM - 20:00 PM,11:00 AM - 20:00 PM,11:00 AM - 20:00 PM,Closed,Closed
No Veteran Left Behind (Working Dogs For Vets),Mental Health,,Los Angeles,CA,,,,,Open,support & service animals,,9:00 AM - 18:00 PM,9:00 AM - 18:00 PM,9:00 AM - 18:00 PM,9:00 AM - 18:00 PM,9:00 AM - 18:00 PM,10:00 AM - 15:00 PM,Closed
Her Journey (Abuse Recovery Ministry & Services),Mental Health,,Los Angeles,CA,,,,503-846-9284,Open,"understand mental health, navigating the system, support network, spiritual support, virtual support, more education",,11:00 AM - 20:00 PM,11:00 AM - 20:00 PM,11:00 AM - 20:00 PM,11:00 AM - 20:00 PM,11:00 AM - 20:00 PM,Closed,Closed
NAMI HelpLine (National Alliance on Mental Illness (NAMI)),Mental Health,,Los Angeles,CA,,,,800-950-6264,Open,"understand mental health, navigating the system, help hotlines",,10:00 AM - 22:00 PM,10:00 AM - 22:00 PM,10:00 AM - 22:00 PM,10:00 AM - 22:00 PM,10:00 AM - 22:00 PM,Closed,Closed
Psychotherapy (A Home Within),Mental Health,,Los Angeles,CA,,,,,Open,"specialized therapy, mental health care",,11:00 AM - 19:30 PM,11:00 AM - 19:30 PM,11:00 AM - 19:30 PM,11:00 AM - 19:30 PM,11:00 AM - 19:30 PM,Closed,Closed
"Online Support Groups for those affected by the loss of an infant through stillbirth, miscarriage, or infant death (Star Legacy Foundation)",Mental Health,,Los Angeles,CA,,,,,Open,"bereavement, support groups, virtual support",,9:00 AM - 18:00 PM,9:00 AM - 18:00 PM,9:00 AM - 18:00 PM,9:00 AM - 18:00 PM,9:00 AM - 18:00 PM,Closed,Closed
Pregnancy Loss Support Group (Little Angel Network),Mental Health,,Los Angeles,CA,,,,,Open,"mental health care, community support services, exercise & fitness, support network, counseling, mentoring, one-on-one support, spiritual support, support groups, virtual support",,9:00 AM - 18:00 PM,9:00 AM - 18:00 PM,9:00 AM - 18:00 PM,9:00 AM - 18:00 PM,9:00 AM - 18:00 PM,Closed,Closed
Brightlife Kids program by Brightline (BrightLife Kids),Mental Health,,Los Angeles,CA,,,,,Open,"parenting education, understand mental health, one-on-one support, virtual support",,11:00 AM - 23:00 PM,11:00 AM - 23:00 PM,11:00 AM - 23:00 PM,11:00 AM - 23:00 PM,11:00 AM - 23:00 PM,Closed,Closed
Therapeutic Behavioral Service (TBS) (ChildNet Youth and Family Services),Mental Health,"4155 Outer Traffic Circle, Long Beach",Los Angeles,CA,90804,33.7891933,-118.1437365,562-490-7600,Open,,"daily life skills, parenting education, mental health care, psychiatric emergency services, adoption & foster care, post-adoption support, one-on-one support",11:00 AM - 20:00 PM,11:00 AM - 20:00 PM,11:00 AM - 20:00 PM,11:00 AM - 20:00 PM,11:00 AM - 20:00 PM,Closed,Closed
Wraparound Support Services (ChildNet Youth and Family Services),Mental Health,"4155 Outer Traffic Circle, Long Beach",Los Angeles,CA,90804,33.789171,-118.1436745,562-490-7600,Open,,"help find housing, parenting education, group therapy, family counseling, individual counseling, help find childcare, navigating the system, support network, one-on-one support",11:00 AM - 20:00 PM,11:00 AM - 20:00 PM,11:00 AM - 20:00 PM,11:00 AM - 20:00 PM,11:00 AM - 20:00 PM,Closed,Closed
Family Preservation Program (Boys & Girls Club of San Fernando Valley (BGCSFV)),Mental Health,11251 Glenoaks Boulevard,Los Angeles,CA,91331,34.2742217,-118.4132981,818-896-5261,Open,,"transportation, daily life skills, parenting education, checkup & test, counseling, group therapy, family counseling, individual counseling, navigating the system",18:00 PM - 22:45 PM,18:00 PM - 22:45 PM,18:00 PM - 22:45 PM,18:00 PM - 22:45 PM,17:00 PM - 21:45 PM,Closed,Closed
Behavioral Health and Case Management (Community Medical Wellness Center),Mental Health,"1360 East Anaheim Street, Long Beach",Los Angeles,CA,90813,33.7822374,-118.1742986,818-833-3066,Open,,"addiction & recovery, substance abuse counseling, mental health care, group therapy, individual counseling, mental health evaluation, case management",12:00 PM - 16:00 PM,12:00 PM - 16:00 PM,12:00 PM - 16:00 PM,12:00 PM - 16:00 PM,12:00 PM - 16:00 PM,Closed,Closed
"Center for the Assessment and Prevention of Prodromal States (CAPPS) (San Fernando Valley Community Mental Health Center, Inc.)",Mental Health,16360 Roscoe Boulevard,Los Angeles,CA,91406,34.2206894,-118.4891133,818-528-8887,Open,,"medication management, mental health care, mental health evaluation, navigating the system, one-on-one support, specialized therapy, medications for mental health, case management, more education",11:00 AM - 20:00 PM,11:00 AM - 20:00 PM,11:00 AM - 20:00 PM,11:00 AM - 20:00 PM,11:00 AM - 20:00 PM,Closed,Closed
"Childrens Full Service Partnership (CFSP) (San Fernando Valley Community Mental Health Center, Inc.)",Mental Health,16360 Roscoe Boulevard,Los Angeles,CA,91406,34.2206894,-118.4891133,818-908-4999,Open,,"psychiatric emergency services, mental health care, navigating the system, case management, one-on-one support",11:00 AM - 20:00 PM,11:00 AM - 20:00 PM,11:00 AM - 20:00 PM,11:00 AM - 20:00 PM,11:00 AM - 20:00 PM,Closed,Closed
"Cornerstone RRR (San Fernando Valley Community Mental Health Center, Inc.)",Mental Health,16360 Roscoe Boulevard,Los Angeles,CA,91406,34.2206894,-118.4891133,818-901-4836,Open,"temporary shelter, personal hygiene, medication management, counseling, substance abuse counseling, medications for mental health, navigating the system, support network, one-on-one support",,10:30 AM - 20:00 PM,10:30 AM - 20:00 PM,10:30 AM - 20:00 PM,10:30 AM - 20:00 PM,10:30 AM - 20:00 PM,Closed,Closed
"CalWORKS Mental Health Supportive Services (San Fernando Valley Community Mental Health Center, Inc.)",Mental Health,16360 Roscoe Boulevard,Los Angeles,CA,91406,34.2206894,-118.4891133,818-838-1352,Open,,"outpatient treatment, dental care, medical care, prevent & treat, community support services, recreation, more education, daily life skills, advocacy & legal aid",11:00 AM - 20:00 PM,11:00 AM - 20:00 PM,11:00 AM - 20:00 PM,11:00 AM - 20:00 PM,11:00 AM - 20:00 PM,Closed,Closed
"Victory Wellness Center Prevention & Intervention Services (San Fernando Valley Community Mental Health Center, Inc.)",Mental Health,16360 Roscoe Boulevard,Los Angeles,CA,91406,34.2206894,-118.4891133,818-989-7475,Open,,"medical care, mental health care, navigating the system, support network, one-on-one support, community support services, recreation, peer support, skills & training",11:30 AM - 20:00 PM,11:30 AM - 20:00 PM,11:30 AM - 20:00 PM,11:30 AM - 20:00 PM,11:30 AM - 20:00 PM,Closed,Closed
Long Beach Trauma Recovery Center (LBTRC) (California State University Long Beach),Mental Health,"1045 Atlantic Avenue, Long Beach",Los Angeles,CA,90813,33.7802724,-118.185324,562-491-7977,Open,"counseling, group therapy, family counseling, community support services, navigating the system, support network, one-on-one support, translation & interpretation",,11:30 AM - 20:30 PM,11:30 AM - 20:30 PM,11:30 AM - 20:30 PM,11:30 AM - 20:30 PM,11:30 AM - 20:30 PM,Closed,Closed
SKY Resilience Training (Project Welcome Home Troops),Mental Health,,Los Angeles,CA,,,,202-642-4248,Open,"health education, understand mental health",,Closed,Closed,21:30 PM - 00:00 AM,21:30 PM - 00:00 AM,21:30 PM - 00:00 AM,13:00 PM - 16:00 PM,13:00 PM - 16:00 PM
One-Day Virtual Family Program (Hazelden Betty Ford Foundation),Mental Health,,Los Angeles,CA,,,,,Open,"substance abuse counseling, health education, family counseling, support network, support groups, virtual support",,9:00 AM - 16:30 PM,9:00 AM - 16:30 PM,9:00 AM - 16:30 PM,9:00 AM - 16:30 PM,9:00 AM - 16:30 PM,Closed,Closed
Counseling Services (Adventures of the Heart & Mind (AHM)),Mental Health,,Los Angeles,CA,,,,951-541-1898,Open,,"counseling, group therapy, family counseling, individual counseling, virtual support",10:00 AM - 22:00 PM,10:00 AM - 22:00 PM,10:00 AM - 22:00 PM,10:00 AM - 22:00 PM,10:00 AM - 22:00 PM,Closed,Closed
Crisis Text Hotline (THRIVE Lifeline),Mental Health,,Los Angeles,CA,,,,313-662-8209,Open,"understand mental health, mental health care, psychiatric emergency services, help hotlines, one-on-one support, virtual support",,0:00 AM - 11:59 PM,0:00 AM - 11:59 PM,0:00 AM - 11:59 PM,0:00 AM - 11:59 PM,0:00 AM - 11:59 PM,0:00 AM - 11:59 PM,0:00 AM - 11:59 PM
OCD Therapy (NOCD),Mental Health,,Los Angeles,CA,,,,312-766-6780,Open,,"prevent & treat, specialized therapy, mental health care, counseling, mental health evaluation, understand mental health, one-on-one support, virtual support",12:00 PM - 22:30 PM,12:00 PM - 22:30 PM,12:00 PM - 22:30 PM,12:00 PM - 22:30 PM,12:00 PM - 22:30 PM,Closed,Closed
Mental Health Treatment (Headstrong),Mental Health,,Los Angeles,CA,,,,,Open,"counseling, individual counseling, virtual support",,11:00 AM - 20:00 PM,11:00 AM - 20:00 PM,11:00 AM - 20:00 PM,11:00 AM - 20:00 PM,11:00 AM - 20:00 PM,Closed,Closed
SB-38 Multiple Offender DUI Program (Council on Alcoholism and Drug Abuse (CADA)),Mental Health,,Los Angeles,CA,,,,805-722-1310,Open,,"substance abuse counseling, health education, support network, one-on-one support, support groups, case management",13:30 PM - 22:30 PM,13:30 PM - 22:30 PM,13:30 PM - 22:30 PM,13:30 PM - 22:30 PM,13:30 PM - 22:30 PM,Closed,Closed
Anger Management Group (Valley Women's Center (VWC)),Mental Health,22110 Roscoe Boulevard,Los Angeles,CA,91304,34.2193483,-118.6083507,818-713-8700,Open,,"specialized therapy, anger management, skills & training",17:00 PM - 20:30 PM,Closed,Closed,Closed,Closed,Closed,Closed
Counseling (Thomas House Family Shelter),Mental Health,,Los Angeles,CA,,,,714-554-0357107,Open,,counseling,11:00 AM - 20:00 PM,11:00 AM - 20:00 PM,11:00 AM - 20:00 PM,11:00 AM - 20:00 PM,11:00 AM - 20:00 PM,Closed,Closed
Mental Health Services - Outpatient Mental Health Program (David and Margaret Youth and Family Services),Mental Health,"1350 3rd Street, La Verne",Los Angeles,CA,91750,34.1024159,-117.7854785,909-596-59213500,Open,,"psychiatric emergency services, mental health evaluation, specialized therapy, mental health care, group therapy, navigating the system",11:00 AM - 20:00 PM,11:00 AM - 20:00 PM,11:00 AM - 20:00 PM,11:00 AM - 20:00 PM,11:00 AM - 20:00 PM,Closed,Closed
Youth Guidance Network (Youth Guidance Network),Mental Health,"1750 West Holt Avenue, Pomona",Los Angeles,CA,91768,34.0609389,-117.780007,800354-0315,Not specified,,"counseling, substance abuse counseling, navigating the system, one-on-one support",11:00 AM - 20:00 PM,11:00 AM - 20:00 PM,11:00 AM - 20:00 PM,11:00 AM - 20:00 PM,11:00 AM - 20:00 PM,Closed,Closed
Full-Service Partnership (FSP) Program (David and Margaret Youth and Family Services),Mental Health,"1350 3rd Street, La Verne",Los Angeles,CA,91750,34.1040614,-117.784562,909-596-59213510,Open,,"psychiatric emergency services, mental health care, family counseling, individual counseling, mental health evaluation, navigating the system, case management, support network, help hotlines, one-on-one support, skills assessment",11:00 AM - 20:00 PM,11:00 AM - 20:00 PM,11:00 AM - 20:00 PM,11:00 AM - 20:00 PM,11:00 AM - 20:00 PM,Closed,Closed
Family Support & Resource Center (The Pomona Unified School District),Mental Health,"605 North Park Avenue, Pomona",Los Angeles,CA,91768,34.0634858,-117.7550191,909623-9560,Open,"specialized therapy, family counseling, navigating the system, support network, one-on-one support",,11:00 AM - 19:30 PM,11:00 AM - 19:30 PM,11:00 AM - 19:30 PM,11:00 AM - 19:30 PM,11:00 AM - 19:30 PM,Closed,Closed
Field Capable Clinical Services (Tri-City Mental Health),Mental Health,"1403 N Garey Ave, Pomona",Los Angeles,CA,91767,34.0717736,-117.7526603,909-784-3045,Open,"counseling, mental health care, group therapy, individual counseling, navigating the system",,11:00 AM - 20:00 PM,11:00 AM - 20:00 PM,11:00 AM - 20:00 PM,11:00 AM - 20:00 PM,11:00 AM - 20:00 PM,Closed,Closed
Peer Mentor Program (Tri-City Mental Health),Mental Health,"1403 N Garey Ave, Pomona",Los Angeles,CA,91767,34.0717736,-117.7526603,909-623-6131,Open,"counseling, navigating the system, peer support",,11:00 AM - 20:00 PM,11:00 AM - 20:00 PM,11:00 AM - 20:00 PM,11:00 AM - 20:00 PM,11:00 AM - 20:00 PM,Closed,Closed
Caregiver Support Program (Santa Clarita Valley Senior Center),Mental Health,"22900 Market St, Santa Clarita",Los Angeles,CA,91321,34.3753933,-118.5294961,661-259-9444,Open,,"daily life skills, counseling, support groups, more education, skills & training",11:00 AM - 20:00 PM,11:00 AM - 20:00 PM,11:00 AM - 20:00 PM,11:00 AM - 20:00 PM,11:00 AM - 20:00 PM,Closed,Closed
Mental Health Services (Valley Community Counseling Clinic),Mental Health,,Los Angeles,CA,,,,818-763-2084,Open,,"parenting education, counseling, mental health care, family counseling, individual counseling",12:00 PM - 23:00 PM,12:00 PM - 23:00 PM,12:00 PM - 23:00 PM,12:00 PM - 23:00 PM,12:00 PM - 23:00 PM,12:00 PM - 20:00 PM,Closed
Spiritual Care And Guidance (Jewish Healing Center Of Los Angeles),Mental Health,10573 Pico Blvd,Los Angeles,CA,90064,34.0439975,-118.4214501,310-277-1550,Not specified,"bereavement, parenting education, counseling, substance abuse counseling, support network, home visiting, spiritual support",,11:00 AM - 20:00 PM,11:00 AM - 20:00 PM,11:00 AM - 20:00 PM,11:00 AM - 20:00 PM,11:00 AM - 20:00 PM,Closed,Closed
Mental Health Services (The Soldiers Project - Southern California),Mental Health,,Los Angeles,CA,,,,877-576-5343,Temporarily closed,"counseling, mental health care, outpatient treatment",,Closed,Closed,Closed,Closed,Closed,Closed,Closed
101 Enterprises Supportive Services (101 Enterprises Foundation),Mental Health,,Los Angeles,CA,,,,323-337-7279,Temporarily closed,"help pay for school, meals, safe housing, health education, prevent & treat, counseling, after school care, mentoring, skills & training, job placement",,Closed,Closed,Closed,Closed,Closed,Closed,Closed
Prevention Program (Family Service Agency of Burbank),Mental Health,"2721 Burbank Blvd, Burbank",Los Angeles,CA,91505,34.1779432,-118.3413426,818-845-7671,Not specified,"mental health care, more education",,12:00 PM - 00:00 AM,12:00 PM - 00:00 AM,12:00 PM - 00:00 AM,12:00 PM - 00:00 AM,12:00 PM - 00:00 AM,11:00 AM - 21:00 PM,Closed
Home-Based Services (Behavioral Health Works),Mental Health,,Los Angeles,CA,,,,800-249-1266,Open,,"outpatient treatment, daily life skills, speech therapy, specialized therapy, in-home support, mental health care, one-on-one support",12:00 PM - 20:00 PM,12:00 PM - 20:00 PM,12:00 PM - 20:00 PM,12:00 PM - 20:00 PM,12:00 PM - 20:00 PM,Closed,Closed
Family TeleConnections (TLC) (National Education Alliance for Borderline Personality Disorder (NEABPD)),Mental Health,,Los Angeles,CA,,,,,Open,"understand mental health, support groups, virtual support, more education",,8:00 AM - 17:00 PM,8:00 AM - 17:00 PM,8:00 AM - 17:00 PM,8:00 AM - 17:00 PM,8:00 AM - 17:00 PM,Closed,Closed
Helping Military Children Handle Loss Program (The Comfort Crew For Military Kids),Mental Health,,Los Angeles,CA,,,,,Open,"support network, bereavement",,9:00 AM - 18:00 PM,9:00 AM - 18:00 PM,9:00 AM - 18:00 PM,9:00 AM - 18:00 PM,9:00 AM - 18:00 PM,Closed,Closed
Hearing Dogs Certified for Public Access (The Sam Simon Foundation),Mental Health,,Los Angeles,CA,,,,,Open,support & service animals,,11:00 AM - 20:00 PM,11:00 AM - 20:00 PM,11:00 AM - 20:00 PM,11:00 AM - 20:00 PM,11:00 AM - 20:00 PM,Closed,Closed
Home Hearing Dogs (The Sam Simon Foundation),Mental Health,,Los Angeles,CA,,,,,Open,support & service animals,,11:00 AM - 20:00 PM,11:00 AM - 20:00 PM,11:00 AM - 20:00 PM,11:00 AM - 20:00 PM,11:00 AM - 20:00 PM,Closed,Closed
Outpatient Substance Use Disorder Treatment (SHIELDS for Families),Mental Health,,Los Angeles,CA,,,,323-242-5000,Open,,"addiction & recovery, outpatient treatment, drug testing, substance abuse counseling, health education, daily life skills, parenting education, counseling, mental health care, case management",11:00 AM - 20:00 PM,11:00 AM - 20:00 PM,11:00 AM - 20:00 PM,11:00 AM - 20:00 PM,11:00 AM - 20:00 PM,Closed,Closed
Divine Healthcare Services (Divine Healthcare Services Inc),Mental Health,"405 West Manchester Boulevard, Inglewood",Los Angeles,CA,90301,33.9619588,-118.3621286,310-672-3820,Open,,"addiction & recovery, outpatient treatment, counseling, substance abuse counseling, transportation for healthcare, childcare",12:00 PM - 23:00 PM,12:00 PM - 23:00 PM,12:00 PM - 23:00 PM,12:00 PM - 23:00 PM,12:00 PM - 23:00 PM,Closed,Closed
Work Activity Program (The Arc of Los Angeles and Orange Counties),Mental Health,"9555 Washburn Rd, Downey",Los Angeles,CA,90242,33.924601,-118.118323,562-803-1556,Open,"counseling, skills & training",,Closed,Closed,Closed,Closed,Closed,Closed,Closed
Bereavement Ministry (Greater Zion Church Family),Mental Health,"2408 North Wilmington Avenue, Compton",Los Angeles,CA,90222,33.9148791,-118.2386412,310-639-5535,Open,bereavement,,11:00 AM - 20:00 PM,11:00 AM - 20:00 PM,11:00 AM - 20:00 PM,11:00 AM - 20:00 PM,11:00 AM - 20:00 PM,Closed,Closed
"Telephonic or In-Home Counseling (Tender Luvin' Care (TLC) Medical Social Worker Agency, Inc.)",Mental Health,"400 Corporate Pointe, Culver City",Los Angeles,CA,90230,33.9885647,-118.3844059,888-852-6792,Open,,"mental health evaluation, counseling, navigating the system, one-on-one support",11:00 AM - 20:00 PM,11:00 AM - 20:00 PM,11:00 AM - 20:00 PM,11:00 AM - 20:00 PM,11:00 AM - 20:00 PM,Closed,Closed
Counseling Services (Colors LGBTQ Youth Counseling Center),Mental Health,"400 Corporate Pointe, Culver City",Los Angeles,CA,90230,33.9885647,-118.3844059,310-574-2813366,Open,"counseling, group therapy, family counseling, individual counseling",,12:00 PM - 20:00 PM,12:00 PM - 20:00 PM,12:00 PM - 20:00 PM,12:00 PM - 20:00 PM,12:00 PM - 20:00 PM,12:00 PM - 20:00 PM,12:00 PM - 20:00 PM
CalWORKs Domestic Violence Program (Foothill Family Service),Mental Health,"118 S Oak Knoll Ave, Pasadena",Los Angeles,CA,91101,34.1438134,-118.1348036,626993-3000,Not specified,"counseling, specialized therapy, family counseling, individual counseling, navigating the system, one-on-one support, support groups, representation",,11:00 AM - 23:00 PM,11:00 AM - 23:00 PM,11:00 AM - 23:00 PM,11:00 AM - 23:00 PM,11:00 AM - 20:00 PM,Closed,Closed
Therapeutic Behavioral Services (TBS) (Foothill Family Service),Mental Health,"118 South Oak Knoll Avenue, Pasadena",Los Angeles,CA,91101,34.1438213,-118.1348063,626-993-3000,Open,,"daily life skills, understand mental health, mental health care, one-on-one support",11:00 AM - 23:00 PM,11:00 AM - 23:00 PM,11:00 AM - 23:00 PM,11:00 AM - 23:00 PM,11:00 AM - 20:00 PM,Closed,Closed
Therapy (Rose City Center),Mental Health,"595 E Colorado Blvd, Pasadena",Los Angeles,CA,91101,34.1462045,-118.1380151,626-793-8609,Open,,"family counseling, individual counseling",11:00 AM - 20:00 PM,11:00 AM - 20:00 PM,11:00 AM - 20:00 PM,11:00 AM - 20:00 PM,11:00 AM - 20:00 PM,Closed,Closed
Mental Health Services for Children and Teens (Foothill Family Service),Mental Health,"897 Granite Drive, Pasadena",Los Angeles,CA,91101,34.1372877,-118.1317891,626-993-3000,Not specified,,"counseling, in-home support, mental health care, residential treatment, support groups",11:00 AM - 19:30 PM,11:00 AM - 19:30 PM,11:00 AM - 19:30 PM,11:00 AM - 19:30 PM,11:00 AM - 19:30 PM,Closed,Closed
Child Guidance Clinic (South Bay Children's Health Center (SBCHC)),Mental Health,"1617 Cravens Ave, Torrance",Los Angeles,CA,90501,33.8325854,-118.3159977,310-328-0855,Open,,"counseling, specialized therapy, mental health care, individual counseling, medications for mental health",11:00 AM - 23:00 PM,11:00 AM - 23:00 PM,11:00 AM - 23:00 PM,11:00 AM - 23:00 PM,Closed,Closed,Closed
Senior Wellness Forum (Mauj Masti Sehat) (Saahas For Cause),Mental Health,,Los Angeles,CA,,,,562-526-2508,Open,"understand mental health, more education, health education",,12:00 PM - 20:00 PM,12:00 PM - 20:00 PM,12:00 PM - 20:00 PM,12:00 PM - 20:00 PM,12:00 PM - 20:00 PM,Closed,Closed
Mental Health Services (Saahas For Cause),Mental Health,,Los Angeles,CA,,,,562-526-2508,Open,"mental health care, counseling, group therapy, family counseling, individual counseling, navigating the system, case management, more education",,12:00 PM - 20:00 PM,12:00 PM - 20:00 PM,12:00 PM - 20:00 PM,12:00 PM - 20:00 PM,12:00 PM - 20:00 PM,Closed,Closed
Applied Behavior Analysis (ABA) / Behavioral Therapy Center Based (360 Behavioral Health),Mental Health,"3750 Atlantic Avenue, Long Beach",Los Angeles,CA,90807,33.8259589,-118.1847415,833-227-3454,Open,,"specialized therapy, mental health care, individual counseling, mental health evaluation, one-on-one support",11:00 AM - 20:00 PM,11:00 AM - 20:00 PM,11:00 AM - 20:00 PM,11:00 AM - 20:00 PM,11:00 AM - 20:00 PM,Closed,Closed
CFGC Mental Health Services (Child and Family Guidance Center),Mental Health,6851 Lennox Avenue,Los Angeles,CA,91405,34.195569,-118.446138,818-993-9311,Open,"counseling, mental health care, group therapy",,11:30 AM - 23:00 PM,11:30 AM - 23:00 PM,11:30 AM - 23:00 PM,11:30 AM - 23:00 PM,11:30 AM - 20:00 PM,Closed,Closed
Behavioral Modification Programs (Beach Cities Mindfulness),Mental Health,"3655 Torrance Boulevard, Torrance",Los Angeles,CA,90503,33.8381801,-118.350645,424-254-9110,Open,,"anger management, individual counseling, outpatient treatment",11:00 AM - 20:00 PM,11:00 AM - 20:00 PM,11:00 AM - 20:00 PM,11:00 AM - 20:00 PM,11:00 AM - 20:00 PM,Closed,Closed
Therapy for Victims of Crime (Beach Cities Mindfulness),Mental Health,"3655 Torrance Boulevard, Torrance",Los Angeles,CA,90503,33.8381801,-118.350645,424-254-9110,Open,,"outpatient treatment, individual counseling",11:00 AM - 20:00 PM,11:00 AM - 20:00 PM,11:00 AM - 20:00 PM,11:00 AM - 20:00 PM,11:00 AM - 20:00 PM,Closed,Closed
Family Day Center (Family Promise of the South Bay),Mental Health,"2930 El Dorado St, Torrance",Los Angeles,CA,90503,33.8338069,-118.3395012,310-782-8196,Open,"personal hygiene, family counseling, individual counseling, credit counseling, navigating the system, help find work, advocacy & legal aid",,11:00 AM - 20:00 PM,11:00 AM - 20:00 PM,11:00 AM - 20:00 PM,11:00 AM - 20:00 PM,11:00 AM - 20:00 PM,Closed,Closed
Counseling Services (Community Psychological Services (CPS)),Mental Health,16055 Ventura Boulevard,Los Angeles,CA,91436,34.1568426,-118.4831692,818-907-7974,Open,,"mental health care, counseling, substance abuse counseling, family counseling, individual counseling, outpatient treatment, one-on-one support",12:00 PM - 20:00 PM,12:00 PM - 20:00 PM,12:00 PM - 20:00 PM,12:00 PM - 20:00 PM,12:00 PM - 20:00 PM,12:00 PM - 20:00 PM,Closed
Substance Use Prevention for Teens and Young Adults (Didi Hirsch Mental Health Services),Mental Health,,Los Angeles,CA,,,,888-807-7250,Open,"addiction & recovery, health education, daily life skills, family counseling, mentoring, one-on-one support",,11:30 AM - 20:00 PM,11:30 AM - 20:00 PM,11:30 AM - 20:00 PM,11:30 AM - 20:00 PM,11:30 AM - 20:00 PM,Closed,Closed
Addiction Services (New You Center Inc),Mental Health,1030 West Florence Avenue,Los Angeles,CA,90044,33.9742903,-118.2930644,323-750-7580,Open,,"outpatient treatment, counseling, anger management, substance abuse counseling, transportation for healthcare",12:00 PM - 22:00 PM,12:00 PM - 22:00 PM,12:00 PM - 22:00 PM,12:00 PM - 22:00 PM,12:00 PM - 22:00 PM,Closed,Closed
Mental Health Services (Well Coast Medical),Mental Health,6080 Center Drive,Los Angeles,CA,90045,33.9768046,-118.3915724,,Open,,"counseling, medications for mental health, mental health evaluation",11:30 AM - 20:00 PM,11:30 AM - 20:00 PM,11:30 AM - 20:00 PM,11:30 AM - 20:00 PM,11:30 AM - 20:00 PM,Closed,Closed
Multidisciplinary Assessment Team (MAT) (Counseling4Kids),Mental Health,"601 S Glenoaks Blvd, Burbank",Los Angeles,CA,91502,34.1791572,-118.3012998,818-441-7800,Open,"mental health evaluation, specialized therapy, navigating the system, support network, one-on-one support",,11:00 AM - 20:00 PM,11:00 AM - 20:00 PM,11:00 AM - 20:00 PM,11:00 AM - 20:00 PM,11:00 AM - 20:00 PM,Closed,Closed
Recuperative Care (JWCH Institute Inc.),Mental Health,"5600 Rickenbacker Road, Bell",Los Angeles,CA,90201,33.9888943,-118.1676615,866-733-5924,Open,"temporary shelter, medical care, residential treatment, meals, help find housing, transportation for healthcare, personal hygiene, navigating the system, case management",,11:00 AM - 20:00 PM,11:00 AM - 20:00 PM,11:00 AM - 20:00 PM,11:00 AM - 20:00 PM,11:00 AM - 20:00 PM,Closed,Closed
Behavioral Health Services (Airport Marina Counseling Service (AMCS)),Mental Health,7891 La Tijera Boulevard,Los Angeles,CA,90045,33.9653512,-118.385684,310-670-1410,Open,,"mental health care, counseling, group therapy, family counseling, individual counseling",11:00 AM - 20:00 PM,11:00 AM - 20:00 PM,11:00 AM - 20:00 PM,11:00 AM - 20:00 PM,11:00 AM - 20:00 PM,Closed,Closed
"Autism Medical + Developmental Clinic (Special Needs Network, Inc. (SNN))",Mental Health,4401 Crenshaw Blvd,Los Angeles,CA,90043,34.0031908,-118.3316888,323-291-7100,Not specified,"medical care, disability screening, specialized therapy, family counseling, support network",,11:00 AM - 20:00 PM,11:00 AM - 20:00 PM,11:00 AM - 20:00 PM,11:00 AM - 20:00 PM,11:00 AM - 20:00 PM,Closed,Closed
Intensive Outpatient Telehealth (College Hospital),Mental Health,"1933 West Valley Boulevard, Alhambra",Los Angeles,CA,91803,34.0775922,-118.1452633,626-284-5100,Open,,"medication management, mental health care, counseling, group therapy, individual counseling, medications for mental health, mental health evaluation, outpatient treatment, understand mental health, virtual support",11:00 AM - 20:00 PM,11:00 AM - 20:00 PM,11:00 AM - 20:00 PM,11:00 AM - 20:00 PM,11:00 AM - 20:00 PM,Closed,Closed
Mental Health Counseling (Relational Center),Mental Health,,Los Angeles,CA,,,,,Open,,"mental health care, counseling, individual counseling, support network",13:00 PM - 21:00 PM,13:00 PM - 21:00 PM,13:00 PM - 21:00 PM,13:00 PM - 21:00 PM,13:00 PM - 21:00 PM,Closed,Closed
Service Dogs for Veterans Program (Paws 4 Liberty),Mental Health,,Los Angeles,CA,,,,,Open,support & service animals,,8:00 AM - 17:00 PM,8:00 AM - 17:00 PM,8:00 AM - 17:00 PM,8:00 AM - 17:00 PM,8:00 AM - 17:00 PM,Closed,Closed
Support Group (Overeaters Anonymous - Inland Empire Intergroup),Mental Health,,Los Angeles,CA,,,,951-715-2080,Open,"group therapy, help hotlines, peer support",,10:00 AM - 19:00 PM,10:00 AM - 19:00 PM,10:00 AM - 19:00 PM,10:00 AM - 19:00 PM,10:00 AM - 19:00 PM,Closed,Closed
Online Support Groups (Still Mothers),Mental Health,,Los Angeles,CA,,,,,Open,"bereavement, support groups, virtual support",,0:00 AM - 11:59 PM,0:00 AM - 11:59 PM,0:00 AM - 11:59 PM,0:00 AM - 11:59 PM,0:00 AM - 11:59 PM,0:00 AM - 11:59 PM,0:00 AM - 11:59 PM
Guide Dog Partnership (Fidelco Guide Dog Foundation),Mental Health,,Los Angeles,CA,,,,860-243-4044,Open,support & service animals,,8:00 AM - 17:00 PM,8:00 AM - 17:00 PM,8:00 AM - 17:00 PM,8:00 AM - 17:00 PM,8:00 AM - 17:00 PM,Closed,Closed
"Guide and Service Dogs (Guide Dog Foundation for the Blind, Inc.)",Mental Health,,Los Angeles,CA,,,,,Open,support & service animals,,9:00 AM - 17:00 PM,9:00 AM - 17:00 PM,9:00 AM - 17:00 PM,9:00 AM - 17:00 PM,9:00 AM - 17:00 PM,Closed,Closed
Problem Gambling Helpline (The California Council on Problem Gambling (CCPG)),Mental Health,,Los Angeles,CA,,,,800-426-2537,Open,"addiction & recovery, counseling, navigating the system, help hotlines, support groups",,11:00 AM - 20:00 PM,11:00 AM - 20:00 PM,11:00 AM - 20:00 PM,11:00 AM - 20:00 PM,11:00 AM - 20:00 PM,Closed,Closed
Remaining Hopeful (National Coalition for Cancer Survivorship),Mental Health,,Los Angeles,CA,,,,,Not specified,"counseling, navigating the system, support network",,8:00 AM - 17:00 PM,8:00 AM - 17:00 PM,8:00 AM - 17:00 PM,8:00 AM - 17:00 PM,8:00 AM - 17:00 PM,Closed,Closed
Mayflower Gardens Convalescent Hospital (MGCH) (Mayflower Gardens Convalescent Hospital (MGCH)),Mental Health,"6705 Columbia Way, Lancaster",Los Angeles,CA,93536,34.6459805,-118.2495102,661-943-3212,Open,,"medical care, skilled nursing, prevent & treat, physical therapy, occupational therapy, specialized therapy, hospital treatment",11:00 AM - 20:00 PM,11:00 AM - 20:00 PM,11:00 AM - 20:00 PM,11:00 AM - 20:00 PM,11:00 AM - 20:00 PM,Closed,Closed
"Substance Abuse Outpatient Services (People Coordinated Services of Southern California, Inc.)",Mental Health,3021 Vermont Ave,Los Angeles,CA,90007,34.027189,-118.291877,323732-9124,Open,,"outpatient treatment, counseling, substance abuse counseling",11:00 AM - 20:00 PM,11:00 AM - 20:00 PM,11:00 AM - 20:00 PM,11:00 AM - 20:00 PM,11:00 AM - 20:00 PM,Closed,Closed
Positive Parenting Program (Triple P) (Wellnest),Mental Health,3787 South Vermont Avenue,Los Angeles,CA,90007,34.0171371,-118.2918992,323-766-2345,Open,"parenting education, early childhood intervention, mental health care, support network",,12:00 PM - 15:00 PM,12:00 PM - 20:00 PM,12:00 PM - 20:00 PM,12:00 PM - 20:00 PM,12:00 PM - 15:00 PM,Closed,Closed
Day Treatment Intensive (Wellnest),Mental Health,3787 South Vermont Avenue,Los Angeles,CA,90007,34.0171371,-118.2918992,323-373-2400,Open,,"early childhood intervention, family counseling, recreation, daytime care, navigating the system, support network, support groups",11:00 AM - 20:00 PM,11:00 AM - 20:00 PM,11:00 AM - 20:00 PM,11:00 AM - 20:00 PM,11:00 AM - 20:00 PM,Closed,Closed
Family Home Agency (FHA) (California MENTOR),Mental Health,3303 Wilshire Boulevard,Los Angeles,CA,90010,34.0625592,-118.2943194,626-607-0202,Open,,"daily life skills, in-home support, mental health care, navigating the system",11:00 AM - 20:00 PM,11:00 AM - 20:00 PM,11:00 AM - 20:00 PM,11:00 AM - 20:00 PM,11:00 AM - 20:00 PM,Closed,Closed
School Health Program (Queenscare Health and Faith Partnership),Mental Health,3763 E. 4th St.,Los Angeles,CA,90063,34.0324857,-118.1870058,323644-6180,Not specified,"health education, medical care, checkup & test, counseling, support network",,11:00 AM - 20:00 PM,11:00 AM - 20:00 PM,11:00 AM - 20:00 PM,11:00 AM - 20:00 PM,11:00 AM - 20:00 PM,Closed,Closed
Counseling Services (Soledad Enrichment Action (SEA)),Mental Health,222 North Virgil Avenue,Los Angeles,CA,90004,34.0756285,-118.2865098,213-308-1994,Open,"anger management, family counseling, individual counseling, navigating the system, one-on-one support",,11:00 AM - 20:00 PM,11:00 AM - 20:00 PM,11:00 AM - 20:00 PM,11:00 AM - 20:00 PM,11:00 AM - 20:00 PM,Closed,Closed
Family Caregiver Support Program (FCSP) (USC Davis School of Gerontology),Mental Health,,Los Angeles,CA,,,,855-872-6060,Open,,"health education, understand disability, counseling, understand government programs, relief for caregivers, navigating the system, support groups",11:30 AM - 20:00 PM,11:30 AM - 20:00 PM,11:30 AM - 20:00 PM,11:30 AM - 20:00 PM,11:30 AM - 20:00 PM,Closed,Closed
Behavioral Health-Individual Therapy (East Valley Community Health Center),Mental Health,"4368 Santa Anita Avenue, El Monte",Los Angeles,CA,91731,34.0853655,-118.0293332,626-919-43332337,Open,"individual counseling, counseling, medications for mental health, mental health evaluation",,12:00 PM - 20:00 PM,16:00 PM - 22:00 PM,12:00 PM - 20:00 PM,16:00 PM - 22:00 PM,12:00 PM - 20:00 PM,Closed,Closed
Melanin Magic (The Urban Women's Coalition (UWC)),Mental Health,"1001 North Martel Avenue, West Hollywood",Los Angeles,CA,90046,34.0888045,-118.3516052,650-336-8471,Open,"mental health care, peer support, support groups",,11:00 AM - 20:00 PM,11:00 AM - 20:00 PM,11:00 AM - 20:00 PM,11:00 AM - 20:00 PM,11:00 AM - 20:00 PM,Closed,Closed
Behavioral Health (South Central Family Health Center (SCFHC)),Mental Health,4425 South Central Avenue,Los Angeles,CA,90011,34.003116,-118.2567737,323-908-4200,Open,,"mental health care, group therapy, family counseling, individual counseling, one-on-one support, daily life skills, understand mental health, navigating the system",10:00 AM - 21:00 PM,10:00 AM - 21:00 PM,10:00 AM - 21:00 PM,10:00 AM - 21:00 PM,10:00 AM - 21:00 PM,10:00 AM - 21:00 PM,Closed
Family Preservation (FPP) (Search to Involve Pilipino Americans (SIPA)),Mental Health,,Los Angeles,CA,,,,,Open,"parenting education, counseling, in-home support, family counseling, case management, mentoring, daily life skills",,13:00 PM - 20:00 PM,13:00 PM - 20:00 PM,13:00 PM - 20:00 PM,13:00 PM - 20:00 PM,13:00 PM - 20:00 PM,Closed,Closed
Adult Outpatient Mental Health Services (Didi Hirsch Mental Health Services),Mental Health,"1540 East Colorado Street, Glendale",Los Angeles,CA,91205,34.1422784,-118.2300479,888-807-7250,Open,"mental health care, group therapy, substance abuse counseling, individual counseling, medications for mental health, outpatient treatment, one-on-one support, help find work",,11:30 AM - 20:00 PM,11:30 AM - 20:00 PM,11:30 AM - 20:00 PM,11:30 AM - 20:00 PM,11:30 AM - 20:00 PM,Closed,Closed
Armunity (Didi Hirsch Mental Health Services),Mental Health,"1540 East Colorado Street, Glendale",Los Angeles,CA,91205,34.1423053,-118.2300434,888-807-7250,Open,"addiction & recovery, substance abuse counseling, health education, counseling, help find healthcare, mental health care, group therapy, individual counseling, one-on-one support, support groups, navigating the system",,11:30 AM - 23:00 PM,11:30 AM - 23:00 PM,11:30 AM - 23:00 PM,11:30 AM - 23:00 PM,11:30 AM - 20:00 PM,Closed,Closed
Intensive Mental Health Services for Adults (Didi Hirsch Mental Health Services),Mental Health,"1540 East Colorado Street, Glendale",Los Angeles,CA,91205,34.1423053,-118.2300434,888-807-7250,Open,"counseling, in-home support, mental health care, medications for mental health, outpatient treatment, one-on-one support, navigating the system, help find housing, help find work",,11:30 AM - 23:00 PM,11:30 AM - 23:00 PM,11:30 AM - 23:00 PM,11:30 AM - 23:00 PM,11:30 AM - 20:00 PM,Closed,Closed
Geriatric Evaluation Networks Encompassing Services Intervention Support Programs (GENESIS) (Los Angeles County Department of Mental Health),Mental Health,,Los Angeles,CA,,,,800-854-7771,Open,,"health education, nutrition education, medication management, help find healthcare, mental health care, mental health evaluation, navigating the system, support network, help hotlines, one-on-one support",0:00 AM - 11:59 PM,0:00 AM - 11:59 PM,0:00 AM - 11:59 PM,0:00 AM - 11:59 PM,0:00 AM - 11:59 PM,0:00 AM - 11:59 PM,0:00 AM - 11:59 PM
Transition Age Youth (TAY) Full Service Partnership (FSP) (Los Angeles County Department of Mental Health),Mental Health,,Los Angeles,CA,,,,800-854-7771,Open,"help find housing, transportation for healthcare, addiction & recovery, medical care, counseling, medications for mental health, financial education, navigating the system, one-on-one support, more education, help find work",,0:00 AM - 11:59 PM,0:00 AM - 11:59 PM,0:00 AM - 11:59 PM,0:00 AM - 11:59 PM,0:00 AM - 11:59 PM,0:00 AM - 11:59 PM,0:00 AM - 11:59 PM
ACCESS Hotline (Los Angeles County Department of Mental Health),Mental Health,,Los Angeles,CA,,,,800-854-7771,Open,"help find healthcare, mental health care, mental health evaluation, navigating the system, help hotlines, one-on-one support",,11:00 AM - 20:30 PM,11:00 AM - 20:30 PM,11:00 AM - 20:30 PM,11:00 AM - 20:30 PM,11:00 AM - 20:30 PM,Closed,Closed
Children's Full Service Partnership (FSP) (Los Angeles County Department of Mental Health),Mental Health,550 South Vermont Avenue,Los Angeles,CA,90020,34.0643145,-118.2914425,818-610-6737,Open,,"help find housing, transportation for healthcare, substance abuse counseling, in-home support, mental health care, family counseling, individual counseling, understand government programs, one-on-one support, peer support, navigating the system, translation & interpretation",Closed,Closed,Closed,Closed,Closed,Closed,Closed
The Center for Transyouth Health and Development (CTYHD) (Children's Hospital Los Angeles (CHLA)),Mental Health,3250 Wilshire Boulevard,Los Angeles,CA,90010,34.061086,-118.2933151,323-361-2153,Open,,"sex education, medical care, counseling, hiv treatment, sexual and reproductive health, std/sti treatment & prevention, navigating the system, case management, support network, peer support",11:00 AM - 20:00 PM,11:00 AM - 20:00 PM,11:00 AM - 20:00 PM,11:00 AM - 20:00 PM,11:00 AM - 20:00 PM,Closed,Closed
"""Men at Work Life Skills Support (Ella's Foundation)",Mental Health,3006 South Vermont Avenue,Los Angeles,CA,90007,34.0271931,-118.2913296,323-761-6415,Not specified,"daily life skills, counseling, support network, one-on-one support, peer support, support groups",,11:00 AM - 20:00 PM,11:00 AM - 20:00 PM,11:00 AM - 20:00 PM,11:00 AM - 20:00 PM,11:00 AM - 20:00 PM,Closed,Closed
Achieving Change Together / Partnerships For Families (ACT/PFF) (SHIELDS for Families),Mental Health,9624 Compton Avenue,Los Angeles,CA,90002,33.9482629,-118.2460149,323-568-2055,Temporarily closed,"emergency payments, parenting education, mental health evaluation, navigating the system, one-on-one support, more education, skills & training, help find childcare, help find housing",,Closed,Closed,Closed,Closed,Closed,Closed,Closed
Peer Support and Counseling (Southern California Resource Services for Independent Living (SCRS-IL)),Mental Health,"7830 Quill Drive, Downey",Los Angeles,CA,90242,33.9285417,-118.1533718,562-862-6531,Open,,"counseling, support network, one-on-one support, peer support, support groups",11:30 AM - 20:00 PM,11:30 AM - 20:00 PM,11:30 AM - 20:00 PM,11:30 AM - 20:00 PM,11:30 AM - 20:00 PM,Closed,Closed
Fee for Service Program (Heritage Clinic),Mental Health,"447 North El Molino Avenue, Pasadena",Los Angeles,CA,91101,34.1536282,-118.1372917,626-577-84800,Open,,"family counseling, individual counseling",11:30 AM - 20:00 PM,11:30 AM - 20:00 PM,11:30 AM - 20:00 PM,11:30 AM - 20:00 PM,11:30 AM - 20:00 PM,Closed,Closed
Behavioral Health Services (Venice Family Clinic),Mental Health,"4401 Elenda Street, Culver City",Los Angeles,CA,90230,34.0075112,-118.4025269,310-392-8636,Open,,"substance abuse counseling, counseling, outpatient treatment, mental health care, group therapy, family counseling, individual counseling, medications for mental health",11:00 AM - 19:30 PM,11:00 AM - 19:30 PM,11:00 AM - 16:00 PM,11:00 AM - 19:30 PM,11:00 AM - 16:00 PM,Closed,Closed
Family Practice (Comprehensive Community Health Centers (CCHC)),Mental Health,5059 York Boulevard,Los Angeles,CA,90042,34.1213274,-118.2048944,323-344-4144,Open,,"substance abuse counseling, mental health care, individual counseling, navigating the system",11:00 AM - 20:00 PM,11:00 AM - 20:00 PM,11:00 AM - 20:00 PM,11:00 AM - 20:00 PM,11:00 AM - 20:00 PM,Closed,Closed
Hi Daddy Youth Foundation (Hi Daddy Youth Foundation),Mental Health,"468 N Camden Dr, Beverly Hills",Los Angeles,CA,90210,34.0699175,-118.4048665,310-734-6992,Open,,"exercise & fitness, counseling, recreation, navigating the system, one-on-one support, more education, alternative education, skills & training, computer class",11:00 AM - 20:00 PM,11:00 AM - 20:00 PM,11:00 AM - 20:00 PM,11:00 AM - 20:00 PM,11:00 AM - 20:00 PM,Closed,Closed
"Substance Abuse Outpatient Program (MELA Counseling Services Center, Inc.)",Mental Health,"5723 Whittier Boulevard, East Los Angeles",Los Angeles,CA,90022,34.0186599,-118.147486,323721-6855,Open,,"addiction & recovery, outpatient treatment, substance abuse counseling",11:30 AM - 00:00 AM,11:30 AM - 22:00 PM,11:30 AM - 00:00 AM,11:30 AM - 22:00 PM,11:30 AM - 22:00 PM,12:00 PM - 20:00 PM,Closed
Family Housing (The Whole Child),Mental Health,"8630 Florence Avenue, Downey",Los Angeles,CA,90240,33.9480511,-118.1189412,562-204-0640,Open,"help find housing, long-term housing, daily life skills, mental health care, financial education, one-on-one support, skills & training, help find work, job placement",,11:00 AM - 22:00 PM,11:00 AM - 22:00 PM,11:00 AM - 22:00 PM,11:00 AM - 22:00 PM,11:00 AM - 20:00 PM,Closed,Closed
Client Engagement and Navigation Services (CENS) (Didi Hirsch Mental Health Services),Mental Health,,Los Angeles,CA,,,,888-807-7250,Open,"substance abuse counseling, counseling, navigating the system, one-on-one support",,11:00 AM - 20:00 PM,11:00 AM - 20:00 PM,11:00 AM - 20:00 PM,11:00 AM - 20:00 PM,11:00 AM - 20:00 PM,Closed,Closed
GI Rights Hotline (GI Rights Network),Mental Health,,Los Angeles,CA,,,,877-447-4487,Open,"government benefits, understand government programs, support network, counseling, help hotlines, one-on-one support, advocacy & legal aid",,0:00 AM - 11:59 PM,0:00 AM - 11:59 PM,0:00 AM - 11:59 PM,0:00 AM - 11:59 PM,0:00 AM - 11:59 PM,0:00 AM - 11:59 PM,0:00 AM - 11:59 PM
Peer-to-Peer Support Network (Mommy Interrupted),Mental Health,,Los Angeles,CA,,,,,Open,"bereavement, support network, peer support",,9:00 AM - 18:00 PM,9:00 AM - 18:00 PM,9:00 AM - 18:00 PM,9:00 AM - 18:00 PM,9:00 AM - 18:00 PM,Closed,Closed
Guide Dog Program (Guide Dogs of the Desert),Mental Health,,Los Angeles,CA,,,,,Open,support & service animals,,11:00 AM - 19:30 PM,11:00 AM - 19:30 PM,11:00 AM - 19:30 PM,11:00 AM - 19:30 PM,11:00 AM - 19:30 PM,Closed,Closed
Moving Forward (Department of Veterans Affairs (VA) Health Administration - Veteran Training),Mental Health,,Los Angeles,CA,,,,,Open,"mental health care, virtual support",,0:00 AM - 11:59 PM,0:00 AM - 11:59 PM,0:00 AM - 11:59 PM,0:00 AM - 11:59 PM,0:00 AM - 11:59 PM,0:00 AM - 11:59 PM,0:00 AM - 11:59 PM
Grief Counseling Program (First Candle),Mental Health,,Los Angeles,CA,,,,800-221-7437,Open,"mental health care, bereavement, individual counseling",,0:00 AM - 11:59 PM,0:00 AM - 11:59 PM,0:00 AM - 11:59 PM,0:00 AM - 11:59 PM,0:00 AM - 11:59 PM,0:00 AM - 11:59 PM,0:00 AM - 11:59 PM
Dog Tags: Service Dogs for Those Who've Served Us (Puppies Behind Bars),Mental Health,,Los Angeles,CA,,,,,Open,support & service animals,,8:00 AM - 17:00 PM,8:00 AM - 17:00 PM,8:00 AM - 17:00 PM,8:00 AM - 17:00 PM,8:00 AM - 17:00 PM,Closed,Closed
Support Groups (GriefShare),Mental Health,,Los Angeles,CA,,,,,Open,,"bereavement, support groups, virtual support",9:00 AM - 17:00 PM,9:00 AM - 17:00 PM,9:00 AM - 17:00 PM,9:00 AM - 17:00 PM,9:00 AM - 17:00 PM,Closed,Closed
Hope Circle (FirstServe Community Services of South Bay),Mental Health,"1725 Flower Avenue, Torrance",Los Angeles,CA,90503,33.8304289,-118.3383822,310-320-3818,Open,"bereavement, support groups",,Closed,Closed,Closed,21:30 PM - 22:00 PM,Closed,Closed,Closed
Diabetes & Endocrine Services (Diabetes & Endocrine Specialists Inc),Mental Health,16311 Ventura Boulevard,Los Angeles,CA,91436,34.1573227,-118.4884038,818-918-2008,Open,,"medical care, checkup & test, disease screening, prevent & treat, outpatient treatment",11:00 AM - 20:00 PM,11:00 AM - 20:00 PM,11:00 AM - 20:00 PM,11:00 AM - 20:00 PM,11:00 AM - 20:00 PM,Closed,Closed
Substance Abuse Groups (California Mental Health Connection),Mental Health,"14305 Morgan Street, Baldwin Park",Los Angeles,CA,91706,34.0880333,-117.9625604,626-430-6197,Open,"addiction & recovery, 12-step, counseling, substance abuse counseling, individual counseling, one-on-one support",,11:00 AM - 20:00 PM,11:00 AM - 20:00 PM,11:00 AM - 20:00 PM,11:00 AM - 20:00 PM,11:00 AM - 20:00 PM,Closed,Closed
Domestic Violence Supportive Services (California Mental Health Connection),Mental Health,"14305 Morgan Street, Baldwin Park",Los Angeles,CA,91706,34.0880333,-117.9625604,626-430-6197,Open,"counseling, group therapy, individual counseling, one-on-one support, advocacy & legal aid",,11:00 AM - 20:00 PM,11:00 AM - 20:00 PM,11:00 AM - 20:00 PM,11:00 AM - 20:00 PM,11:00 AM - 20:00 PM,Closed,Closed
Victims of Crimes Supportive Services (California Mental Health Connection),Mental Health,"14305 Morgan Street, Baldwin Park",Los Angeles,CA,91706,34.0880333,-117.9625604,626-430-6197,Open,"mental health care, counseling, individual counseling, one-on-one support, financial assistance, understand government programs",,11:00 AM - 20:00 PM,11:00 AM - 20:00 PM,11:00 AM - 20:00 PM,11:00 AM - 20:00 PM,11:00 AM - 20:00 PM,Closed,Closed
Veterans Behavioral Health Services (California Mental Health Connection),Mental Health,"14305 Morgan Street, Baldwin Park",Los Angeles,CA,91706,34.0880333,-117.9625604,626-430-6197,Open,"mental health care, counseling, family counseling, individual counseling, one-on-one support",,11:00 AM - 20:00 PM,11:00 AM - 20:00 PM,11:00 AM - 20:00 PM,11:00 AM - 20:00 PM,11:00 AM - 20:00 PM,Closed,Closed
Senior Outreach Program (Providence Health and Services Community Health),Mental Health,,Los Angeles,CA,,,,818-847-3873,Open,"transportation, transportation for healthcare, individual counseling, navigating the system, case management, one-on-one support",,11:00 AM - 20:00 PM,11:00 AM - 20:00 PM,11:00 AM - 20:00 PM,11:00 AM - 20:00 PM,11:00 AM - 20:00 PM,Closed,Closed
Helford Clinical Research Hospital (inpatient) (City of Hope),Mental Health,"1500 East Duarte Road, Duarte",Los Angeles,CA,91010,34.1307886,-117.9722592,626-256-4673,Open,,"health education, disease management, medical care, checkup & test, disease screening, prevent & treat, counseling, specialized therapy, hospital treatment, support network",11:00 AM - 23:00 PM,11:00 AM - 23:00 PM,11:00 AM - 23:00 PM,11:00 AM - 23:00 PM,11:00 AM - 23:00 PM,11:00 AM - 23:00 PM,11:00 AM - 23:00 PM
The Women's Center (City of Hope),Mental Health,"1500 East Duarte Road, Duarte",Los Angeles,CA,91010,34.1307886,-117.9722592,800-934-5555,Open,,"outpatient treatment, health education, disease management, medical care, checkup & test, disease screening, prevent & treat, specialized therapy, hospital treatment, medical supplies, prostheses",11:00 AM - 23:00 PM,11:00 AM - 23:00 PM,11:00 AM - 23:00 PM,11:00 AM - 23:00 PM,11:00 AM - 23:00 PM,11:00 AM - 23:00 PM,11:00 AM - 23:00 PM
Geri and Richard Brawerman Center for Ambulatory Care (Outpatient) (City of Hope),Mental Health,"1500 East Duarte Road, Duarte",Los Angeles,CA,91010,34.1307886,-117.9722592,626-256-4673,Open,,"outpatient treatment, health education, disease management, medical care, checkup & test, disease screening, prevent & treat, specialized therapy, hospital treatment",11:00 AM - 23:00 PM,11:00 AM - 23:00 PM,11:00 AM - 23:00 PM,11:00 AM - 23:00 PM,11:00 AM - 23:00 PM,11:00 AM - 23:00 PM,11:00 AM - 23:00 PM
BPD Resource & Referral Center (Treatment and Research Advancements for Borderline Personality Disorder (TARA4BPD)),Mental Health,,Los Angeles,CA,,,,888-482-7227,Open,"understand mental health, navigating the system, help hotlines",,12:00 PM - 17:00 PM,12:00 PM - 17:00 PM,12:00 PM - 17:00 PM,12:00 PM - 17:00 PM,12:00 PM - 17:00 PM,Closed,Closed
Therapeutic Interventions (Hope for the Warriors),Mental Health,,Los Angeles,CA,,,,,Open,"help find healthcare, mental health evaluation, navigating the system",,8:00 AM - 17:00 PM,8:00 AM - 17:00 PM,8:00 AM - 17:00 PM,8:00 AM - 17:00 PM,8:00 AM - 17:00 PM,Closed,Closed
School Screening (Kids Community Clinic Of Burbank),Mental Health,"400 W Elmwood Ave, Burbank",Los Angeles,CA,91506,34.1666087,-118.3114045,818-841-8010,Not specified,"dental care, health education, understand mental health",,11:00 AM - 20:00 PM,11:00 AM - 20:00 PM,11:00 AM - 20:00 PM,11:00 AM - 20:00 PM,11:00 AM - 20:00 PM,Closed,Closed
Residential Detox (Casa),Mental Health,"160 North El Molino Avenue, Pasadena",Los Angeles,CA,91101,34.1487732,-118.1367094,855-954-2272,Not specified,,"detox, residential treatment",11:00 AM - 20:00 PM,11:00 AM - 20:00 PM,11:00 AM - 20:00 PM,11:00 AM - 20:00 PM,11:00 AM - 20:00 PM,Closed,Closed
Residential Treatment (Casa),Mental Health,"160 North El Molino Avenue, Pasadena",Los Angeles,CA,91101,34.1487732,-118.1367094,855-954-2272,Not specified,,"sober living, addiction & recovery, residential treatment, substance abuse counseling, health education, daily life skills, exercise & fitness",11:00 AM - 20:00 PM,11:00 AM - 20:00 PM,11:00 AM - 20:00 PM,11:00 AM - 20:00 PM,11:00 AM - 20:00 PM,Closed,Closed
Outpatient Services - Outpatient Program (Casa),Mental Health,"160 North El Molino Avenue, Pasadena",Los Angeles,CA,91101,34.1487732,-118.1367094,855-954-2272,Not specified,,"outpatient treatment, group therapy, substance abuse counseling, family counseling, individual counseling",11:00 AM - 20:00 PM,11:00 AM - 20:00 PM,11:00 AM - 20:00 PM,11:00 AM - 20:00 PM,11:00 AM - 20:00 PM,Closed,Closed
"Adolescent Program - Youth Program (Southern California Alcohol and Drug Programs, Inc. (SCADP))",Mental Health,"11500 Paramount Blvd, Downey",Los Angeles,CA,90241,33.9401678,-118.1394728,562-862-9766,Not specified,,"addiction & recovery, counseling, substance abuse counseling, one-on-one support, support groups, after school care",11:00 AM - 20:00 PM,11:00 AM - 20:00 PM,11:00 AM - 20:00 PM,11:00 AM - 20:00 PM,11:00 AM - 20:00 PM,Closed,Closed
The Center for Hope and Healing (The Center for Hope and Healing),Mental Health,3685 Motor Avenue,Los Angeles,CA,90034,34.0226822,-118.4060919,800-632-4194,Not specified,,"counseling, specialized therapy, family counseling, individual counseling, navigating the system, support network",11:00 AM - 20:00 PM,11:00 AM - 20:00 PM,11:00 AM - 20:00 PM,11:00 AM - 20:00 PM,11:00 AM - 20:00 PM,Closed,Closed
Residential Treatment Program (Vista Village),Mental Health,3200 Motor Ave,Los Angeles,CA,90034,34.0314722,-118.4104764,310-836-1223,Not specified,,residential treatment,11:00 AM - 20:00 PM,11:00 AM - 20:00 PM,11:00 AM - 20:00 PM,11:00 AM - 20:00 PM,11:00 AM - 20:00 PM,Closed,Closed
Youth Leadership information & referrals (Moneta Gardens Improvement (MGI)),Mental Health,"11802 York Avenue, Hawthorne",Los Angeles,CA,90250,33.9271283,-118.3447978,310-978-4357,Not specified,,"daily life skills, counseling, navigating the system, support network, one-on-one support, skills & training",11:00 AM - 20:00 PM,11:00 AM - 20:00 PM,11:00 AM - 20:00 PM,11:00 AM - 20:00 PM,11:00 AM - 20:00 PM,Closed,Closed
Mental Health Services (Counseling Services),Mental Health,"5800 Hannum Avenue, Culver City",Los Angeles,CA,90230,33.9868547,-118.3856832,310-410-9504,Open,,"mental health care, group therapy, individual counseling, mental health evaluation",11:00 AM - 20:00 PM,11:00 AM - 20:00 PM,11:00 AM - 20:00 PM,11:00 AM - 20:00 PM,11:00 AM - 20:00 PM,Closed,Closed
Sexual Assualt Survivor Counseling (Project Sister Family Services),Mental Health,"363 South Park Avenue, Pomona",Los Angeles,CA,91766,34.0560895,-117.754792,909-623-1619,Open,"counseling, group therapy, family counseling, group therapy, family counseling, individual counseling",,11:00 AM - 20:00 PM,11:00 AM - 20:00 PM,11:00 AM - 20:00 PM,11:00 AM - 20:00 PM,11:00 AM - 20:00 PM,Closed,Closed
Classes and Groups (Richstone Family Center),Mental Health,,Los Angeles,CA,,,,,Open,,"parenting education, anger management, support groups",11:00 AM - 20:00 PM,11:00 AM - 20:00 PM,11:00 AM - 20:00 PM,11:00 AM - 20:00 PM,11:00 AM - 20:00 PM,Closed,Closed
"Transitional - Awakenings Village Apartments (Southern California Alcohol and Drug Programs, Inc. (SCADP))",Mental Health,,Los Angeles,CA,,,,562-949-5358,Open,,"residential housing, long-term housing, short-term housing, sober living, addiction & recovery, residential treatment, help find housing, group therapy, individual counseling, childcare, navigating the system, case management, skills & training",11:00 AM - 20:00 PM,11:00 AM - 20:00 PM,11:00 AM - 20:00 PM,11:00 AM - 20:00 PM,11:00 AM - 20:00 PM,Closed,Closed
Residential Treatment Services (Hillsides),Mental Health,,Los Angeles,CA,,,,323254-2274,Not specified,,residential treatment,11:00 AM - 20:00 PM,11:00 AM - 20:00 PM,11:00 AM - 20:00 PM,11:00 AM - 20:00 PM,11:00 AM - 20:00 PM,Closed,Closed
School-Based Services (Hillsides),Mental Health,"940 Avenue 64, Pasadena",Los Angeles,CA,91105,34.1244844,-118.1758621,323-254-2274410,Not specified,,"counseling, mental health care",11:00 AM - 20:00 PM,11:00 AM - 20:00 PM,11:00 AM - 20:00 PM,11:00 AM - 20:00 PM,11:00 AM - 20:00 PM,Closed,Closed
"Residential Treatment - La Casita (Southern California Alcohol and Drug Programs, Inc. (SCADP))",Mental Health,"10603 Downey Avenue, Downey",Los Angeles,CA,90241,33.9462884,-118.1298053,562-622-2268,Open,,"addiction & recovery, residential treatment, substance abuse counseling, family counseling, daily life skills, parenting education, substance abuse counseling",11:00 AM - 20:00 PM,11:00 AM - 20:00 PM,11:00 AM - 20:00 PM,11:00 AM - 20:00 PM,11:00 AM - 20:00 PM,Closed,Closed
Intensive Outpatient Treatment (Sovereign Health Group),Mental Health,"6167 Bristol Parkway, Culver City",Los Angeles,CA,90230,33.9849916,-118.390842,866-698-4295,Open,,"addiction & recovery, health education, understand mental health, medical care, prevent & treat, outpatient treatment, medication management, mental health care, mental health evaluation, mental health care, counseling, group therapy, family counseling, individual counseling",11:00 AM - 20:00 PM,11:00 AM - 20:00 PM,11:00 AM - 20:00 PM,11:00 AM - 20:00 PM,11:00 AM - 20:00 PM,Closed,Closed
Mental Health Services (Shane Bruce Mental Health & Coaching),Mental Health,"9735 Wilshire Boulevard, Beverly Hills",Los Angeles,CA,90212,34.0672413,-118.4073207,323-285-0180,Open,,"mental health care, individual counseling",12:00 PM - 00:00 AM,12:00 PM - 00:00 AM,12:00 PM - 00:00 AM,12:00 PM - 00:00 AM,12:00 PM - 00:00 AM,12:00 PM - 16:00 PM,Closed
Hospice Care (Charter Healthcare Group),Mental Health,"970 South Village Oaks Drive, Covina",Los Angeles,CA,91724,34.0717589,-117.862599,626-331-8001,Open,,"end-of-life care, bereavement, hospice",11:00 AM - 20:00 PM,11:00 AM - 20:00 PM,11:00 AM - 20:00 PM,11:00 AM - 20:00 PM,11:00 AM - 20:00 PM,Closed,Closed
Partial Hospitalization Program (PHP) (Aurora Charter Oak Behavioral Health Care),Mental Health,"1161 East Covina Boulevard, Covina",Los Angeles,CA,91724,34.1009866,-117.8661473,877-674-7781,Open,,"addiction & recovery, outpatient treatment, substance abuse counseling, mental health care, anger management, spiritual support, support groups, more education, meals, transportation for healthcare",0:00 AM - 11:59 PM,0:00 AM - 11:59 PM,0:00 AM - 11:59 PM,0:00 AM - 11:59 PM,0:00 AM - 11:59 PM,0:00 AM - 11:59 PM,0:00 AM - 11:59 PM
Counseling Services (Stigma Free Therapy Network),Mental Health,"157 North Glendora Avenue, Glendora",Los Angeles,CA,91741,34.1375717,-117.8656726,626-335-6425,Open,,"mental health care, counseling, group therapy, family counseling, individual counseling, case management",12:00 PM - 20:00 PM,12:00 PM - 22:00 PM,12:00 PM - 22:00 PM,12:00 PM - 22:00 PM,12:00 PM - 22:00 PM,13:00 PM - 17:00 PM,Closed
Guide Dogs - California (Guide Dogs of America),Mental Health,13445 Glenoaks Boulevard,Los Angeles,CA,91342,34.3164949,-118.4620322,818-362-5834,Open,support & service animals,,11:00 AM - 19:30 PM,11:00 AM - 19:30 PM,11:00 AM - 19:30 PM,11:00 AM - 19:30 PM,11:00 AM - 19:30 PM,Closed,Closed
Accessibility Resource Centers for Students (Mt. San Antonio College),Mental Health,"1100 North Grand Avenue, Walnut",Los Angeles,CA,91789,34.0482035,-117.845125,909-274-4290,Open,"counseling, more education",,11:00 AM - 19:30 PM,11:00 AM - 19:30 PM,11:00 AM - 19:30 PM,11:00 AM - 19:30 PM,11:00 AM - 19:30 PM,Closed,Closed
Share and Support Group (Mental Health Strong),Mental Health,,Los Angeles,CA,,,,,Open,"addiction & recovery, mental health care, peer support",,Closed,20:30 PM - 22:00 PM,Closed,Closed,Closed,Closed,Closed
Mental Health Services (Los Angeles County Department of Mental Health- West Valley Mental Health Center),Mental Health,20151 Nordhoff Street,Los Angeles,CA,91311,34.2325078,-118.5729073,,Open,,"outpatient treatment, mental health evaluation, mental health care, counseling, medications for mental health, one-on-one support, support groups",11:00 AM - 20:00 PM,11:00 AM - 20:00 PM,11:00 AM - 20:00 PM,11:00 AM - 20:00 PM,11:00 AM - 20:00 PM,Closed,Closed
Counseling Services (California Family Counseling),Mental Health,19900 Plummer Street,Los Angeles,CA,91311,34.2419401,-118.5676698,818-386-56006509,Open,,"outpatient treatment, counseling, mental health care, group therapy, family counseling, individual counseling",11:00 AM - 20:00 PM,11:00 AM - 20:00 PM,11:00 AM - 20:00 PM,11:00 AM - 20:00 PM,11:00 AM - 20:00 PM,Closed,Closed
Information for the LGBTQ Community (Haven Hills),Mental Health,,Los Angeles,CA,,,,818-887-7481,Open,,"counseling, group therapy, navigating the system, one-on-one support",11:00 AM - 20:00 PM,11:00 AM - 20:00 PM,11:00 AM - 20:00 PM,11:00 AM - 20:00 PM,11:00 AM - 20:00 PM,Closed,Closed
Residential Treatment Program (Women's Odyssey Organization),Mental Health,,Los Angeles,CA,,,,818-998-8972,Open,,"addiction & recovery, 12-step, residential treatment, substance abuse counseling",11:00 AM - 20:00 PM,11:00 AM - 20:00 PM,11:00 AM - 20:00 PM,11:00 AM - 20:00 PM,11:00 AM - 20:00 PM,Closed,Closed
In-Person Support Groups (Sexual Compulsives Anonymous),Mental Health,,Los Angeles,CA,,,,,Open,"addiction & recovery, counseling",,8:00 AM - 17:00 PM,8:00 AM - 17:00 PM,8:00 AM - 17:00 PM,8:00 AM - 17:00 PM,8:00 AM - 17:00 PM,Closed,Closed
"1st Way Life Center Hotline (National Life Center, Inc.)",Mental Health,,Los Angeles,CA,,,,800-848-5683,Open,"counseling, navigating the system, help hotlines, help pay for healthcare, baby supplies, baby clothes, pregnancy tests, adoption counseling",,0:00 AM - 11:59 PM,0:00 AM - 11:59 PM,0:00 AM - 11:59 PM,0:00 AM - 11:59 PM,0:00 AM - 11:59 PM,0:00 AM - 11:59 PM,0:00 AM - 11:59 PM
Emotional Support (AirCraft Casualty Emotional Support Services (ACCESS)),Mental Health,,Los Angeles,CA,,,,,Open,"support network, counseling, peer support",,11:00 AM - 20:00 PM,11:00 AM - 20:00 PM,11:00 AM - 20:00 PM,11:00 AM - 20:00 PM,11:00 AM - 20:00 PM,Closed,Closed
Full Service Partnership (FSP) (Pacific Clinics),Mental Health,,Los Angeles,CA,,,,408-379-3796,Open,,"daily life skills, mental health care, outpatient treatment, navigating the system, support network",11:00 AM - 20:00 PM,11:00 AM - 20:00 PM,11:00 AM - 20:00 PM,11:00 AM - 20:00 PM,11:00 AM - 20:00 PM,Closed,Closed
Family Urgent Response System (FURS) (Seneca Family of Agencies),Mental Health,,Los Angeles,CA,,,,833-939-3877,Open,"counseling, support network, virtual support, mental health care",,0:00 AM - 11:59 PM,0:00 AM - 11:59 PM,0:00 AM - 11:59 PM,0:00 AM - 11:59 PM,0:00 AM - 11:59 PM,0:00 AM - 11:59 PM,0:00 AM - 11:59 PM
"Virtual Sacred Circles (E-Motion, Inc.)",Mental Health,,Los Angeles,CA,,,,,Open,"bereavement, virtual support",,Closed,Closed,09:00 AM - 09:15 AM,Closed,Closed,Closed,Closed
Counseling (CURE Childhood Cancer),Mental Health,,Los Angeles,CA,,,,,Open,,"bereavement, counseling, mental health care, family counseling, individual counseling, virtual support",8:00 AM - 17:00 PM,8:00 AM - 17:00 PM,8:00 AM - 17:00 PM,8:00 AM - 17:00 PM,8:00 AM - 17:00 PM,Closed,Closed
The National Infant-Toddler Court Program (ZERO TO THREE),Mental Health,,Los Angeles,CA,,,,800-899-4301,Open,"checkup & test, mental health care, community support services, navigating the system, support network, parenting education, early childhood intervention",,8:00 AM - 17:00 PM,8:00 AM - 17:00 PM,8:00 AM - 17:00 PM,8:00 AM - 17:00 PM,8:00 AM - 17:00 PM,Closed,Closed
Anger Management (SHARE!),Mental Health,425 South Broadway,Los Angeles,CA,90013,34.0490842,-118.2503189,310305-8878,Open,anger management,,15:30 PM - 00:30 AM,15:30 PM - 00:30 AM,15:30 PM - 00:30 AM,15:30 PM - 00:30 AM,15:30 PM - 00:30 AM,12:00 PM - 20:30 PM,15:30 PM - 00:30 AM
Community Center (Salvation Army Southern California - Los Angeles Central Corps),Mental Health,1532 West 11th Street,Los Angeles,CA,90015,34.0471649,-118.2745429,213-896-9178,Open,"help pay for utilities, food pantry, meals, counseling, family counseling, after school care, day camp, recreation, navigating the system, spiritual support",,11:00 AM - 20:00 PM,11:00 AM - 20:00 PM,11:00 AM - 20:00 PM,11:00 AM - 20:00 PM,11:00 AM - 20:00 PM,Closed,Closed
Integrated Mobile Health Team Program (St. Joseph Center),Mental Health,333 South Central Avenue,Los Angeles,CA,90013,34.0451086,-118.2398478,310-396-6468,Open,"help find housing, substance abuse counseling, primary care, mental health care, support network, one-on-one support",,11:00 AM - 20:00 PM,11:00 AM - 20:00 PM,11:00 AM - 20:00 PM,11:00 AM - 20:00 PM,11:00 AM - 20:00 PM,Closed,Closed
In-Person and Remote Counseling (The Center for Japanese Mental Health (CJMH)),Mental Health,316 East 2nd Street,Los Angeles,CA,90012,34.0487532,-118.2414468,626-788-7027,Open,,"mental health care, counseling, group therapy, family counseling, individual counseling",13:00 PM - 21:00 PM,13:00 PM - 21:00 PM,13:00 PM - 21:00 PM,13:00 PM - 21:00 PM,13:00 PM - 21:00 PM,13:00 PM - 21:00 PM,Closed
HomeLight Family Living Mental Health - Domestic Violence/Anger Management (The Midnight Mission),Mental Health,601 San Pedro St,Los Angeles,CA,90014,34.0422216,-118.2457168,213-624-92582100,Open,"primary care, physical therapy, anger management, substance abuse counseling, one-on-one support",,11:00 AM - 20:00 PM,11:00 AM - 20:00 PM,11:00 AM - 20:00 PM,11:00 AM - 20:00 PM,11:00 AM - 20:00 PM,Closed,Closed
The Midnight Mission Alcohol and Drug /Substance Abuse Program (The Midnight Mission),Mental Health,601 S San Pedro St,Los Angeles,CA,90014,34.0422216,-118.2457168,,Open,"help find housing, addiction & recovery, substance abuse counseling, counseling, individual counseling, case management, health education",,11:00 AM - 20:00 PM,11:00 AM - 20:00 PM,11:00 AM - 20:00 PM,11:00 AM - 20:00 PM,11:00 AM - 20:00 PM,Closed,Closed
Peer Counseling (Communities Actively Living Independent & Free (CALIF)),Mental Health,634 South Spring Street,Los Angeles,CA,90014,34.0449023,-118.251336,213-627-0477202,Open,"counseling, support network, peer support, recreation, one-on-one support",,12:00 PM - 20:00 PM,12:00 PM - 20:00 PM,12:00 PM - 20:00 PM,12:00 PM - 20:00 PM,12:00 PM - 20:00 PM,Closed,Closed
Outside the Wire (U.S. VETS - United States Veterans Initiative),Mental Health,1816 South Figueroa Street,Los Angeles,CA,90014,34.0352776,-118.2710078,213-542-2600,Open,"counseling, navigating the system",,12:00 PM - 19:30 PM,12:00 PM - 19:30 PM,12:00 PM - 19:30 PM,12:00 PM - 19:30 PM,12:00 PM - 19:30 PM,Closed,Closed
ADVANCE Women's Program (U.S. VETS - United States Veterans Initiative),Mental Health,"2001 River Avenue, Long Beach",Los Angeles,CA,90810,33.7923029,-118.2224634,562-544-6465,Open,"long-term housing, substance abuse counseling, counseling, navigating the system, support network, support groups, help find work",,0:00 AM - 11:59 PM,0:00 AM - 11:59 PM,0:00 AM - 11:59 PM,0:00 AM - 11:59 PM,0:00 AM - 11:59 PM,0:00 AM - 11:59 PM,0:00 AM - 11:59 PM
Family Reconnection (Jovenes),Mental Health,1208 Pleasant Avenue,Los Angeles,CA,90033,34.0526017,-118.2229431,,Open,family counseling,,12:00 PM - 20:00 PM,12:00 PM - 20:00 PM,12:00 PM - 20:00 PM,12:00 PM - 20:00 PM,12:00 PM - 20:00 PM,Closed,Closed
Connection Support Group (NAMI of Antelope Valley),Mental Health,"44349 Lowtree Avenue, Lancaster",Los Angeles,CA,93534,34.6891237,-118.1544544,661341-8041,Open,"health education, understand mental health, mental health care, support network, support groups",,12:00 PM - 20:00 PM,12:00 PM - 20:00 PM,12:00 PM - 20:00 PM,12:00 PM - 20:00 PM,Closed,Closed,Closed
Peer Counseling (Peer Collective),Mental Health,,Los Angeles,CA,,,,,Open,,"mental health care, peer support",0:00 AM - 11:59 PM,0:00 AM - 11:59 PM,0:00 AM - 11:59 PM,0:00 AM - 11:59 PM,0:00 AM - 11:59 PM,0:00 AM - 11:59 PM,0:00 AM - 11:59 PM
Communities and Support Groups for Widows (Modern Widows Club),Mental Health,,Los Angeles,CA,,,,,Open,"bereavement, health education, understand mental health, womens health, community support services, support network, mentoring, one-on-one support, peer support, support groups, virtual support",,12:00 PM - 20:00 PM,12:00 PM - 20:00 PM,12:00 PM - 20:00 PM,12:00 PM - 20:00 PM,12:00 PM - 18:00 PM,Closed,Closed
Life Coaching (Peace Within Coaching),Mental Health,,Los Angeles,CA,,,,,Open,,"daily life skills, counseling, group therapy, individual counseling, support network, virtual support",19:00 PM - 23:00 PM,09:00 AM - 12:00 PM,Closed,19:00 PM - 23:00 PM,Closed,09:15 AM - 14:30 PM,Closed
Training (Mental Health First Aid),Mental Health,,Los Angeles,CA,,,,,Open,,"mental health care, understand mental health, health education, skills & training, specialized training",11:00 AM - 20:00 PM,11:00 AM - 20:00 PM,11:00 AM - 20:00 PM,11:00 AM - 20:00 PM,11:00 AM - 20:00 PM,Closed,Closed
Individual Coaching (Suicide Is Different),Mental Health,,Los Angeles,CA,,,,,Open,,"health education, understand mental health, one-on-one support",11:00 AM - 23:00 PM,11:00 AM - 23:00 PM,11:00 AM - 23:00 PM,11:00 AM - 23:00 PM,11:00 AM - 23:00 PM,Closed,Closed
Grief Group online via Zoom (Siloam Wellness),Mental Health,,Los Angeles,CA,,,,215-765-6633,Open,"group therapy, virtual support",,Closed,Closed,15:30 PM - 16:30 PM,Closed,Closed,Closed,Closed
ROGER Wellness Services (Stop Soldier Suicide),Mental Health,,Los Angeles,CA,,,,844-830-6027,Open,"mental health care, counseling, one-on-one support, virtual support",,0:00 AM - 11:59 PM,0:00 AM - 11:59 PM,0:00 AM - 11:59 PM,0:00 AM - 11:59 PM,0:00 AM - 11:59 PM,0:00 AM - 11:59 PM,0:00 AM - 11:59 PM
Crisis Services (Pathways To Safety International),Mental Health,,Los Angeles,CA,,,,,Open,"help escape violence, counseling, animal welfare, navigating the system, case management, advocacy & legal aid, immediate safety, counseling, animal welfare, one-on-one support, advocacy & legal aid, translation & interpretation",,12:00 PM - 20:00 PM,12:00 PM - 20:00 PM,12:00 PM - 20:00 PM,12:00 PM - 20:00 PM,12:00 PM - 20:00 PM,Closed,Closed
Post-traumatic Growth Program (Operation Red Wings Foundation),Mental Health,,Los Angeles,CA,,,,,Open,"specialized therapy, mental health care, support network",,8:00 AM - 17:00 PM,8:00 AM - 17:00 PM,8:00 AM - 17:00 PM,8:00 AM - 17:00 PM,8:00 AM - 17:00 PM,Closed,Closed
"Outpatient Mental Health Services (San Fernando Valley Community Mental Health Center, Inc.)",Mental Health,16360 Roscoe Boulevard,Los Angeles,CA,91406,34.2208807,-118.4890488,818-901-4854,Open,,"outpatient treatment, counseling, mental health care, group therapy, medications for mental health, case management",11:30 AM - 20:00 PM,11:30 AM - 20:00 PM,11:30 AM - 20:00 PM,11:30 AM - 20:00 PM,11:30 AM - 20:00 PM,Closed,Closed
"Client Run Center (San Fernando Valley Community Mental Health Center, Inc.)",Mental Health,16360 Roscoe Boulevard,Los Angeles,CA,91406,34.2208807,-118.4890488,818-989-7475,Open,"mental health care, recreation, peer support",,Closed,12:00 PM - 20:30 PM,12:00 PM - 22:00 PM,12:00 PM - 22:00 PM,12:00 PM - 22:00 PM,12:00 PM - 20:30 PM,Closed
"Caring for Kids Child Abuse Treatment (CHAT) (San Fernando Valley Community Mental Health Center, Inc.)",Mental Health,16360 Roscoe Boulevard,Los Angeles,CA,91406,34.2208807,-118.4890488,818-778-5406,Open,"mental health care, counseling, group therapy, individual counseling, navigating the system, help fill out forms, case management, advocacy & legal aid",,11:00 AM - 20:00 PM,11:00 AM - 20:00 PM,11:00 AM - 20:00 PM,11:00 AM - 20:00 PM,11:00 AM - 20:00 PM,Closed,Closed
Health Equity (United Cambodian Community (UCC)),Mental Health,,Los Angeles,CA,,,,562-433-2490,Open,"health education, understand mental health, help find healthcare, navigating the system, one-on-one support",,12:00 PM - 21:00 PM,12:00 PM - 21:00 PM,12:00 PM - 21:00 PM,12:00 PM - 21:00 PM,12:00 PM - 21:00 PM,Closed,Closed
"Transitional Age Youth Outpatient (San Fernando Valley Community Mental Health Center, Inc.)",Mental Health,16360 Roscoe Boulevard,Los Angeles,CA,91406,34.22065,-118.490803,818-901-4930,Open,"specialized therapy, mental health care, counseling, individual counseling, outpatient treatment, navigating the system, case management, one-on-one support",,11:00 AM - 20:00 PM,11:00 AM - 20:00 PM,11:00 AM - 20:00 PM,11:00 AM - 20:00 PM,11:00 AM - 20:00 PM,Closed,Closed
Mothers Home and Next Step Program (New Life Beginnings),Mental Health,"835 East 6th Street, Long Beach",Los Angeles,CA,90802,33.774277,-118.1814321,562-590-1538,Open,,"nutrition education, residential housing, long-term housing, health education, parenting education, counseling, substance abuse counseling, understand government programs, navigating the system, specialized training, job placement, interview training",13:00 PM - 19:00 PM,13:00 PM - 19:00 PM,13:00 PM - 19:00 PM,13:00 PM - 19:00 PM,13:00 PM - 19:00 PM,Closed,Closed
Intimate Partner Violence Services (The LGBTQ Center Long Beach),Mental Health,"2017 East 4th Street, Long Beach",Los Angeles,CA,90814,33.7719543,-118.1671687,562-434-0257,Open,"mental health care, counseling, group therapy, navigating the system, advocacy & legal aid",,13:00 PM - 00:00 AM,13:00 PM - 00:00 AM,13:00 PM - 00:00 AM,13:00 PM - 00:00 AM,13:00 PM - 00:00 AM,13:00 PM - 19:00 PM,Closed
Mental Health & Counseling (The LGBTQ Center Long Beach),Mental Health,"2017 East 4th Street, Long Beach",Los Angeles,CA,90814,33.7719543,-118.1671687,562-434-4455228,Open,,"mental health care, counseling, group therapy, family counseling, individual counseling, after school care, skills & training",13:00 PM - 23:00 PM,13:00 PM - 23:00 PM,13:00 PM - 23:00 PM,13:00 PM - 23:00 PM,13:00 PM - 23:00 PM,13:00 PM - 18:00 PM,Closed
"TTC Youth Services/Lancaster (Tarzana Treatment Centers, Inc. (TTC))",Mental Health,18646 Oxnard St,Los Angeles,CA,91356,34.1794774,-118.5397841,818-996-1051,Open,,"outpatient treatment, counseling, substance abuse counseling",11:00 AM - 20:00 PM,11:00 AM - 20:00 PM,11:00 AM - 20:00 PM,11:00 AM - 20:00 PM,11:00 AM - 20:00 PM,Closed,Closed
"Telehealth Services (Mission City Community Network, Inc (MCCN))",Mental Health,10200 Sepulveda Boulevard,Los Angeles,CA,91345,34.2556436,-118.4669157,818-895-3100,Open,,"mental health care, individual counseling",11:00 AM - 20:00 PM,11:00 AM - 20:00 PM,11:00 AM - 20:00 PM,11:00 AM - 20:00 PM,11:00 AM - 20:00 PM,Closed,Closed
Edelman Westside Mental Health Center (Edelman Westside Mental Health Center),Mental Health,11080 West Olympic Boulevard,Los Angeles,CA,90064,34.0401449,-118.4374396,310-966-6500,Open,,mental health care,11:00 AM - 20:00 PM,11:00 AM - 20:00 PM,11:00 AM - 20:00 PM,11:00 AM - 20:00 PM,11:00 AM - 20:00 PM,Closed,Closed
City College (Los Angeles City College),Mental Health,855 N Vermont Ave,Los Angeles,CA,90029,34.0892137,-118.2926686,323-953-4000,Not specified,"counseling, skills & training",,11:00 AM - 20:00 PM,11:00 AM - 20:00 PM,11:00 AM - 20:00 PM,11:00 AM - 20:00 PM,11:00 AM - 20:00 PM,Closed,Closed
"FamilySource Center (FSC) (Children's Collective, Inc. (TCCI))",Mental Health,915 West Manchester Avenue,Los Angeles,CA,90008,33.960265,-118.2903464,310-733-4388,Open,,"daily life skills, exercise & fitness, family counseling, computer or internet access, english as a second language (esl), financial education, skills & training",11:30 AM - 23:00 PM,11:30 AM - 23:00 PM,11:30 AM - 23:00 PM,11:30 AM - 23:00 PM,11:30 AM - 23:00 PM,Closed,Closed
Hillsides Education Center (Hillsides),Mental Health,,Los Angeles,CA,,,,323-254-2274,Open,"speech therapy, group therapy, family counseling, individual counseling, special education",,11:00 AM - 20:00 PM,11:00 AM - 20:00 PM,11:00 AM - 20:00 PM,11:00 AM - 20:00 PM,11:00 AM - 20:00 PM,Closed,Closed
Out-Patient Program (Prevencion y Rescate),Mental Health,1100 West Manchester Avenue,Los Angeles,CA,90044,33.9596494,-118.2942105,323-496-0740,Open,"addiction & recovery, 12-step, family counseling, individual counseling",,11:00 AM - 20:00 PM,11:00 AM - 20:00 PM,11:00 AM - 20:00 PM,11:00 AM - 20:00 PM,11:00 AM - 20:00 PM,Closed,Closed
The Haven - Victory Place (Salvation Army - California South),Mental Health,10921 Wilshire Boulevard,Los Angeles,CA,90024,34.059105,-118.4447646,310-478-37114435,Open,"addiction & recovery, residential treatment, substance abuse counseling, help find work",,11:00 AM - 20:00 PM,11:00 AM - 20:00 PM,11:00 AM - 20:00 PM,11:00 AM - 20:00 PM,11:00 AM - 20:00 PM,Closed,Closed
Community Integration Programs - Housing Stability (Salvation Army - California South),Mental Health,10921 Wilshire Boulevard,Los Angeles,CA,90024,34.0586917,-118.4452778,562-264-3600,Open,"emergency payments, help find housing, housing advice, counseling, financial assistance, government benefits, understand government programs, navigating the system, case management, advocacy & legal aid",,11:00 AM - 20:00 PM,11:00 AM - 20:00 PM,11:00 AM - 20:00 PM,11:00 AM - 20:00 PM,11:00 AM - 20:00 PM,Closed,Closed
Affordable Counseling Services (Miracle Mile Community Practice),Mental Health,7461 Beverly Boulevard,Los Angeles,CA,90036,34.0763734,-118.3525903,323-939-6355,Open,,"counseling, specialized therapy, group therapy, family counseling, individual counseling",11:00 AM - 20:00 PM,11:00 AM - 20:00 PM,11:00 AM - 20:00 PM,11:00 AM - 20:00 PM,11:00 AM - 20:00 PM,Closed,Closed
Grief Support Groups (Our House Grief Support Center - West Los Angeles),Mental Health,1663 Sawtelle Boulevard,Los Angeles,CA,90025,34.0452872,-118.4478435,310-473-1511,Open,,"support groups, bereavement",12:00 PM - 20:00 PM,12:00 PM - 20:00 PM,12:00 PM - 20:00 PM,12:00 PM - 20:00 PM,12:00 PM - 20:00 PM,Closed,Closed
Transgender Outreach (Minority AIDS Project (MAP)),Mental Health,5149 West Jefferson Boulevard,Los Angeles,CA,90016,34.0258289,-118.3567453,323-936-4949,Open,"health education, daily life skills, counseling, navigating the system, case management, skills & training",,11:30 AM - 20:00 PM,11:30 AM - 20:00 PM,11:30 AM - 20:00 PM,11:30 AM - 20:00 PM,11:30 AM - 20:00 PM,Closed,Closed
USC Norris Comprehensive Cancer Center and Hospital (USC Norris Comprehensive Cancer Center),Mental Health,1441 Eastlake Avenue,Los Angeles,CA,90033,34.0615104,-118.2053422,323-865-3000,Open,,"outpatient treatment, medical care, prevent & treat, hospital treatment",0:00 AM - 11:59 PM,0:00 AM - 11:59 PM,0:00 AM - 11:59 PM,0:00 AM - 11:59 PM,0:00 AM - 11:59 PM,0:00 AM - 11:59 PM,0:00 AM - 11:59 PM
Community Services (Listen Dream and Think Inc.),Mental Health,,Los Angeles,CA,,,,310-902-1354,Not specified,,"counseling, skills & training, resume development",11:00 AM - 20:00 PM,11:00 AM - 20:00 PM,11:00 AM - 20:00 PM,11:00 AM - 20:00 PM,11:00 AM - 20:00 PM,Closed,Closed
Mental Health Services (Sunrise Psychological Services),Mental Health,5800 South Eastern Avenue,Los Angeles,CA,90040,33.9854396,-118.1615279,714-623-9171,Open,,"counseling, mental health care, family counseling, individual counseling, navigating the system, support network, support groups",11:00 AM - 23:00 PM,11:00 AM - 23:00 PM,11:00 AM - 23:00 PM,11:00 AM - 23:00 PM,11:00 AM - 23:00 PM,12:00 PM - 21:00 PM,12:00 PM - 19:00 PM
Child Abuse and Neglect (El Centro Del Pueblo),Mental Health,1157 Lemoyne St,Los Angeles,CA,90026,34.0773571,-118.2598633,213-483-6335,Open,,"counseling, navigating the system, one-on-one support",11:00 AM - 20:00 PM,11:00 AM - 20:00 PM,11:00 AM - 20:00 PM,11:00 AM - 20:00 PM,11:00 AM - 20:00 PM,Closed,Closed
Mental Health Program (El Centro Del Pueblo),Mental Health,1157 Lemoyne Street,Los Angeles,CA,90026,34.0773829,-118.2599257,213-483-6335,Open,,"outpatient treatment, mental health care, medications for mental health, mental health evaluation, navigating the system, one-on-one support",17:00 PM - 23:00 PM,17:00 PM - 23:00 PM,17:00 PM - 23:00 PM,17:00 PM - 23:00 PM,17:00 PM - 23:00 PM,Closed,Closed
Behavioral Health Services (Arroyo Vista Family Health Center),Mental Health,2411 North Broadway,Los Angeles,CA,90031,34.0739767,-118.2164321,323-987-2000,Open,,"substance abuse counseling, mental health care, individual counseling, mental health evaluation, navigating the system, case management, transportation for healthcare",11:00 AM - 20:00 PM,11:00 AM - 20:00 PM,11:00 AM - 20:00 PM,11:00 AM - 20:00 PM,11:00 AM - 20:00 PM,Closed,Closed
Pediatric Services (Arroyo Vista Family Health Center),Mental Health,2411 North Broadway,Los Angeles,CA,90031,34.0739767,-118.2164321,323-254-5221,Open,,"health education, family planning, medical care, checkup & test, disability screening, disease screening, pregnancy tests, mental health care, financial assistance, screening & exams, transportation",11:00 AM - 21:00 PM,11:00 AM - 21:00 PM,11:00 AM - 21:00 PM,11:00 AM - 21:00 PM,11:00 AM - 21:00 PM,11:00 AM - 20:00 PM,Closed
Nimo (St. Joseph Center),Mental Health,8525 South Broadway,Los Angeles,CA,90003,33.960938,-118.2788092,310-396-6468,Open,,"psychiatric emergency services, substance abuse counseling, medical care, mental health care, navigating the system, spiritual support",11:00 AM - 19:30 PM,11:00 AM - 19:30 PM,11:00 AM - 19:30 PM,11:00 AM - 19:30 PM,11:00 AM - 19:30 PM,Closed,Closed
Family Caregiver Support Program (St. Barnabas Senior Services (SBSS)),Mental Health,675 South Carondelet Street,Los Angeles,CA,90057,34.0592783,-118.2814857,213-355-8537,Open,"maintenance & repairs, medical supplies, mental health care, counseling, community support services, navigating the system, case management, support groups, more education",,11:00 AM - 19:00 PM,11:00 AM - 19:00 PM,11:00 AM - 19:00 PM,11:00 AM - 19:00 PM,11:00 AM - 19:00 PM,Closed,Closed
Family Resource Centers (Hillsides),Mental Health,1910 Sunset Blvd,Los Angeles,CA,90026,34.0776881,-118.2612815,323-274-3075,Open,,"health education, counseling, mental health care, group therapy, family counseling, individual counseling, navigating the system, support network, one-on-one support",11:00 AM - 20:00 PM,11:00 AM - 20:00 PM,11:00 AM - 20:00 PM,11:00 AM - 20:00 PM,11:00 AM - 20:00 PM,Closed,Closed
Financial Assistance for Military Families (American Red Cross),Temporary Shelter,,Los Angeles,CA,,,,877-272-7337,Open,"emergency payments, emergency food, temporary shelter, burial & funeral help, financial assistance",,0:00 AM - 11:59 PM,0:00 AM - 11:59 PM,0:00 AM - 11:59 PM,0:00 AM - 11:59 PM,0:00 AM - 11:59 PM,0:00 AM - 11:59 PM,0:00 AM - 11:59 PM
Emergency Shelter (Home at Last),Temporary Shelter,"3425 West Manchester Boulevard, Inglewood",Los Angeles,CA,90305,33.9601342,-118.3315953,323-750-7177,Open,"temporary shelter, immediate safety",,09:00 AM - 20:00 PM,09:00 AM - 20:00 PM,09:00 AM - 20:00 PM,09:00 AM - 20:00 PM,09:00 AM - 20:00 PM,Closed,Closed
Seton House (Maryvale),Temporary Shelter,"7600 Graves Avenue, Rosemead",Los Angeles,CA,91770,34.0535577,-118.1037752,626-537-3305,Open,,"safe housing, temporary shelter, daily life skills, counseling, group therapy, individual counseling, navigating the system, support network, one-on-one support, support groups, meals, spiritual support",Closed,Closed,Closed,Closed,Closed,Closed,Closed
"Recuperative Care Center (Martin Luther King, Jr. Outpatient Center)",Temporary Shelter,1721 East 120th Street,Los Angeles,CA,90059,33.9248997,-118.2420456,424-338-2000,Open,,"temporary shelter, addiction & recovery, medical care, skilled nursing, mental health care",0:00 AM - 11:59 PM,0:00 AM - 11:59 PM,0:00 AM - 11:59 PM,0:00 AM - 11:59 PM,0:00 AM - 11:59 PM,0:00 AM - 11:59 PM,0:00 AM - 11:59 PM
Long-Term Shelter (Pacific Lifeline),Temporary Shelter,,Los Angeles,CA,,,,909-931-2624,Open,"temporary shelter, food pantry, baby supplies, clothes for school, clothes for work, toys & gifts, personal hygiene, family counseling, individual counseling, recreation, navigating the system, case management, spiritual support, tutoring",,Closed,Closed,Closed,Closed,Closed,Closed,Closed
Domestic Violence Emergency Shelter (Angel Step Inn),Temporary Shelter,"9047 Washington Blvd, Pico Rivera",Los Angeles,CA,90660,,,323-780-4357,Open,"temporary shelter, help escape violence, help hotlines, parenting education, safety education, individual counseling, case management, support network, support groups",,0:00 AM - 11:59 PM,0:00 AM - 11:59 PM,0:00 AM - 11:59 PM,0:00 AM - 11:59 PM,0:00 AM - 11:59 PM,0:00 AM - 11:59 PM,0:00 AM - 11:59 PM
Congregational Network Shelter Program (Family Promise Of San Gabriel Valley),Temporary Shelter,"1005 E. Las Tunas Blvd #525, San Gabriel",Los Angeles,CA,91776,,,626-569-0991,Open,"temporary shelter, help pay for gas, help find housing, personal care items, help find work, computer class, interview training",,11:00 AM - 19:00 PM,11:00 AM - 19:00 PM,11:00 AM - 19:00 PM,11:00 AM - 19:00 PM,11:00 AM - 19:00 PM,Closed,Closed
West Coast Maternity Home Association (The Right To Life League Of Southern California),Temporary Shelter,"1028 N Lake Ave #207, Pasadena",Los Angeles,CA,91104,34.1637927,-118.1317719,626-398-6100,Open,"temporary shelter, maternity care",,Closed,Closed,Closed,Closed,Closed,Closed,Closed
Transitional Housing - The CARE Cottages at Puerta Nueva (Family Service Agency of Burbank),Temporary Shelter,,Los Angeles,CA,,,,818-845-7671,Open,"temporary shelter, immediate safety, physical safety, case management",,0:00 AM - 11:59 PM,0:00 AM - 11:59 PM,0:00 AM - 11:59 PM,0:00 AM - 11:59 PM,0:00 AM - 11:59 PM,0:00 AM - 11:59 PM,0:00 AM - 11:59 PM
Alegria (Salvation Army - California South),Temporary Shelter,2737 Sunset Blvd,Los Angeles,CA,90026,,,323-454-4200,Open,"temporary shelter, residential housing, meals, help find housing, after school care, navigating the system, case management",,11:00 AM - 20:00 PM,11:00 AM - 20:00 PM,11:00 AM - 20:00 PM,11:00 AM - 20:00 PM,11:00 AM - 20:00 PM,Closed,Closed
Transitional Living Center (TLC) (Century Villages at Cabrillo (CVC)),Temporary Shelter,"2001 River Ave, Long Beach",Los Angeles,CA,90810,33.7922259,-118.2222953,562-388-8000,Open,,"temporary shelter, short-term housing, help find housing, help find work",11:30 AM - 20:30 PM,11:30 AM - 20:30 PM,11:30 AM - 20:30 PM,11:30 AM - 20:30 PM,11:30 AM - 20:30 PM,Closed,Closed
The Midnight Mssion Courtyard Outreach (The Midnight Mission),Temporary Shelter,601 San Pedro Street,Los Angeles,CA,90014,34.0424409,-118.2453552,213-624-9258,Open,"temporary shelter, personal hygiene, community support services",,0:00 AM - 11:59 PM,0:00 AM - 11:59 PM,0:00 AM - 11:59 PM,0:00 AM - 11:59 PM,0:00 AM - 11:59 PM,0:00 AM - 11:59 PM,0:00 AM - 11:59 PM
Recuperative Care (JWCH Institute Inc.),Temporary Shelter,1670 East 120th Street,Los Angeles,CA,90059,33.9232321,-118.2437635,866-733-5924,Open,,"temporary shelter, medical care, residential treatment, meals, help find housing, transportation for healthcare, personal hygiene, navigating the system, case management",Closed,Closed,Closed,Closed,Closed,Closed,Closed
"Shelters for Victims of Domestic Violence, Abuse and Human Trafficking (1736 Family Crisis Center)",Temporary Shelter,"21707 Hawthorne Boulevard, Torrance",Los Angeles,CA,90503,33.8305456,-118.3529484,310-543-9900,Open,"temporary shelter, help escape violence, safe housing, case management, meals, home goods, personal care items, personal hygiene, group therapy, skills & training",,Closed,Closed,Closed,Closed,Closed,Closed,Closed
Hacienda of Hope Program (Project Return Peer Support Network (PRPSN)),Temporary Shelter,"2241 W Williams St, Long Beach",Los Angeles,CA,90810,,,562-388-8183,Open,"temporary shelter, recreation, safe housing, peer support, support groups, understand mental health, one-on-one support",,13:00 AM - 21:00 PM,13:00 AM - 21:00 PM,13:00 AM - 21:00 PM,13:00 AM - 21:00 PM,13:00 AM - 21:00 PM,Closed,Closed
The Way In (Salvation Army - California South),Temporary Shelter,5939 Hollywood Boulevard,Los Angeles,CA,90028,34.101975,-118.3191061,323-469-2946,Open,"temporary shelter, meals, residential housing, daily life skills, medical care, counseling, navigating the system, support network, one-on-one support, skills assessment, job placement, advocacy & legal aid",,11:00 AM - 19:30 PM,11:00 AM - 19:30 PM,11:00 AM - 19:30 PM,11:00 AM - 19:30 PM,11:00 AM - 19:30 PM,Closed,Closed
"Angel's Flight for Runaway and Homeless Youth (Catholic Charities of Los Angeles, Inc.)",Temporary Shelter,1531 James M Wood Boulevard,Los Angeles,CA,90015,34.050688,-118.272225,213-251-3400,Open,"temporary shelter, meals, clothing, substance abuse counseling, medical care, counseling, mental health care, community support services, recreation, case management, more education, tutoring, youth development, help find work",,11:30 AM - 20:00 PM,11:30 AM - 20:00 PM,11:30 AM - 20:00 PM,11:30 AM - 20:00 PM,11:30 AM - 20:00 PM,Closed,Closed
"Transform Homelessness Program - McGill Street House (Catholic Charities of Los Angeles, Inc.)",Temporary Shelter,1531 James M Wood Boulevard,Los Angeles,CA,90015,34.050688,-118.272225,213-251-3400,Open,"temporary shelter, short-term housing, case management, nutrition education, help find housing, parenting education, counseling, financial education, navigating the system, one-on-one support, more education, skills & training, daily life skills",,11:30 AM - 20:00 PM,11:30 AM - 20:00 PM,11:30 AM - 20:00 PM,11:30 AM - 20:00 PM,11:30 AM - 20:00 PM,Closed,Closed
Emergency Shelter Services (Los Angeles House of Ruth (LAHR)),Temporary Shelter,,Los Angeles,CA,,,,323-266-4139,Open,"temporary shelter, help escape violence, short-term housing, nutrition education, mental health care, case management, advocacy & legal aid",,Closed,Closed,Closed,Closed,Closed,Closed,Closed
"Good Shepherd Center (Catholic Charities of Los Angeles, Inc.)",Temporary Shelter,1531 James M Wood Boulevard,Los Angeles,CA,90015,34.0506162,-118.2722591,213-251-3400,Open,"temporary shelter, short-term housing, navigating the system, meals, more education, help find work",,11:30 AM - 20:00 PM,11:30 AM - 20:00 PM,11:30 AM - 20:00 PM,11:30 AM - 20:00 PM,11:30 AM - 20:00 PM,Closed,Closed
Languille Emergency Shelter Program (Good Shepherd Center for Homeless Women and Children),Temporary Shelter,1650 Rockwood Street,Los Angeles,CA,90026,34.0650526,-118.2647046,213-318-5773,Open,"temporary shelter, long-term housing, clothing, government benefits, navigating the system, help find work, one-on-one support, skills & training, meals",,Closed,Closed,Closed,Closed,Closed,Closed,Closed
Hawkes Residence (Good Shepherd Center for Homeless Women and Children),Temporary Shelter,1640 Rockwood Street,Los Angeles,CA,90026,34.06507,-118.26444,213-318-5773,Open,"temporary shelter, meals, help find housing, clothing, daily life skills, counseling, financial education, computer or internet access, navigating the system",,Closed,Closed,Closed,Closed,Closed,Closed,Closed
Recuperative Care (Serenity Recuperative Care),Temporary Shelter,1124 North Chicago Street,Los Angeles,CA,90033,34.0566312,-118.2054676,310-400-7707,Open,"temporary shelter, medical care, one-on-one support",,0:00 AM - 11:59 PM,0:00 AM - 11:59 PM,0:00 AM - 11:59 PM,0:00 AM - 11:59 PM,0:00 AM - 11:59 PM,0:00 AM - 11:59 PM,0:00 AM - 11:59 PM
Men’s Shelter & Community Center (The Society of St. Vincent De Paul (SVDP) - Council of Los Angeles),Temporary Shelter,210 North Avenue 21,Los Angeles,CA,90031,34.0772582,-118.2207728,213-229-9971,Open,"temporary shelter, navigating the system, case management, more education, skills & training, daily life skills",,12:30 PM - 21:00 PM,12:30 PM - 21:00 PM,12:30 PM - 21:00 PM,12:30 PM - 21:00 PM,12:30 PM - 21:00 PM,12:30 PM - 21:00 PM,12:00 PM - 20:00 PM
Behavioral Health Services (Homeless Outreach Program Integrated Care System (HOPICS)),Temporary Shelter,5849 Crocker St,Los Angeles,CA,90003,33.9882561,-118.2686678,323-432-4399,Open,"temporary shelter, help find housing, substance abuse counseling, counseling, mental health care",,11:00 AM - 19:30 PM,11:00 AM - 19:30 PM,11:00 AM - 19:30 PM,11:00 AM - 19:30 PM,11:00 AM - 19:30 PM,Closed,Closed
"Housing and Shelter (Jenesse Center, Inc.)",Temporary Shelter,,Los Angeles,CA,,,,800-479-7328,Open,"temporary shelter, safe housing, navigating the system, case management, transportation, daily life skills, counseling, after school care, tutoring, computer class, help find work, advocacy & legal aid",,0:00 AM - 11:59 PM,0:00 AM - 11:59 PM,0:00 AM - 11:59 PM,0:00 AM - 11:59 PM,0:00 AM - 11:59 PM,0:00 AM - 11:59 PM,0:00 AM - 11:59 PM
Permanent Supportive Housing (ThePeopleConcern),Temporary Shelter,2116 Arlington Ave #100,Los Angeles,CA,90018,,,323-334-9000,Not specified,,"temporary shelter, short-term housing, navigating the system",Closed,Closed,Closed,Closed,Closed,Closed,Closed
Emergency Services (Union Rescue Mission (URM)),Temporary Shelter,545 San Pedro Street,Los Angeles,CA,90013,34.0433448,-118.2450788,213-347-6300,Open,"temporary shelter, meals, clothing, medical care, personal hygiene, counseling, case management",,0:00 AM - 11:59 PM,0:00 AM - 11:59 PM,0:00 AM - 11:59 PM,0:00 AM - 11:59 PM,0:00 AM - 11:59 PM,0:00 AM - 11:59 PM,0:00 AM - 11:59 PM
Sheltering the Homeless Ministry (Emmanuel Baptist Rescue Mission),Temporary Shelter,530 E 5th St,Los Angeles,CA,90013,34.0434252,-118.2431372,213-626-4681,Open,"temporary shelter, personal hygiene",,11:30 AM - 12:00 PM,11:30 AM - 12:00 PM,11:30 AM - 12:00 PM,11:30 AM - 12:00 PM,11:30 AM - 12:00 PM,11:30 AM - 12:00 PM,21:30 PM - 22:00 PM
Emergency Shelter Programs (Single Room Occupancy (SRO) Housing Corporation),Temporary Shelter,517 San Julian Street,Los Angeles,CA,90013,34.0439756,-118.2455745,213-229-9640,Open,"temporary shelter, addiction & recovery, 12-step, daily life skills, navigating the system, support network, one-on-one support, support groups, skills & training",,Closed,Closed,Closed,Closed,Closed,Closed,Closed
Homelessness Programs (Whittier's First Day),Temporary Shelter,"12426 Whittier Blvd, Whittier",Los Angeles,CA,90602,,,562-945-4304,Temporarily closed,"temporary shelter, short-term housing, meals, navigating the system, case management, financial education, help find work",,0:00 AM - 11:59 PM,0:00 AM - 11:59 PM,0:00 AM - 11:59 PM,0:00 AM - 11:59 PM,0:00 AM - 11:59 PM,0:00 AM - 11:59 PM,0:00 AM - 11:59 PM
Emergency Shelter Program (Center for the Pacific Asian Family (CPAF)),Temporary Shelter,3660 Wilshire Boulevard #818,Los Angeles,CA,90010,,,800-339-3940,Open,,"temporary shelter, safe housing, food pantry, clothing, personal care items, navigating the system, case management, support network",Closed,Closed,Closed,Closed,Closed,Closed,Closed
JFS Hope - Assistance for Domestic Violence Survivors (Jewish Family Service of Los Angeles (JFSLA)),Temporary Shelter,,Los Angeles,CA,,,,877-275-4537,Open,"temporary shelter, immediate safety, short-term housing, navigating the system, case management, support network, counseling, help hotlines, support groups, virtual support, more education, advocacy & legal aid",,Closed,Closed,Closed,Closed,Closed,Closed,Closed
Adult Center (Union Station Homeless Services),Temporary Shelter,"412 S Raymond Ave, Pasadena",Los Angeles,CA,91104,34.1386027,-118.1483688,626-240-4550,Open,"temporary shelter, sober living",,11:30 AM - 20:00 PM,11:30 AM - 20:00 PM,11:30 AM - 20:00 PM,11:30 AM - 20:00 PM,11:30 AM - 20:00 PM,Closed,Closed
Safe Haven Emergency Shelter (Covenant House California (CHC)),Temporary Shelter,1325 North Western Avenue,Los Angeles,CA,90027,34.0954759,-118.3095278,323-461-3131,Open,"temporary shelter, meals, clothing, personal care items, medical care, personal hygiene, navigating the system, case management, support network",,12:00 AM - 20:00 PM,12:00 AM - 20:00 PM,12:00 AM - 20:00 PM,12:00 AM - 20:00 PM,12:00 AM - 20:00 PM,Closed,Closed
TAY Housing Program (Ella's Foundation),Temporary Shelter,2218 8th Ave,Los Angeles,CA,90018,34.027205,-118.2912443,323-201-2142,Open,"temporary shelter, transportation, residential treatment",,Closed,Closed,Closed,Closed,Closed,Closed,Closed
Women's And Children's Ministry (The Bible Tabernacle),Temporary Shelter,"1761 Washington Way, Venice",Los Angeles,CA,90291,33.9879884,-118.4626862,310-821-6116,Open,"temporary shelter, meals, clothing, case management",,Closed,Closed,Closed,Closed,Closed,Closed,Closed
Emergency Shelter (Upward Bound House),Temporary Shelter,,Los Angeles,CA,,,,310-458-7779,Open,"temporary shelter, short-term housing, meals, help find housing, navigating the system, case management, one-on-one support",,12:00 AM - 20:00 PM,12:00 AM - 20:00 PM,12:00 AM - 20:00 PM,12:00 AM - 20:00 PM,12:00 AM - 20:00 PM,Closed,Closed
Samaritan House (Long Beach Rescue Mission),Temporary Shelter,,Los Angeles,CA,,,,562-591-1292,Open,"temporary shelter, meals, clothing, personal hygiene",,0:00 AM - 11:59 PM,0:00 AM - 11:59 PM,0:00 AM - 11:59 PM,0:00 AM - 11:59 PM,0:00 AM - 11:59 PM,0:00 AM - 11:59 PM,0:00 AM - 11:59 PM
"Programs (San Fernando Valley Community Mental Health Center, Inc.)",Temporary Shelter,16360 Roscoe Boulevard,Los Angeles,CA,91406,34.2206894,-118.4891133,818-901-4830,Open,"temporary shelter, personal hygiene, medication management, counseling, substance abuse counseling, medications for mental health, navigating the system, support network, one-on-one support",,11:0 AM - 20:00 PM,11:00 AM - 20:00 PM,11:00 AM - 20:00 PM,11:00 AM - 20:00 PM,11:00 AM - 20:00 PM,Closed,Closed
Emergency Shelter (Rainbow Services),Temporary Shelter,453 W 7th St,Los Angeles,CA,90731,33.737585,-118.286845,310-548-5450,Open,"temporary shelter, diapers & formula, clothing, medical care, checkup & test, specialized therapy, counseling, individual counseling, childcare, navigating the system, one-on-one support, more education, advocacy & legal aid, meals, animal welfare",,12:00 PM - 20:00 PM,12:00 PM - 20:00 PM,12:00 PM - 20:00 PM,12:00 PM - 20:00 PM,12:00 PM - 20:00 PM,Closed,Closed
45-day Crisis Shelter (Haven Hills),Temporary Shelter,,Los Angeles,CA,,,,818-887-6589,Open,"temporary shelter, meals, clothing, counseling, community support services, support network",,0:00 AM - 11:59 PM,0:00 AM - 11:59 PM,0:00 AM - 11:59 PM,0:00 AM - 11:59 PM,0:00 AM - 11:59 PM,0:00 AM - 11:59 PM,0:00 AM - 11:59 PM
Zahn Memorial Center (Salvation Army - California South),Temporary Shelter,832 James M Wood Boulevard,Los Angeles,CA,90015,34.046547,-118.2642221,213-438-1617,Open,"temporary shelter, immediate safety, meals, help find housing, personal care items, navigating the system, support network, one-on-one support",,11:00 AM - 20:30 PM,11:00 AM - 20:30 PM,11:00 AM - 20:30 PM,11:00 AM - 20:30 PM,11:00 AM - 20:30 PM,Closed,Closed
Coordinated Entry System (LA CES) Access Centers (Los Angeles Homeless Services Authority (LAHSA)),Temporary Shelter,,Los Angeles,CA,,,,800-548-6047,Open,"temporary shelter, help find housing, navigating the system",,0:00 AM - 11:59 PM,0:00 AM - 11:59 PM,0:00 AM - 11:59 PM,0:00 AM - 11:59 PM,0:00 AM - 11:59 PM,0:00 AM - 11:59 PM,0:00 AM - 11:59 PM
Bell Shelter (Salvation Army - California South),Temporary Shelter,"5600 Rickenbacker Road, Bell",Los Angeles,CA,90040,33.9896965,-118.1698097,323-263-1206,Open,"temporary shelter, short-term housing, addiction & recovery, residential treatment, medical care, group therapy, individual counseling, navigating the system, support network, one-on-one support, more education, ged/high-school equivalency, specialized training, help find work",,11:00 AM - 20:00 PM,11:00 AM - 20:00 PM,11:00 AM - 20:00 PM,11:00 AM - 20:00 PM,11:00 AM - 20:00 PM,Closed,Closed
Emergency Youth Shelter (1736 Family Crisis Center),Temporary Shelter,,Los Angeles,CA,,,,323-737-3900,Open,"temporary shelter, immediate safety, meals, home goods, personal care items, individual counseling",,0:00 AM - 11:59 PM,0:00 AM - 11:59 PM,0:00 AM - 11:59 PM,0:00 AM - 11:59 PM,0:00 AM - 11:59 PM,0:00 AM - 11:59 PM,0:00 AM - 11:59 PM
"Elizabeth Ann Seton Residence Program (Catholic Charities of Los Angeles, Inc.)",Temporary Shelter,1531 James M Wood Boulevard,Los Angeles,CA,90015,34.050688,-118.272225,213-251-3400,Open,"temporary shelter, case management, meals, baby supplies, clothing, personal care items, transportation, daily life skills, personal hygiene, financial education, skills & training",,11:30 AM - 20:00 PM,11:30 AM - 20:00 PM,11:30 AM - 20:00 PM,11:30 AM - 20:00 PM,11:30 AM - 20:00 PM,Closed,Closed
Enhance Emergency TAY Shelter (Good Seed CDC),Temporary Shelter,2814 West Martin Luther King Junior Boulevard,Los Angeles,CA,90008,34.0106088,-118.3239544,323-758-5433,Open,"temporary shelter, short-term housing, meals, group therapy, financial assistance, navigating the system, case management, help find school, help find work, job placement",,Closed,Closed,Closed,Closed,Closed,Closed,Closed
The Women's Crisis and Bridge Housing Center (The Midnight Mission),Temporary Shelter,601 San Pedro Street,Los Angeles,CA,90014,34.0424409,-118.2453552,213-624-9258,Open,"temporary shelter, meals, medical care, mental health care, computer or internet access, navigating the system, support network, one-on-one support, computer class",,0:00 AM - 11:59 PM,0:00 AM - 11:59 PM,0:00 AM - 11:59 PM,0:00 AM - 11:59 PM,0:00 AM - 11:59 PM,0:00 AM - 11:59 PM,0:00 AM - 11:59 PM
"Emergency Services (Los Angeles Mission, Inc)",Temporary Shelter,303 East 5th Street,Los Angeles,CA,90013,34.045086,-118.245083,213-629-1227,Open,"temporary shelter, clothing, medical care, checkup & test, personal hygiene, counseling, more education, meals",,11:00 AM - 19:30 PM,11:00 AM - 19:30 PM,11:00 AM - 19:30 PM,11:00 AM - 19:30 PM,11:00 AM - 19:30 PM,Closed,Closed
Housing & Development Services (A New Way of Life Reentry Project (ANWOL)),Temporary Shelter,,Los Angeles,CA,,,,323-563-3575,Open,,"temporary shelter, help find housing, addiction & recovery, 12-step, daily life skills, understand government programs, help find work, advocacy & legal aid, identification recovery",Closed,Closed,Closed,Closed,Closed,Closed,Closed
Short Term Housing (Jovenes),Temporary Shelter,1208 Pleasant Ave,Los Angeles,CA,90033,,,323-260-8035,Open,"temporary shelter, short-term housing, meals, counseling, case management, help find work",,12:00 PM - 19:00 PM,12:00 PM - 19:00 PM,12:00 PM - 19:00 PM,12:00 PM - 19:00 PM,12:00 PM - 19:00 PM,Closed,Closed
Sojourn Domestic Violence Services (The People Concern),Temporary Shelter,,Los Angeles,CA,,,,310-264-6644,Open,"temporary shelter, safe housing, navigating the system, help hotlines, support groups, advocacy & legal aid, health education, medical care, mental health care, sexual and reproductive health, government benefits, financial education, community support services, daytime care, physical safety, residential care, support network, help find school, help find work",,0:00 AM - 11:59 PM,0:00 AM - 11:59 PM,0:00 AM - 11:59 PM,0:00 AM - 11:59 PM,0:00 AM - 11:59 PM,0:00 AM - 11:59 PM,0:00 AM - 11:59 PM
PATH Family Solutions Center (People Assisting The Homeless (PATH)),Temporary Shelter,3323 West Washington Boulevard,Los Angeles,CA,90018,34.040209,-118.3210666,323-391-3853,Open,"help pay for housing, help pay for gas, help pay for utilities, temporary shelter, help find housing, residential housing, financial assistance, government benefits, help find work, help pay for work expenses, skills & training, supported employment",,12:00 PM - 15:30 PM,12:00 PM - 15:30 PM,12:00 PM - 15:30 PM,12:00 PM - 15:30 PM,12:00 PM - 15:30 PM,Closed,Closed
Emergency Cooling Centers Search (Ready LA County),Temporary Shelter,,Los Angeles,CA,,,,323-980-2260,Open,weather relief,,0:00 AM - 11:59 PM,0:00 AM - 11:59 PM,0:00 AM - 11:59 PM,0:00 AM - 11:59 PM,0:00 AM - 11:59 PM,0:00 AM - 11:59 PM,0:00 AM - 11:59 PM
Domestic Violence Program (YWCA of Glendale),Temporary Shelter,"735 E Lexington Dr, Glendale",Los Angeles,CA,91206,,,818-242-4155,Open,"temporary shelter, immediate safety, substance abuse counseling, help hotlines, advocacy & legal aid, navigating the system",,12:00 PM - 20:00 PM,12:00 PM - 20:00 PM,12:00 PM - 20:00 PM,12:00 PM - 20:00 PM,12:00 PM - 20:00 PM,Closed,Closed
Emergency Shelter Housing (L.A. Global Care),Temporary Shelter,3701 Stocker Street,Los Angeles,CA,90008,34.0071158,-118.3378621,323-815-5400,Open,"temporary shelter, meals, personal care items",,11:00 AM - 20:00 PM,11:00 AM - 20:00 PM,11:00 AM - 20:00 PM,11:00 AM - 20:00 PM,11:00 AM - 20:00 PM,Closed,Closed
Family Center (Union Station Homeless Services),Temporary Shelter,"825 Orange Grove Boulevard, Pasadena",Los Angeles,CA,91103,34.1566871,-118.1531148,626-240-4550,Open,temporary shelter,,11:30 AM - 20:00 PM,11:30 AM - 20:00 PM,11:30 AM - 20:00 PM,11:30 AM - 20:00 PM,11:30 AM - 20:00 PM,Closed,Closed
Emergency Shelter (House of Ruth),Temporary Shelter,"599 N Main St, Pomona",Los Angeles,CA,91768,,,877-988-5559,Open,"temporary shelter, help escape violence, safe housing, emergency food, clothing, personal care items, daily life skills, counseling, help find work, advocacy & legal aid",,12:00 PM - 20:00 PM,12:00 PM - 20:00 PM,12:00 PM - 20:00 PM,12:00 PM - 20:00 PM,12:00 PM - 20:00 PM,Closed,Closed
Our House Family Shelter (Inland Valley Hope Partners),Temporary Shelter,"1753 North Park Avenue, Pomona",Los Angeles,CA,91768,34.0775141,-117.7534389,909-622-3806,Open,"temporary shelter, navigating the system, help find housing, transportation, counseling, help find healthcare, savings program, childcare, help fill out forms, case management, tutoring, skills & training, daily life skills, help find work",,11:00 AM - 21:00 PM,11:00 AM - 21:00 PM,11:00 AM - 21:00 PM,11:00 AM - 21:00 PM,Closed,Closed,Closed
SHARE! Recovery Retreat (SHARE!),Temporary Shelter,,Los Angeles,CA,,,,626-677-3850,Open,"temporary shelter, meals, help find housing, transportation, addiction & recovery, health education, government benefits, community support services, recreation",,0:00 AM - 11:59 PM,0:00 AM - 11:59 PM,0:00 AM - 11:59 PM,0:00 AM - 11:59 PM,0:00 AM - 11:59 PM,0:00 AM - 11:59 PM,0:00 AM - 11:59 PM
The Women's Room (TWR) Program (Friends in Deed),Temporary Shelter,"444 East Washington Boulevard, Pasadena",Los Angeles,CA,91104,34.1687084,-118.1413204,626-797-2402,Open,"temporary shelter, clothing, personal hygiene, daytime care, recreation, meals",,12:00 PM - 19:00 PM,12:00 PM - 19:00 PM,12:00 PM - 19:00 PM,12:00 PM - 19:00 PM,12:00 PM - 18:00 PM,12:00 PM - 18:00 PM,Closed
Shelter Network (Mercy House),Temporary Shelter,,Los Angeles,CA,,,,714-836-7188,Open,"temporary shelter, navigating the system",,0:00 AM - 11:59 PM,0:00 AM - 11:59 PM,0:00 AM - 11:59 PM,0:00 AM - 11:59 PM,0:00 AM - 11:59 PM,0:00 AM - 11:59 PM,0:00 AM - 11:59 PM
Skid Row Development Corp (Skid Row Development Corp),Temporary Shelter,526 E. 6th Street,Los Angeles,CA,90021,,,213-623-7130,Open,"temporary shelter, help find housing, counseling, navigating the system, case management, skills & training, job placement",,11:00 AM - 19:00 PM,11:00 AM - 19:00 PM,11:00 AM - 19:00 PM,11:00 AM - 19:00 PM,11:00 AM - 18:00 PM,Closed,Closed
Emergency Shelter (Bridge to Home),Temporary Shelter,"23031 Drayton Street, Santa Clarita",Los Angeles,CA,91350,34.4120092,-118.5380179,661-254-4663,Open,"temporary shelter, meals, help find housing, personal hygiene, help find healthcare, navigating the system, case management, help find work",,11:00 AM - 19:30 PM,11:00 AM - 19:30 PM,11:00 AM - 19:30 PM,11:00 AM - 19:30 PM,11:00 AM - 19:30 PM,Closed,Closed
Family Shelter (San Fernando Valley Rescue Mission),Temporary Shelter,"8756 Canby Ave, Northridge",Los Angeles,CA,91325,,,818-960-0404,Open,"temporary shelter, help find housing, daily life skills, navigating the system, support network, one-on-one support, computer class",,11:30 AM - 20:00 PM,11:30 AM - 20:00 PM,11:30 AM - 20:00 PM,11:30 AM - 20:00 PM,11:30 AM - 20:00 PM,Closed,Closed
Domestic Violence Emergency Shelter (Child Family Center),Temporary Shelter,"21545 Centre Pointe Parkway, Santa Clarita",Los Angeles,CA,91350,34.4130261,-118.513542,661-259-8175,Open,,"temporary shelter, emergency food, clothing, transportation, parenting education, counseling, family counseling, individual counseling, navigating the system, one-on-one support, advocacy & legal aid",12:00 PM - 22:00 PM,12:00 PM - 22:00 PM,12:00 PM - 22:00 PM,12:00 PM - 22:00 PM,12:00 PM - 22:00 PM,Closed,Closed
Transitional Living Program (Youth Emerging Stronger (YES)),Temporary Shelter,1754 Taft Avenue,Los Angeles,CA,90028,,,323-240-2253,Open,"temporary shelter, short-term housing, case management, daily life skills, mental health care, navigating the system, one-on-one support, more education, tutoring, skills & training",,11:00 AM - 19:00 PM,11:00 AM - 19:00 PM,11:00 AM - 19:00 PM,11:00 AM - 19:00 PM,11:00 AM - 19:00 PM,Closed,Closed
Youth Homelessness (Los Angeles LGBT Center),Temporary Shelter,,Los Angeles,CA,,,,323-860-2280,Open,"temporary shelter, addiction & recovery, disease screening, personal hygiene, counseling, recreation, support groups, more education, computer class, help find work, meals",,Closed,Closed,Closed,Closed,Closed,Closed,Closed
LA Family Housing Services (LA Family Housing),Temporary Shelter,,Los Angeles,CA,,,,,Open,"help pay for housing, temporary shelter, help find housing, housing advice, navigating the system, case management",,0:00 AM - 11:59 PM,0:00 AM - 11:59 PM,0:00 AM - 11:59 PM,0:00 AM - 11:59 PM,0:00 AM - 11:59 PM,0:00 AM - 11:59 PM,0:00 AM - 11:59 PM
"Metanoia Refuge (Metanoia, Inc.)",Temporary Shelter,,Los Angeles,CA,,,,225-654-1005,Open,"temporary shelter, immediate safety, addiction & recovery, dental care, medical care, mental health care, medications for mental health, navigating the system, spiritual support, alternative education, skills & training",,0:00 AM - 11:59 PM,0:00 AM - 11:59 PM,0:00 AM - 11:59 PM,0:00 AM - 11:59 PM,0:00 AM - 11:59 PM,0:00 AM - 11:59 PM,0:00 AM - 11:59 PM
Safe Parking (Safe Parking LA),Temporary Shelter,,Los Angeles,CA,,,,323-210-3375,Open,"temporary shelter, physical safety",,Closed,Closed,Closed,Closed,Closed,Closed,Closed